site,file,dt_start,dt_end
KTLX,s3://unidata-nexrad-level2/2023/04/01/KTLX/KTLX20230401_000402_V06,2023-04-01 00:04:02,2023-04-01 00:09:02
KTLX,s3://unidata-nexrad-level2/2023/04/01/KTLX/KTLX20230401_001057_V06,2023-04-01 00:10:57,2023-04-01 00:15:57
KTLX,s3://unidata-nexrad-level2/2023/04/01/KTLX/KTLX20230401_001759_V06,2023-04-01 00:17:59,2023-04-01 00:22:59
KTLX,s3://unidata-nexrad-level2/2023/04/01/KTLX/KTLX20230401_002456_V06,2023-04-01 00:24:56,2023-04-01 00:29:56
KTLX,s3://unidata-nexrad-level2/2023/04/01/KTLX/KTLX20230401_003146_V06,2023-04-01 00:31:46,2023-04-01 00:36:46
KTLX,s3://unidata-nexrad-level2/2023/04/01/KTLX/KTLX20230401_003841_V06,2023-04-01 00:38:41,2023-04-01 00:43:41
KTLX,s3://unidata-nexrad-level2/2023/04/01/KTLX/KTLX20230401_004522_V06,2023-04-01 00:45:22,2023-04-01 00:50:22
KTLX,s3://unidata-nexrad-level2/2023/04/01/KTLX/KTLX20230401_005217_V06,2023-04-01 00:52:17,2023-04-01 00:57:17
KTLX,s3://unidata-nexrad-level2/2023/04/01/KTLX/KTLX20230401_005907_V06,2023-04-01 00:59:07,2023-04-01 01:04:07
KTLX,s3://unidata-nexrad-level2/2023/04/01/KTLX/KTLX20230401_010602_V06,2023-04-01 01:06:02,2023-04-01 01:11:02
KTLX,s3://unidata-nexrad-level2/2023/04/01/KTLX/KTLX20230401_011243_V06,2023-04-01 01:12:43,2023-04-01 01:17:43
KTLX,s3://unidata-nexrad-level2/2023/04/01/KTLX/KTLX20230401_011933_V06,2023-04-01 01:19:33,2023-04-01 01:24:33
KTLX,s3://unidata-nexrad-level2/2023/04/01/KTLX/KTLX20230401_012628_V06,2023-04-01 01:26:28,2023-04-01 01:31:28
KTLX,s3://unidata-nexrad-level2/2023/04/01/KTLX/KTLX20230401_013329_V06,2023-04-01 01:33:29,2023-04-01 01:38:29
KTLX,s3://unidata-nexrad-level2/2023/04/01/KTLX/KTLX20230401_014025_V06,2023-04-01 01:40:25,2023-04-01 01:45:25
KTLX,s3://unidata-nexrad-level2/2023/04/01/KTLX/KTLX20230401_014727_V06,2023-04-01 01:47:27,2023-04-01 01:52:27
KTLX,s3://unidata-nexrad-level2/2023/04/01/KTLX/KTLX20230401_015429_V06,2023-04-01 01:54:29,2023-04-01 01:59:29
KTLX,s3://unidata-nexrad-level2/2023/04/01/KTLX/KTLX20230401_020115_V06,2023-04-01 02:01:15,2023-04-01 02:06:15
KTLX,s3://unidata-nexrad-level2/2023/04/01/KTLX/KTLX20230401_020815_V06,2023-04-01 02:08:15,2023-04-01 02:13:15
KTLX,s3://unidata-nexrad-level2/2023/04/01/KTLX/KTLX20230401_021505_V06,2023-04-01 02:15:05,2023-04-01 02:20:05
KTLX,s3://unidata-nexrad-level2/2023/04/01/KTLX/KTLX20230401_022207_V06,2023-04-01 02:22:07,2023-04-01 02:27:07
KTLX,s3://unidata-nexrad-level2/2023/04/01/KTLX/KTLX20230401_022909_V06,2023-04-01 02:29:09,2023-04-01 02:34:09
KTLX,s3://unidata-nexrad-level2/2023/04/01/KTLX/KTLX20230401_023605_V06,2023-04-01 02:36:05,2023-04-01 02:41:05
KTLX,s3://unidata-nexrad-level2/2023/04/01/KTLX/KTLX20230401_024255_V06,2023-04-01 02:42:55,2023-04-01 02:47:55
KTLX,s3://unidata-nexrad-level2/2023/04/01/KTLX/KTLX20230401_024956_V06,2023-04-01 02:49:56,2023-04-01 02:54:56
KTLX,s3://unidata-nexrad-level2/2023/04/01/KTLX/KTLX20230401_025642_V06,2023-04-01 02:56:42,2023-04-01 03:01:42
KTLX,s3://unidata-nexrad-level2/2023/04/01/KTLX/KTLX20230401_030324_V06,2023-04-01 03:03:24,2023-04-01 03:08:24
KTLX,s3://unidata-nexrad-level2/2023/04/01/KTLX/KTLX20230401_031018_V06,2023-04-01 03:10:18,2023-04-01 03:15:18
KTLX,s3://unidata-nexrad-level2/2023/04/01/KTLX/KTLX20230401_031719_V06,2023-04-01 03:17:19,2023-04-01 03:22:19
KTLX,s3://unidata-nexrad-level2/2023/04/01/KTLX/KTLX20230401_032414_V06,2023-04-01 03:24:14,2023-04-01 03:29:14
KTLX,s3://unidata-nexrad-level2/2023/04/01/KTLX/KTLX20230401_033115_V06,2023-04-01 03:31:15,2023-04-01 03:36:15
KTLX,s3://unidata-nexrad-level2/2023/04/01/KTLX/KTLX20230401_033816_V06,2023-04-01 03:38:16,2023-04-01 03:43:16
KTLX,s3://unidata-nexrad-level2/2023/04/01/KTLX/KTLX20230401_034516_V06,2023-04-01 03:45:16,2023-04-01 03:50:16
KTLX,s3://unidata-nexrad-level2/2023/04/01/KTLX/KTLX20230401_035217_V06,2023-04-01 03:52:17,2023-04-01 03:57:17
KTLX,s3://unidata-nexrad-level2/2023/04/01/KTLX/KTLX20230401_035918_V06,2023-04-01 03:59:18,2023-04-01 04:04:18
KTLX,s3://unidata-nexrad-level2/2023/04/01/KTLX/KTLX20230401_040609_V06,2023-04-01 04:06:09,2023-04-01 04:11:09
KTLX,s3://unidata-nexrad-level2/2023/04/01/KTLX/KTLX20230401_041254_V06,2023-04-01 04:12:54,2023-04-01 04:17:54
KTLX,s3://unidata-nexrad-level2/2023/04/01/KTLX/KTLX20230401_041940_V06,2023-04-01 04:19:40,2023-04-01 04:24:40
KTLX,s3://unidata-nexrad-level2/2023/04/01/KTLX/KTLX20230401_042640_V06,2023-04-01 04:26:40,2023-04-01 04:31:40
KTLX,s3://unidata-nexrad-level2/2023/04/01/KTLX/KTLX20230401_043334_V06,2023-04-01 04:33:34,2023-04-01 04:38:34
KTLX,s3://unidata-nexrad-level2/2023/04/01/KTLX/KTLX20230401_044025_V06,2023-04-01 04:40:25,2023-04-01 04:45:25
KTLX,s3://unidata-nexrad-level2/2023/04/01/KTLX/KTLX20230401_044715_V06,2023-04-01 04:47:15,2023-04-01 04:52:15
KTLX,s3://unidata-nexrad-level2/2023/04/01/KTLX/KTLX20230401_045410_V06,2023-04-01 04:54:10,2023-04-01 04:59:10
KTLX,s3://unidata-nexrad-level2/2023/04/01/KTLX/KTLX20230401_050105_V06,2023-04-01 05:01:05,2023-04-01 05:06:05
KTLX,s3://unidata-nexrad-level2/2023/04/01/KTLX/KTLX20230401_050756_V06,2023-04-01 05:07:56,2023-04-01 05:12:56
KTLX,s3://unidata-nexrad-level2/2023/04/01/KTLX/KTLX20230401_051451_V06,2023-04-01 05:14:51,2023-04-01 05:19:51
KTLX,s3://unidata-nexrad-level2/2023/04/01/KTLX/KTLX20230401_052152_V06,2023-04-01 05:21:52,2023-04-01 05:26:52
KTLX,s3://unidata-nexrad-level2/2023/04/01/KTLX/KTLX20230401_052838_V06,2023-04-01 05:28:38,2023-04-01 05:33:38
KTLX,s3://unidata-nexrad-level2/2023/04/01/KTLX/KTLX20230401_053527_V06,2023-04-01 05:35:27,2023-04-01 05:40:27
KTLX,s3://unidata-nexrad-level2/2023/04/01/KTLX/KTLX20230401_054217_V06,2023-04-01 05:42:17,2023-04-01 05:47:17
KTLX,s3://unidata-nexrad-level2/2023/04/01/KTLX/KTLX20230401_054912_V06,2023-04-01 05:49:12,2023-04-01 05:54:12
KTLX,s3://unidata-nexrad-level2/2023/04/01/KTLX/KTLX20230401_055607_V06,2023-04-01 05:56:07,2023-04-01 06:01:07
KTLX,s3://unidata-nexrad-level2/2023/04/01/KTLX/KTLX20230401_060301_V06,2023-04-01 06:03:01,2023-04-01 06:08:01
KTLX,s3://unidata-nexrad-level2/2023/04/01/KTLX/KTLX20230401_060955_V06,2023-04-01 06:09:55,2023-04-01 06:14:55
KTLX,s3://unidata-nexrad-level2/2023/04/01/KTLX/KTLX20230401_061645_V06,2023-04-01 06:16:45,2023-04-01 06:21:45
KTLX,s3://unidata-nexrad-level2/2023/04/01/KTLX/KTLX20230401_062340_V06,2023-04-01 06:23:40,2023-04-01 06:28:40
KTLX,s3://unidata-nexrad-level2/2023/04/01/KTLX/KTLX20230401_063041_V06,2023-04-01 06:30:41,2023-04-01 06:35:41
KTLX,s3://unidata-nexrad-level2/2023/04/01/KTLX/KTLX20230401_063743_V06,2023-04-01 06:37:43,2023-04-01 06:42:43
KTLX,s3://unidata-nexrad-level2/2023/04/01/KTLX/KTLX20230401_064437_V06,2023-04-01 06:44:37,2023-04-01 06:49:37
KTLX,s3://unidata-nexrad-level2/2023/04/01/KTLX/KTLX20230401_065127_V06,2023-04-01 06:51:27,2023-04-01 06:56:27
KTLX,s3://unidata-nexrad-level2/2023/04/01/KTLX/KTLX20230401_065817_V06,2023-04-01 06:58:17,2023-04-01 07:03:17
KTLX,s3://unidata-nexrad-level2/2023/04/01/KTLX/KTLX20230401_070503_V06,2023-04-01 07:05:03,2023-04-01 07:10:03
KTLX,s3://unidata-nexrad-level2/2023/04/01/KTLX/KTLX20230401_071150_V06,2023-04-01 07:11:50,2023-04-01 07:16:50
KTLX,s3://unidata-nexrad-level2/2023/04/01/KTLX/KTLX20230401_071942_V06,2023-04-01 07:19:42,2023-04-01 07:24:42
KTLX,s3://unidata-nexrad-level2/2023/04/01/KTLX/KTLX20230401_072625_V06,2023-04-01 07:26:25,2023-04-01 07:31:25
KTLX,s3://unidata-nexrad-level2/2023/04/01/KTLX/KTLX20230401_073306_V06,2023-04-01 07:33:06,2023-04-01 07:38:06
KTLX,s3://unidata-nexrad-level2/2023/04/01/KTLX/KTLX20230401_073952_V06,2023-04-01 07:39:52,2023-04-01 07:44:52
KTLX,s3://unidata-nexrad-level2/2023/04/01/KTLX/KTLX20230401_074638_V06,2023-04-01 07:46:38,2023-04-01 07:51:38
KTLX,s3://unidata-nexrad-level2/2023/04/01/KTLX/KTLX20230401_075324_V06,2023-04-01 07:53:24,2023-04-01 07:58:24
KTLX,s3://unidata-nexrad-level2/2023/04/01/KTLX/KTLX20230401_080013_V06,2023-04-01 08:00:13,2023-04-01 08:05:13
KTLX,s3://unidata-nexrad-level2/2023/04/01/KTLX/KTLX20230401_080655_V06,2023-04-01 08:06:55,2023-04-01 08:11:55
KTLX,s3://unidata-nexrad-level2/2023/04/01/KTLX/KTLX20230401_081338_V06,2023-04-01 08:13:38,2023-04-01 08:18:38
KTLX,s3://unidata-nexrad-level2/2023/04/01/KTLX/KTLX20230401_082024_V06,2023-04-01 08:20:24,2023-04-01 08:25:24
KTLX,s3://unidata-nexrad-level2/2023/04/01/KTLX/KTLX20230401_082706_V06,2023-04-01 08:27:06,2023-04-01 08:32:06
KTLX,s3://unidata-nexrad-level2/2023/04/01/KTLX/KTLX20230401_083355_V06,2023-04-01 08:33:55,2023-04-01 08:38:55
KTLX,s3://unidata-nexrad-level2/2023/04/01/KTLX/KTLX20230401_084037_V06,2023-04-01 08:40:37,2023-04-01 08:45:37
KTLX,s3://unidata-nexrad-level2/2023/04/01/KTLX/KTLX20230401_084723_V06,2023-04-01 08:47:23,2023-04-01 08:52:23
KTLX,s3://unidata-nexrad-level2/2023/04/01/KTLX/KTLX20230401_085405_V06,2023-04-01 08:54:05,2023-04-01 08:59:05
KTLX,s3://unidata-nexrad-level2/2023/04/01/KTLX/KTLX20230401_090045_V06,2023-04-01 09:00:45,2023-04-01 09:05:45
KTLX,s3://unidata-nexrad-level2/2023/04/01/KTLX/KTLX20230401_090728_V06,2023-04-01 09:07:28,2023-04-01 09:12:28
KTLX,s3://unidata-nexrad-level2/2023/04/01/KTLX/KTLX20230401_091410_V06,2023-04-01 09:14:10,2023-04-01 09:19:10
KTLX,s3://unidata-nexrad-level2/2023/04/01/KTLX/KTLX20230401_092056_V06,2023-04-01 09:20:56,2023-04-01 09:25:56
KTLX,s3://unidata-nexrad-level2/2023/04/01/KTLX/KTLX20230401_092746_V06,2023-04-01 09:27:46,2023-04-01 09:32:46
KTLX,s3://unidata-nexrad-level2/2023/04/01/KTLX/KTLX20230401_093427_V06,2023-04-01 09:34:27,2023-04-01 09:39:27
KTLX,s3://unidata-nexrad-level2/2023/04/01/KTLX/KTLX20230401_094109_V06,2023-04-01 09:41:09,2023-04-01 09:46:09
KTLX,s3://unidata-nexrad-level2/2023/04/01/KTLX/KTLX20230401_094751_V06,2023-04-01 09:47:51,2023-04-01 09:52:51
KTLX,s3://unidata-nexrad-level2/2023/04/01/KTLX/KTLX20230401_095441_V06,2023-04-01 09:54:41,2023-04-01 09:59:41
KTLX,s3://unidata-nexrad-level2/2023/04/01/KTLX/KTLX20230401_100122_V06,2023-04-01 10:01:22,2023-04-01 10:06:22
KTLX,s3://unidata-nexrad-level2/2023/04/01/KTLX/KTLX20230401_100804_V06,2023-04-01 10:08:04,2023-04-01 10:13:04
KTLX,s3://unidata-nexrad-level2/2023/04/01/KTLX/KTLX20230401_101446_V06,2023-04-01 10:14:46,2023-04-01 10:19:46
KTLX,s3://unidata-nexrad-level2/2023/04/01/KTLX/KTLX20230401_102128_V06,2023-04-01 10:21:28,2023-04-01 10:26:28
KTLX,s3://unidata-nexrad-level2/2023/04/01/KTLX/KTLX20230401_102809_V06,2023-04-01 10:28:09,2023-04-01 10:33:09
KTLX,s3://unidata-nexrad-level2/2023/04/01/KTLX/KTLX20230401_103452_V06,2023-04-01 10:34:52,2023-04-01 10:39:52
KTLX,s3://unidata-nexrad-level2/2023/04/01/KTLX/KTLX20230401_104134_V06,2023-04-01 10:41:34,2023-04-01 10:46:34
KTLX,s3://unidata-nexrad-level2/2023/04/01/KTLX/KTLX20230401_104816_V06,2023-04-01 10:48:16,2023-04-01 10:53:16
KTLX,s3://unidata-nexrad-level2/2023/04/01/KTLX/KTLX20230401_105505_V06,2023-04-01 10:55:05,2023-04-01 11:00:05
KTLX,s3://unidata-nexrad-level2/2023/04/01/KTLX/KTLX20230401_110146_V06,2023-04-01 11:01:46,2023-04-01 11:06:46
KTLX,s3://unidata-nexrad-level2/2023/04/01/KTLX/KTLX20230401_110828_V06,2023-04-01 11:08:28,2023-04-01 11:13:28
KTLX,s3://unidata-nexrad-level2/2023/04/01/KTLX/KTLX20230401_111514_V06,2023-04-01 11:15:14,2023-04-01 11:20:14
KTLX,s3://unidata-nexrad-level2/2023/04/01/KTLX/KTLX20230401_112156_V06,2023-04-01 11:21:56,2023-04-01 11:26:56
KTLX,s3://unidata-nexrad-level2/2023/04/01/KTLX/KTLX20230401_112838_V06,2023-04-01 11:28:38,2023-04-01 11:33:38
KTLX,s3://unidata-nexrad-level2/2023/04/01/KTLX/KTLX20230401_113519_V06,2023-04-01 11:35:19,2023-04-01 11:40:19
KTLX,s3://unidata-nexrad-level2/2023/04/01/KTLX/KTLX20230401_114201_V06,2023-04-01 11:42:01,2023-04-01 11:47:01
KTLX,s3://unidata-nexrad-level2/2023/04/01/KTLX/KTLX20230401_114842_V06,2023-04-01 11:48:42,2023-04-01 11:53:42
KTLX,s3://unidata-nexrad-level2/2023/04/01/KTLX/KTLX20230401_115528_V06,2023-04-01 11:55:28,2023-04-01 12:00:28
KTLX,s3://unidata-nexrad-level2/2023/04/01/KTLX/KTLX20230401_120213_V06,2023-04-01 12:02:13,2023-04-01 12:07:13
KTLX,s3://unidata-nexrad-level2/2023/04/01/KTLX/KTLX20230401_120855_V06,2023-04-01 12:08:55,2023-04-01 12:13:55
KTLX,s3://unidata-nexrad-level2/2023/04/01/KTLX/KTLX20230401_121537_V06,2023-04-01 12:15:37,2023-04-01 12:20:37
KTLX,s3://unidata-nexrad-level2/2023/04/01/KTLX/KTLX20230401_122219_V06,2023-04-01 12:22:19,2023-04-01 12:27:19
KTLX,s3://unidata-nexrad-level2/2023/04/01/KTLX/KTLX20230401_122901_V06,2023-04-01 12:29:01,2023-04-01 12:34:01
KTLX,s3://unidata-nexrad-level2/2023/04/01/KTLX/KTLX20230401_123542_V06,2023-04-01 12:35:42,2023-04-01 12:40:42
KTLX,s3://unidata-nexrad-level2/2023/04/01/KTLX/KTLX20230401_124224_V06,2023-04-01 12:42:24,2023-04-01 12:47:24
KTLX,s3://unidata-nexrad-level2/2023/04/01/KTLX/KTLX20230401_124906_V06,2023-04-01 12:49:06,2023-04-01 12:54:06
KTLX,s3://unidata-nexrad-level2/2023/04/01/KTLX/KTLX20230401_125548_V06,2023-04-01 12:55:48,2023-04-01 13:00:48
KTLX,s3://unidata-nexrad-level2/2023/04/01/KTLX/KTLX20230401_130229_V06,2023-04-01 13:02:29,2023-04-01 13:07:29
KTLX,s3://unidata-nexrad-level2/2023/04/01/KTLX/KTLX20230401_130911_V06,2023-04-01 13:09:11,2023-04-01 13:14:11
KTLX,s3://unidata-nexrad-level2/2023/04/01/KTLX/KTLX20230401_131557_V06,2023-04-01 13:15:57,2023-04-01 13:20:57
KTLX,s3://unidata-nexrad-level2/2023/04/01/KTLX/KTLX20230401_132239_V06,2023-04-01 13:22:39,2023-04-01 13:27:39
KTLX,s3://unidata-nexrad-level2/2023/04/01/KTLX/KTLX20230401_132921_V06,2023-04-01 13:29:21,2023-04-01 13:34:21
KTLX,s3://unidata-nexrad-level2/2023/04/01/KTLX/KTLX20230401_133604_V06,2023-04-01 13:36:04,2023-04-01 13:41:04
KTLX,s3://unidata-nexrad-level2/2023/04/01/KTLX/KTLX20230401_134246_V06,2023-04-01 13:42:46,2023-04-01 13:47:46
KTLX,s3://unidata-nexrad-level2/2023/04/01/KTLX/KTLX20230401_134928_V06,2023-04-01 13:49:28,2023-04-01 13:54:28
KTLX,s3://unidata-nexrad-level2/2023/04/01/KTLX/KTLX20230401_135619_V06,2023-04-01 13:56:19,2023-04-01 14:01:19
KTLX,s3://unidata-nexrad-level2/2023/04/01/KTLX/KTLX20230401_140300_V06,2023-04-01 14:03:00,2023-04-01 14:08:00
KTLX,s3://unidata-nexrad-level2/2023/04/01/KTLX/KTLX20230401_140942_V06,2023-04-01 14:09:42,2023-04-01 14:14:42
KTLX,s3://unidata-nexrad-level2/2023/04/01/KTLX/KTLX20230401_141624_V06,2023-04-01 14:16:24,2023-04-01 14:21:24
KTLX,s3://unidata-nexrad-level2/2023/04/01/KTLX/KTLX20230401_142305_V06,2023-04-01 14:23:05,2023-04-01 14:28:05
KTLX,s3://unidata-nexrad-level2/2023/04/01/KTLX/KTLX20230401_142947_V06,2023-04-01 14:29:47,2023-04-01 14:34:47
KTLX,s3://unidata-nexrad-level2/2023/04/01/KTLX/KTLX20230401_143630_V06,2023-04-01 14:36:30,2023-04-01 14:41:30
KTLX,s3://unidata-nexrad-level2/2023/04/01/KTLX/KTLX20230401_144321_V06,2023-04-01 14:43:21,2023-04-01 14:48:21
KTLX,s3://unidata-nexrad-level2/2023/04/01/KTLX/KTLX20230401_145003_V06,2023-04-01 14:50:03,2023-04-01 14:55:03
KTLX,s3://unidata-nexrad-level2/2023/04/01/KTLX/KTLX20230401_145645_V06,2023-04-01 14:56:45,2023-04-01 15:01:45
KTLX,s3://unidata-nexrad-level2/2023/04/01/KTLX/KTLX20230401_150326_V06,2023-04-01 15:03:26,2023-04-01 15:08:26
KTLX,s3://unidata-nexrad-level2/2023/04/01/KTLX/KTLX20230401_151007_V06,2023-04-01 15:10:07,2023-04-01 15:15:07
KTLX,s3://unidata-nexrad-level2/2023/04/01/KTLX/KTLX20230401_151649_V06,2023-04-01 15:16:49,2023-04-01 15:21:49
KTLX,s3://unidata-nexrad-level2/2023/04/01/KTLX/KTLX20230401_152444_V06,2023-04-01 15:24:44,2023-04-01 15:29:44
KTLX,s3://unidata-nexrad-level2/2023/04/01/KTLX/KTLX20230401_153134_V06,2023-04-01 15:31:34,2023-04-01 15:36:34
KTLX,s3://unidata-nexrad-level2/2023/04/01/KTLX/KTLX20230401_153816_V06,2023-04-01 15:38:16,2023-04-01 15:43:16
KTLX,s3://unidata-nexrad-level2/2023/04/01/KTLX/KTLX20230401_154458_V06,2023-04-01 15:44:58,2023-04-01 15:49:58
KTLX,s3://unidata-nexrad-level2/2023/04/01/KTLX/KTLX20230401_155141_V06,2023-04-01 15:51:41,2023-04-01 15:56:41
KTLX,s3://unidata-nexrad-level2/2023/04/01/KTLX/KTLX20230401_155822_V06,2023-04-01 15:58:22,2023-04-01 16:03:22
KTLX,s3://unidata-nexrad-level2/2023/04/01/KTLX/KTLX20230401_160509_V06,2023-04-01 16:05:09,2023-04-01 16:10:09
KTLX,s3://unidata-nexrad-level2/2023/04/01/KTLX/KTLX20230401_161152_V06,2023-04-01 16:11:52,2023-04-01 16:16:52
KTLX,s3://unidata-nexrad-level2/2023/04/01/KTLX/KTLX20230401_161843_V06,2023-04-01 16:18:43,2023-04-01 16:23:43
KTLX,s3://unidata-nexrad-level2/2023/04/01/KTLX/KTLX20230401_162529_V06,2023-04-01 16:25:29,2023-04-01 16:30:29
KTLX,s3://unidata-nexrad-level2/2023/04/01/KTLX/KTLX20230401_163216_V06,2023-04-01 16:32:16,2023-04-01 16:37:16
KTLX,s3://unidata-nexrad-level2/2023/04/01/KTLX/KTLX20230401_163858_V06,2023-04-01 16:38:58,2023-04-01 16:43:58
KTLX,s3://unidata-nexrad-level2/2023/04/01/KTLX/KTLX20230401_164545_V06,2023-04-01 16:45:45,2023-04-01 16:50:45
KTLX,s3://unidata-nexrad-level2/2023/04/01/KTLX/KTLX20230401_165236_V06,2023-04-01 16:52:36,2023-04-01 16:57:36
KTLX,s3://unidata-nexrad-level2/2023/04/01/KTLX/KTLX20230401_165917_V06,2023-04-01 16:59:17,2023-04-01 17:04:17
KTLX,s3://unidata-nexrad-level2/2023/04/01/KTLX/KTLX20230401_170559_V06,2023-04-01 17:05:59,2023-04-01 17:10:59
KTLX,s3://unidata-nexrad-level2/2023/04/01/KTLX/KTLX20230401_171245_V06,2023-04-01 17:12:45,2023-04-01 17:17:45
KTLX,s3://unidata-nexrad-level2/2023/04/01/KTLX/KTLX20230401_171927_V06,2023-04-01 17:19:27,2023-04-01 17:24:27
KTLX,s3://unidata-nexrad-level2/2023/04/01/KTLX/KTLX20230401_172616_V06,2023-04-01 17:26:16,2023-04-01 17:31:16
KTLX,s3://unidata-nexrad-level2/2023/04/01/KTLX/KTLX20230401_173317_V06,2023-04-01 17:33:17,2023-04-01 17:38:17
KTLX,s3://unidata-nexrad-level2/2023/04/01/KTLX/KTLX20230401_174019_V06,2023-04-01 17:40:19,2023-04-01 17:45:19
KTLX,s3://unidata-nexrad-level2/2023/04/01/KTLX/KTLX20230401_174710_V06,2023-04-01 17:47:10,2023-04-01 17:52:10
KTLX,s3://unidata-nexrad-level2/2023/04/01/KTLX/KTLX20230401_175401_V06,2023-04-01 17:54:01,2023-04-01 17:59:01
KTLX,s3://unidata-nexrad-level2/2023/04/01/KTLX/KTLX20230401_180043_V06,2023-04-01 18:00:43,2023-04-01 18:05:43
KTLX,s3://unidata-nexrad-level2/2023/04/01/KTLX/KTLX20230401_180745_V06,2023-04-01 18:07:45,2023-04-01 18:12:45
KTLX,s3://unidata-nexrad-level2/2023/04/01/KTLX/KTLX20230401_181432_V06,2023-04-01 18:14:32,2023-04-01 18:19:32
KTLX,s3://unidata-nexrad-level2/2023/04/01/KTLX/KTLX20230401_182133_V06,2023-04-01 18:21:33,2023-04-01 18:26:33
KTLX,s3://unidata-nexrad-level2/2023/04/01/KTLX/KTLX20230401_182828_V06,2023-04-01 18:28:28,2023-04-01 18:33:28
KTLX,s3://unidata-nexrad-level2/2023/04/01/KTLX/KTLX20230401_183530_V06,2023-04-01 18:35:30,2023-04-01 18:40:30
KTLX,s3://unidata-nexrad-level2/2023/04/01/KTLX/KTLX20230401_184231_V06,2023-04-01 18:42:31,2023-04-01 18:47:31
KTLX,s3://unidata-nexrad-level2/2023/04/01/KTLX/KTLX20230401_184927_V06,2023-04-01 18:49:27,2023-04-01 18:54:27
KTLX,s3://unidata-nexrad-level2/2023/04/01/KTLX/KTLX20230401_185617_V06,2023-04-01 18:56:17,2023-04-01 19:01:17
KTLX,s3://unidata-nexrad-level2/2023/04/01/KTLX/KTLX20230401_190308_V06,2023-04-01 19:03:08,2023-04-01 19:08:08
KTLX,s3://unidata-nexrad-level2/2023/04/01/KTLX/KTLX20230401_190950_V06,2023-04-01 19:09:50,2023-04-01 19:14:50
KTLX,s3://unidata-nexrad-level2/2023/04/01/KTLX/KTLX20230401_191651_V06,2023-04-01 19:16:51,2023-04-01 19:21:51
KTLX,s3://unidata-nexrad-level2/2023/04/01/KTLX/KTLX20230401_192348_V06,2023-04-01 19:23:48,2023-04-01 19:28:48
KTLX,s3://unidata-nexrad-level2/2023/04/01/KTLX/KTLX20230401_193033_V06,2023-04-01 19:30:33,2023-04-01 19:35:33
KTLX,s3://unidata-nexrad-level2/2023/04/01/KTLX/KTLX20230401_193724_V06,2023-04-01 19:37:24,2023-04-01 19:42:24
KTLX,s3://unidata-nexrad-level2/2023/04/01/KTLX/KTLX20230401_194411_V06,2023-04-01 19:44:11,2023-04-01 19:49:11
KTLX,s3://unidata-nexrad-level2/2023/04/01/KTLX/KTLX20230401_195052_V06,2023-04-01 19:50:52,2023-04-01 19:55:52
KTLX,s3://unidata-nexrad-level2/2023/04/01/KTLX/KTLX20230401_195747_V06,2023-04-01 19:57:47,2023-04-01 20:02:47
KTLX,s3://unidata-nexrad-level2/2023/04/01/KTLX/KTLX20230401_200438_V06,2023-04-01 20:04:38,2023-04-01 20:09:38
KTLX,s3://unidata-nexrad-level2/2023/04/01/KTLX/KTLX20230401_201120_V06,2023-04-01 20:11:20,2023-04-01 20:16:20
KTLX,s3://unidata-nexrad-level2/2023/04/01/KTLX/KTLX20230401_201811_V06,2023-04-01 20:18:11,2023-04-01 20:23:11
KTLX,s3://unidata-nexrad-level2/2023/04/01/KTLX/KTLX20230401_202452_V06,2023-04-01 20:24:52,2023-04-01 20:29:52
KTLX,s3://unidata-nexrad-level2/2023/04/01/KTLX/KTLX20230401_203134_V06,2023-04-01 20:31:34,2023-04-01 20:36:34
KTLX,s3://unidata-nexrad-level2/2023/04/01/KTLX/KTLX20230401_203820_V06,2023-04-01 20:38:20,2023-04-01 20:43:20
KTLX,s3://unidata-nexrad-level2/2023/04/01/KTLX/KTLX20230401_204522_V06,2023-04-01 20:45:22,2023-04-01 20:50:22
KTLX,s3://unidata-nexrad-level2/2023/04/01/KTLX/KTLX20230401_205203_V06,2023-04-01 20:52:03,2023-04-01 20:57:03
KTLX,s3://unidata-nexrad-level2/2023/04/01/KTLX/KTLX20230401_205905_V06,2023-04-01 20:59:05,2023-04-01 21:04:05
KTLX,s3://unidata-nexrad-level2/2023/04/01/KTLX/KTLX20230401_210556_V06,2023-04-01 21:05:56,2023-04-01 21:10:56
KTLX,s3://unidata-nexrad-level2/2023/04/01/KTLX/KTLX20230401_211257_V06,2023-04-01 21:12:57,2023-04-01 21:17:57
KTLX,s3://unidata-nexrad-level2/2023/04/01/KTLX/KTLX20230401_211951_V06,2023-04-01 21:19:51,2023-04-01 21:24:51
KTLX,s3://unidata-nexrad-level2/2023/04/01/KTLX/KTLX20230401_212634_V06,2023-04-01 21:26:34,2023-04-01 21:31:34
KTLX,s3://unidata-nexrad-level2/2023/04/01/KTLX/KTLX20230401_213325_V06,2023-04-01 21:33:25,2023-04-01 21:38:25
KTLX,s3://unidata-nexrad-level2/2023/04/01/KTLX/KTLX20230401_214012_V06,2023-04-01 21:40:12,2023-04-01 21:45:12
KTLX,s3://unidata-nexrad-level2/2023/04/01/KTLX/KTLX20230401_214658_V06,2023-04-01 21:46:58,2023-04-01 21:51:58
KTLX,s3://unidata-nexrad-level2/2023/04/01/KTLX/KTLX20230401_215344_V06,2023-04-01 21:53:44,2023-04-01 21:58:44
KTLX,s3://unidata-nexrad-level2/2023/04/01/KTLX/KTLX20230401_220031_V06,2023-04-01 22:00:31,2023-04-01 22:05:31
KTLX,s3://unidata-nexrad-level2/2023/04/01/KTLX/KTLX20230401_220717_V06,2023-04-01 22:07:17,2023-04-01 22:12:17
KTLX,s3://unidata-nexrad-level2/2023/04/01/KTLX/KTLX20230401_221403_V06,2023-04-01 22:14:03,2023-04-01 22:19:03
KTLX,s3://unidata-nexrad-level2/2023/04/01/KTLX/KTLX20230401_222104_V06,2023-04-01 22:21:04,2023-04-01 22:26:04
KTLX,s3://unidata-nexrad-level2/2023/04/01/KTLX/KTLX20230401_222806_V06,2023-04-01 22:28:06,2023-04-01 22:33:06
KTLX,s3://unidata-nexrad-level2/2023/04/01/KTLX/KTLX20230401_223508_V06,2023-04-01 22:35:08,2023-04-01 22:40:08
KTLX,s3://unidata-nexrad-level2/2023/04/01/KTLX/KTLX20230401_224154_V06,2023-04-01 22:41:54,2023-04-01 22:46:54
KTLX,s3://unidata-nexrad-level2/2023/04/01/KTLX/KTLX20230401_224844_V06,2023-04-01 22:48:44,2023-04-01 22:53:44
KTLX,s3://unidata-nexrad-level2/2023/04/01/KTLX/KTLX20230401_225545_V06,2023-04-01 22:55:45,2023-04-01 23:00:45
KTLX,s3://unidata-nexrad-level2/2023/04/01/KTLX/KTLX20230401_230227_V06,2023-04-01 23:02:27,2023-04-01 23:07:27
KTLX,s3://unidata-nexrad-level2/2023/04/01/KTLX/KTLX20230401_230918_V06,2023-04-01 23:09:18,2023-04-01 23:14:18
KTLX,s3://unidata-nexrad-level2/2023/04/01/KTLX/KTLX20230401_231605_V06,2023-04-01 23:16:05,2023-04-01 23:21:05
KTLX,s3://unidata-nexrad-level2/2023/04/01/KTLX/KTLX20230401_232247_V06,2023-04-01 23:22:47,2023-04-01 23:27:47
KTLX,s3://unidata-nexrad-level2/2023/04/01/KTLX/KTLX20230401_233058_V06,2023-04-01 23:30:58,2023-04-01 23:35:58
KTLX,s3://unidata-nexrad-level2/2023/04/01/KTLX/KTLX20230401_233800_V06,2023-04-01 23:38:00,2023-04-01 23:43:00
KTLX,s3://unidata-nexrad-level2/2023/04/01/KTLX/KTLX20230401_234451_V06,2023-04-01 23:44:51,2023-04-01 23:49:51
KTLX,s3://unidata-nexrad-level2/2023/04/01/KTLX/KTLX20230401_235138_V06,2023-04-01 23:51:38,2023-04-01 23:56:38
KTLX,s3://unidata-nexrad-level2/2023/04/01/KTLX/KTLX20230401_235826_V06,2023-04-01 23:58:26,2023-04-02 00:03:26
KTLX,s3://unidata-nexrad-level2/2023/04/02/KTLX/KTLX20230402_000521_V06,2023-04-02 00:05:21,2023-04-02 00:10:21
KTLX,s3://unidata-nexrad-level2/2023/04/02/KTLX/KTLX20230402_001202_V06,2023-04-02 00:12:02,2023-04-02 00:17:02
KTLX,s3://unidata-nexrad-level2/2023/04/02/KTLX/KTLX20230402_001844_V06,2023-04-02 00:18:44,2023-04-02 00:23:44
KTLX,s3://unidata-nexrad-level2/2023/04/02/KTLX/KTLX20230402_002540_V06,2023-04-02 00:25:40,2023-04-02 00:30:40
KTLX,s3://unidata-nexrad-level2/2023/04/02/KTLX/KTLX20230402_003222_V06,2023-04-02 00:32:22,2023-04-02 00:37:22
KTLX,s3://unidata-nexrad-level2/2023/04/02/KTLX/KTLX20230402_003904_V06,2023-04-02 00:39:04,2023-04-02 00:44:04
KTLX,s3://unidata-nexrad-level2/2023/04/02/KTLX/KTLX20230402_004604_V06,2023-04-02 00:46:04,2023-04-02 00:51:04
KTLX,s3://unidata-nexrad-level2/2023/04/02/KTLX/KTLX20230402_005305_V06,2023-04-02 00:53:05,2023-04-02 00:58:05
KTLX,s3://unidata-nexrad-level2/2023/04/02/KTLX/KTLX20230402_005957_V06,2023-04-02 00:59:57,2023-04-02 01:04:57
KTLX,s3://unidata-nexrad-level2/2023/04/02/KTLX/KTLX20230402_010659_V06,2023-04-02 01:06:59,2023-04-02 01:11:59
KTLX,s3://unidata-nexrad-level2/2023/04/02/KTLX/KTLX20230402_011349_V06,2023-04-02 01:13:49,2023-04-02 01:18:49
KTLX,s3://unidata-nexrad-level2/2023/04/02/KTLX/KTLX20230402_012041_V06,2023-04-02 01:20:41,2023-04-02 01:25:41
KTLX,s3://unidata-nexrad-level2/2023/04/02/KTLX/KTLX20230402_012727_V06,2023-04-02 01:27:27,2023-04-02 01:32:27
KTLX,s3://unidata-nexrad-level2/2023/04/02/KTLX/KTLX20230402_013428_V06,2023-04-02 01:34:28,2023-04-02 01:39:28
KTLX,s3://unidata-nexrad-level2/2023/04/02/KTLX/KTLX20230402_014129_V06,2023-04-02 01:41:29,2023-04-02 01:46:29
KTLX,s3://unidata-nexrad-level2/2023/04/02/KTLX/KTLX20230402_014830_V06,2023-04-02 01:48:30,2023-04-02 01:53:30
KTLX,s3://unidata-nexrad-level2/2023/04/02/KTLX/KTLX20230402_015531_V06,2023-04-02 01:55:31,2023-04-02 02:00:31
KTLX,s3://unidata-nexrad-level2/2023/04/02/KTLX/KTLX20230402_020226_V06,2023-04-02 02:02:26,2023-04-02 02:07:26
KTLX,s3://unidata-nexrad-level2/2023/04/02/KTLX/KTLX20230402_020927_V06,2023-04-02 02:09:27,2023-04-02 02:14:27
KTLX,s3://unidata-nexrad-level2/2023/04/02/KTLX/KTLX20230402_021628_V06,2023-04-02 02:16:28,2023-04-02 02:21:28
KTLX,s3://unidata-nexrad-level2/2023/04/02/KTLX/KTLX20230402_022328_V06,2023-04-02 02:23:28,2023-04-02 02:28:28
KTLX,s3://unidata-nexrad-level2/2023/04/02/KTLX/KTLX20230402_023030_V06,2023-04-02 02:30:30,2023-04-02 02:35:30
KTLX,s3://unidata-nexrad-level2/2023/04/02/KTLX/KTLX20230402_023732_V06,2023-04-02 02:37:32,2023-04-02 02:42:32
KTLX,s3://unidata-nexrad-level2/2023/04/02/KTLX/KTLX20230402_024433_V06,2023-04-02 02:44:33,2023-04-02 02:49:33
KTLX,s3://unidata-nexrad-level2/2023/04/02/KTLX/KTLX20230402_025133_V06,2023-04-02 02:51:33,2023-04-02 02:56:33
KTLX,s3://unidata-nexrad-level2/2023/04/02/KTLX/KTLX20230402_025835_V06,2023-04-02 02:58:35,2023-04-02 03:03:35
KTLX,s3://unidata-nexrad-level2/2023/04/02/KTLX/KTLX20230402_030537_V06,2023-04-02 03:05:37,2023-04-02 03:10:37
KTLX,s3://unidata-nexrad-level2/2023/04/02/KTLX/KTLX20230402_031238_V06,2023-04-02 03:12:38,2023-04-02 03:17:38
KTLX,s3://unidata-nexrad-level2/2023/04/02/KTLX/KTLX20230402_031932_V06,2023-04-02 03:19:32,2023-04-02 03:24:32
KTLX,s3://unidata-nexrad-level2/2023/04/02/KTLX/KTLX20230402_032634_V06,2023-04-02 03:26:34,2023-04-02 03:31:34
KTLX,s3://unidata-nexrad-level2/2023/04/02/KTLX/KTLX20230402_033329_V06,2023-04-02 03:33:29,2023-04-02 03:38:29
KTLX,s3://unidata-nexrad-level2/2023/04/02/KTLX/KTLX20230402_034030_V06,2023-04-02 03:40:30,2023-04-02 03:45:30
KTLX,s3://unidata-nexrad-level2/2023/04/02/KTLX/KTLX20230402_034731_V06,2023-04-02 03:47:31,2023-04-02 03:52:31
KTLX,s3://unidata-nexrad-level2/2023/04/02/KTLX/KTLX20230402_035433_V06,2023-04-02 03:54:33,2023-04-02 03:59:33
KTLX,s3://unidata-nexrad-level2/2023/04/02/KTLX/KTLX20230402_040134_V06,2023-04-02 04:01:34,2023-04-02 04:06:34
KTLX,s3://unidata-nexrad-level2/2023/04/02/KTLX/KTLX20230402_040835_V06,2023-04-02 04:08:35,2023-04-02 04:13:35
KTLX,s3://unidata-nexrad-level2/2023/04/02/KTLX/KTLX20230402_041537_V06,2023-04-02 04:15:37,2023-04-02 04:20:37
KTLX,s3://unidata-nexrad-level2/2023/04/02/KTLX/KTLX20230402_042238_V06,2023-04-02 04:22:38,2023-04-02 04:27:38
KTLX,s3://unidata-nexrad-level2/2023/04/02/KTLX/KTLX20230402_042939_V06,2023-04-02 04:29:39,2023-04-02 04:34:39
KTLX,s3://unidata-nexrad-level2/2023/04/02/KTLX/KTLX20230402_043640_V06,2023-04-02 04:36:40,2023-04-02 04:41:40
KTLX,s3://unidata-nexrad-level2/2023/04/02/KTLX/KTLX20230402_044342_V06,2023-04-02 04:43:42,2023-04-02 04:48:42
KTLX,s3://unidata-nexrad-level2/2023/04/02/KTLX/KTLX20230402_045043_V06,2023-04-02 04:50:43,2023-04-02 04:55:43
KTLX,s3://unidata-nexrad-level2/2023/04/02/KTLX/KTLX20230402_045746_V06,2023-04-02 04:57:46,2023-04-02 05:02:46
KTLX,s3://unidata-nexrad-level2/2023/04/02/KTLX/KTLX20230402_050448_V06,2023-04-02 05:04:48,2023-04-02 05:09:48
KTLX,s3://unidata-nexrad-level2/2023/04/02/KTLX/KTLX20230402_051149_V06,2023-04-02 05:11:49,2023-04-02 05:16:49
KTLX,s3://unidata-nexrad-level2/2023/04/02/KTLX/KTLX20230402_051850_V06,2023-04-02 05:18:50,2023-04-02 05:23:50
KTLX,s3://unidata-nexrad-level2/2023/04/02/KTLX/KTLX20230402_052552_V06,2023-04-02 05:25:52,2023-04-02 05:30:52
KTLX,s3://unidata-nexrad-level2/2023/04/02/KTLX/KTLX20230402_053254_V06,2023-04-02 05:32:54,2023-04-02 05:37:54
KTLX,s3://unidata-nexrad-level2/2023/04/02/KTLX/KTLX20230402_053955_V06,2023-04-02 05:39:55,2023-04-02 05:44:55
KTLX,s3://unidata-nexrad-level2/2023/04/02/KTLX/KTLX20230402_054656_V06,2023-04-02 05:46:56,2023-04-02 05:51:56
KTLX,s3://unidata-nexrad-level2/2023/04/02/KTLX/KTLX20230402_055357_V06,2023-04-02 05:53:57,2023-04-02 05:58:57
KTLX,s3://unidata-nexrad-level2/2023/04/02/KTLX/KTLX20230402_060058_V06,2023-04-02 06:00:58,2023-04-02 06:05:58
KTLX,s3://unidata-nexrad-level2/2023/04/02/KTLX/KTLX20230402_060800_V06,2023-04-02 06:08:00,2023-04-02 06:13:00
KTLX,s3://unidata-nexrad-level2/2023/04/02/KTLX/KTLX20230402_061500_V06,2023-04-02 06:15:00,2023-04-02 06:20:00
KTLX,s3://unidata-nexrad-level2/2023/04/02/KTLX/KTLX20230402_062202_V06,2023-04-02 06:22:02,2023-04-02 06:27:02
KTLX,s3://unidata-nexrad-level2/2023/04/02/KTLX/KTLX20230402_062903_V06,2023-04-02 06:29:03,2023-04-02 06:34:03
KTLX,s3://unidata-nexrad-level2/2023/04/02/KTLX/KTLX20230402_063604_V06,2023-04-02 06:36:04,2023-04-02 06:41:04
KTLX,s3://unidata-nexrad-level2/2023/04/02/KTLX/KTLX20230402_064304_V06,2023-04-02 06:43:04,2023-04-02 06:48:04
KTLX,s3://unidata-nexrad-level2/2023/04/02/KTLX/KTLX20230402_065005_V06,2023-04-02 06:50:05,2023-04-02 06:55:05
KTLX,s3://unidata-nexrad-level2/2023/04/02/KTLX/KTLX20230402_065707_V06,2023-04-02 06:57:07,2023-04-02 07:02:07
KTLX,s3://unidata-nexrad-level2/2023/04/02/KTLX/KTLX20230402_070408_V06,2023-04-02 07:04:08,2023-04-02 07:09:08
KTLX,s3://unidata-nexrad-level2/2023/04/02/KTLX/KTLX20230402_071109_V06,2023-04-02 07:11:09,2023-04-02 07:16:09
KTLX,s3://unidata-nexrad-level2/2023/04/02/KTLX/KTLX20230402_071811_V06,2023-04-02 07:18:11,2023-04-02 07:23:11
KTLX,s3://unidata-nexrad-level2/2023/04/02/KTLX/KTLX20230402_072512_V06,2023-04-02 07:25:12,2023-04-02 07:30:12
KTLX,s3://unidata-nexrad-level2/2023/04/02/KTLX/KTLX20230402_073321_V06,2023-04-02 07:33:21,2023-04-02 07:38:21
KTLX,s3://unidata-nexrad-level2/2023/04/02/KTLX/KTLX20230402_074024_V06,2023-04-02 07:40:24,2023-04-02 07:45:24
KTLX,s3://unidata-nexrad-level2/2023/04/02/KTLX/KTLX20230402_074724_V06,2023-04-02 07:47:24,2023-04-02 07:52:24
KTLX,s3://unidata-nexrad-level2/2023/04/02/KTLX/KTLX20230402_075425_V06,2023-04-02 07:54:25,2023-04-02 07:59:25
KTLX,s3://unidata-nexrad-level2/2023/04/02/KTLX/KTLX20230402_080127_V06,2023-04-02 08:01:27,2023-04-02 08:06:27
KTLX,s3://unidata-nexrad-level2/2023/04/02/KTLX/KTLX20230402_080829_V06,2023-04-02 08:08:29,2023-04-02 08:13:29
KTLX,s3://unidata-nexrad-level2/2023/04/02/KTLX/KTLX20230402_081530_V06,2023-04-02 08:15:30,2023-04-02 08:20:30
KTLX,s3://unidata-nexrad-level2/2023/04/02/KTLX/KTLX20230402_082232_V06,2023-04-02 08:22:32,2023-04-02 08:27:32
KTLX,s3://unidata-nexrad-level2/2023/04/02/KTLX/KTLX20230402_082934_V06,2023-04-02 08:29:34,2023-04-02 08:34:34
KTLX,s3://unidata-nexrad-level2/2023/04/02/KTLX/KTLX20230402_083636_V06,2023-04-02 08:36:36,2023-04-02 08:41:36
KTLX,s3://unidata-nexrad-level2/2023/04/02/KTLX/KTLX20230402_084337_V06,2023-04-02 08:43:37,2023-04-02 08:48:37
KTLX,s3://unidata-nexrad-level2/2023/04/02/KTLX/KTLX20230402_085038_V06,2023-04-02 08:50:38,2023-04-02 08:55:38
KTLX,s3://unidata-nexrad-level2/2023/04/02/KTLX/KTLX20230402_085739_V06,2023-04-02 08:57:39,2023-04-02 09:02:39
KTLX,s3://unidata-nexrad-level2/2023/04/02/KTLX/KTLX20230402_090440_V06,2023-04-02 09:04:40,2023-04-02 09:09:40
KTLX,s3://unidata-nexrad-level2/2023/04/02/KTLX/KTLX20230402_091141_V06,2023-04-02 09:11:41,2023-04-02 09:16:41
KTLX,s3://unidata-nexrad-level2/2023/04/02/KTLX/KTLX20230402_091843_V06,2023-04-02 09:18:43,2023-04-02 09:23:43
KTLX,s3://unidata-nexrad-level2/2023/04/02/KTLX/KTLX20230402_092544_V06,2023-04-02 09:25:44,2023-04-02 09:30:44
KTLX,s3://unidata-nexrad-level2/2023/04/02/KTLX/KTLX20230402_093245_V06,2023-04-02 09:32:45,2023-04-02 09:37:45
KTLX,s3://unidata-nexrad-level2/2023/04/02/KTLX/KTLX20230402_093945_V06,2023-04-02 09:39:45,2023-04-02 09:44:45
KTLX,s3://unidata-nexrad-level2/2023/04/02/KTLX/KTLX20230402_094648_V06,2023-04-02 09:46:48,2023-04-02 09:51:48
KTLX,s3://unidata-nexrad-level2/2023/04/02/KTLX/KTLX20230402_095349_V06,2023-04-02 09:53:49,2023-04-02 09:58:49
KTLX,s3://unidata-nexrad-level2/2023/04/02/KTLX/KTLX20230402_100050_V06,2023-04-02 10:00:50,2023-04-02 10:05:50
KTLX,s3://unidata-nexrad-level2/2023/04/02/KTLX/KTLX20230402_100752_V06,2023-04-02 10:07:52,2023-04-02 10:12:52
KTLX,s3://unidata-nexrad-level2/2023/04/02/KTLX/KTLX20230402_101453_V06,2023-04-02 10:14:53,2023-04-02 10:19:53
KTLX,s3://unidata-nexrad-level2/2023/04/02/KTLX/KTLX20230402_102155_V06,2023-04-02 10:21:55,2023-04-02 10:26:55
KTLX,s3://unidata-nexrad-level2/2023/04/02/KTLX/KTLX20230402_102856_V06,2023-04-02 10:28:56,2023-04-02 10:33:56
KTLX,s3://unidata-nexrad-level2/2023/04/02/KTLX/KTLX20230402_103557_V06,2023-04-02 10:35:57,2023-04-02 10:40:57
KTLX,s3://unidata-nexrad-level2/2023/04/02/KTLX/KTLX20230402_104258_V06,2023-04-02 10:42:58,2023-04-02 10:47:58
KTLX,s3://unidata-nexrad-level2/2023/04/02/KTLX/KTLX20230402_105000_V06,2023-04-02 10:50:00,2023-04-02 10:55:00
KTLX,s3://unidata-nexrad-level2/2023/04/02/KTLX/KTLX20230402_105701_V06,2023-04-02 10:57:01,2023-04-02 11:02:01
KTLX,s3://unidata-nexrad-level2/2023/04/02/KTLX/KTLX20230402_110403_V06,2023-04-02 11:04:03,2023-04-02 11:09:03
KTLX,s3://unidata-nexrad-level2/2023/04/02/KTLX/KTLX20230402_111103_V06,2023-04-02 11:11:03,2023-04-02 11:16:03
KTLX,s3://unidata-nexrad-level2/2023/04/02/KTLX/KTLX20230402_111805_V06,2023-04-02 11:18:05,2023-04-02 11:23:05
KTLX,s3://unidata-nexrad-level2/2023/04/02/KTLX/KTLX20230402_112507_V06,2023-04-02 11:25:07,2023-04-02 11:30:07
KTLX,s3://unidata-nexrad-level2/2023/04/02/KTLX/KTLX20230402_113209_V06,2023-04-02 11:32:09,2023-04-02 11:37:09
KTLX,s3://unidata-nexrad-level2/2023/04/02/KTLX/KTLX20230402_113911_V06,2023-04-02 11:39:11,2023-04-02 11:44:11
KTLX,s3://unidata-nexrad-level2/2023/04/02/KTLX/KTLX20230402_114613_V06,2023-04-02 11:46:13,2023-04-02 11:51:13
KTLX,s3://unidata-nexrad-level2/2023/04/02/KTLX/KTLX20230402_115315_V06,2023-04-02 11:53:15,2023-04-02 11:58:15
KTLX,s3://unidata-nexrad-level2/2023/04/02/KTLX/KTLX20230402_120017_V06,2023-04-02 12:00:17,2023-04-02 12:05:17
KTLX,s3://unidata-nexrad-level2/2023/04/02/KTLX/KTLX20230402_120717_V06,2023-04-02 12:07:17,2023-04-02 12:12:17
KTLX,s3://unidata-nexrad-level2/2023/04/02/KTLX/KTLX20230402_121419_V06,2023-04-02 12:14:19,2023-04-02 12:19:19
KTLX,s3://unidata-nexrad-level2/2023/04/02/KTLX/KTLX20230402_122121_V06,2023-04-02 12:21:21,2023-04-02 12:26:21
KTLX,s3://unidata-nexrad-level2/2023/04/02/KTLX/KTLX20230402_122823_V06,2023-04-02 12:28:23,2023-04-02 12:33:23
KTLX,s3://unidata-nexrad-level2/2023/04/02/KTLX/KTLX20230402_123524_V06,2023-04-02 12:35:24,2023-04-02 12:40:24
KTLX,s3://unidata-nexrad-level2/2023/04/02/KTLX/KTLX20230402_124225_V06,2023-04-02 12:42:25,2023-04-02 12:47:25
KTLX,s3://unidata-nexrad-level2/2023/04/02/KTLX/KTLX20230402_124926_V06,2023-04-02 12:49:26,2023-04-02 12:54:26
KTLX,s3://unidata-nexrad-level2/2023/04/02/KTLX/KTLX20230402_125608_V06,2023-04-02 12:56:08,2023-04-02 13:01:08
KTLX,s3://unidata-nexrad-level2/2023/04/02/KTLX/KTLX20230402_130310_V06,2023-04-02 13:03:10,2023-04-02 13:08:10
KTLX,s3://unidata-nexrad-level2/2023/04/02/KTLX/KTLX20230402_131005_V06,2023-04-02 13:10:05,2023-04-02 13:15:05
KTLX,s3://unidata-nexrad-level2/2023/04/02/KTLX/KTLX20230402_131707_V06,2023-04-02 13:17:07,2023-04-02 13:22:07
KTLX,s3://unidata-nexrad-level2/2023/04/02/KTLX/KTLX20230402_132408_V06,2023-04-02 13:24:08,2023-04-02 13:29:08
KTLX,s3://unidata-nexrad-level2/2023/04/02/KTLX/KTLX20230402_133110_V06,2023-04-02 13:31:10,2023-04-02 13:36:10
KTLX,s3://unidata-nexrad-level2/2023/04/02/KTLX/KTLX20230402_133812_V06,2023-04-02 13:38:12,2023-04-02 13:43:12
KTLX,s3://unidata-nexrad-level2/2023/04/02/KTLX/KTLX20230402_134513_V06,2023-04-02 13:45:13,2023-04-02 13:50:13
KTLX,s3://unidata-nexrad-level2/2023/04/02/KTLX/KTLX20230402_135215_V06,2023-04-02 13:52:15,2023-04-02 13:57:15
KTLX,s3://unidata-nexrad-level2/2023/04/02/KTLX/KTLX20230402_135917_V06,2023-04-02 13:59:17,2023-04-02 14:04:17
KTLX,s3://unidata-nexrad-level2/2023/04/02/KTLX/KTLX20230402_140618_V06,2023-04-02 14:06:18,2023-04-02 14:11:18
KTLX,s3://unidata-nexrad-level2/2023/04/02/KTLX/KTLX20230402_141319_V06,2023-04-02 14:13:19,2023-04-02 14:18:19
KTLX,s3://unidata-nexrad-level2/2023/04/02/KTLX/KTLX20230402_142021_V06,2023-04-02 14:20:21,2023-04-02 14:25:21
KTLX,s3://unidata-nexrad-level2/2023/04/02/KTLX/KTLX20230402_142723_V06,2023-04-02 14:27:23,2023-04-02 14:32:23
KTLX,s3://unidata-nexrad-level2/2023/04/02/KTLX/KTLX20230402_143425_V06,2023-04-02 14:34:25,2023-04-02 14:39:25
KTLX,s3://unidata-nexrad-level2/2023/04/02/KTLX/KTLX20230402_144127_V06,2023-04-02 14:41:27,2023-04-02 14:46:27
KTLX,s3://unidata-nexrad-level2/2023/04/02/KTLX/KTLX20230402_144828_V06,2023-04-02 14:48:28,2023-04-02 14:53:28
KTLX,s3://unidata-nexrad-level2/2023/04/02/KTLX/KTLX20230402_145530_V06,2023-04-02 14:55:30,2023-04-02 15:00:30
KTLX,s3://unidata-nexrad-level2/2023/04/02/KTLX/KTLX20230402_150225_V06,2023-04-02 15:02:25,2023-04-02 15:07:25
KTLX,s3://unidata-nexrad-level2/2023/04/02/KTLX/KTLX20230402_150920_V06,2023-04-02 15:09:20,2023-04-02 15:14:20
KTLX,s3://unidata-nexrad-level2/2023/04/02/KTLX/KTLX20230402_151622_V06,2023-04-02 15:16:22,2023-04-02 15:21:22
KTLX,s3://unidata-nexrad-level2/2023/04/02/KTLX/KTLX20230402_152324_V06,2023-04-02 15:23:24,2023-04-02 15:28:24
KTLX,s3://unidata-nexrad-level2/2023/04/02/KTLX/KTLX20230402_153020_V06,2023-04-02 15:30:20,2023-04-02 15:35:20
KTLX,s3://unidata-nexrad-level2/2023/04/02/KTLX/KTLX20230402_153823_V06,2023-04-02 15:38:23,2023-04-02 15:43:23
KTLX,s3://unidata-nexrad-level2/2023/04/02/KTLX/KTLX20230402_154513_V06,2023-04-02 15:45:13,2023-04-02 15:50:13
KTLX,s3://unidata-nexrad-level2/2023/04/02/KTLX/KTLX20230402_155204_V06,2023-04-02 15:52:04,2023-04-02 15:57:04
KTLX,s3://unidata-nexrad-level2/2023/04/02/KTLX/KTLX20230402_155855_V06,2023-04-02 15:58:55,2023-04-02 16:03:55
KTLX,s3://unidata-nexrad-level2/2023/04/02/KTLX/KTLX20230402_160541_V06,2023-04-02 16:05:41,2023-04-02 16:10:41
KTLX,s3://unidata-nexrad-level2/2023/04/02/KTLX/KTLX20230402_161229_V06,2023-04-02 16:12:29,2023-04-02 16:17:29
KTLX,s3://unidata-nexrad-level2/2023/04/02/KTLX/KTLX20230402_161916_V06,2023-04-02 16:19:16,2023-04-02 16:24:16
KTLX,s3://unidata-nexrad-level2/2023/04/02/KTLX/KTLX20230402_162558_V06,2023-04-02 16:25:58,2023-04-02 16:30:58
KTLX,s3://unidata-nexrad-level2/2023/04/02/KTLX/KTLX20230402_163239_V06,2023-04-02 16:32:39,2023-04-02 16:37:39
KTLX,s3://unidata-nexrad-level2/2023/04/02/KTLX/KTLX20230402_163921_V06,2023-04-02 16:39:21,2023-04-02 16:44:21
KTLX,s3://unidata-nexrad-level2/2023/04/02/KTLX/KTLX20230402_164603_V06,2023-04-02 16:46:03,2023-04-02 16:51:03
KTLX,s3://unidata-nexrad-level2/2023/04/02/KTLX/KTLX20230402_165245_V06,2023-04-02 16:52:45,2023-04-02 16:57:32
KTLX,s3://unidata-nexrad-level2/2023/04/02/KTLX/KTLX20230402_165732_V06,2023-04-02 16:57:32,2023-04-02 17:02:04
KTLX,s3://unidata-nexrad-level2/2023/04/02/KTLX/KTLX20230402_170204_V06,2023-04-02 17:02:04,2023-04-02 17:06:35
KTLX,s3://unidata-nexrad-level2/2023/04/02/KTLX/KTLX20230402_170635_V06,2023-04-02 17:06:35,2023-04-02 17:11:05
KTLX,s3://unidata-nexrad-level2/2023/04/02/KTLX/KTLX20230402_171105_V06,2023-04-02 17:11:05,2023-04-02 17:15:35
KTLX,s3://unidata-nexrad-level2/2023/04/02/KTLX/KTLX20230402_171535_V06,2023-04-02 17:15:35,2023-04-02 17:20:05
KTLX,s3://unidata-nexrad-level2/2023/04/02/KTLX/KTLX20230402_172005_V06,2023-04-02 17:20:05,2023-04-02 17:24:36
KTLX,s3://unidata-nexrad-level2/2023/04/02/KTLX/KTLX20230402_172436_V06,2023-04-02 17:24:36,2023-04-02 17:29:07
KTLX,s3://unidata-nexrad-level2/2023/04/02/KTLX/KTLX20230402_172907_V06,2023-04-02 17:29:07,2023-04-02 17:33:38
KTLX,s3://unidata-nexrad-level2/2023/04/02/KTLX/KTLX20230402_173338_V06,2023-04-02 17:33:38,2023-04-02 17:38:07
KTLX,s3://unidata-nexrad-level2/2023/04/02/KTLX/KTLX20230402_173807_V06,2023-04-02 17:38:07,2023-04-02 17:42:37
KTLX,s3://unidata-nexrad-level2/2023/04/02/KTLX/KTLX20230402_174237_V06,2023-04-02 17:42:37,2023-04-02 17:47:07
KTLX,s3://unidata-nexrad-level2/2023/04/02/KTLX/KTLX20230402_174707_V06,2023-04-02 17:47:07,2023-04-02 17:51:37
KTLX,s3://unidata-nexrad-level2/2023/04/02/KTLX/KTLX20230402_175137_V06,2023-04-02 17:51:37,2023-04-02 17:56:07
KTLX,s3://unidata-nexrad-level2/2023/04/02/KTLX/KTLX20230402_175607_V06,2023-04-02 17:56:07,2023-04-02 18:00:36
KTLX,s3://unidata-nexrad-level2/2023/04/02/KTLX/KTLX20230402_180036_V06,2023-04-02 18:00:36,2023-04-02 18:05:05
KTLX,s3://unidata-nexrad-level2/2023/04/02/KTLX/KTLX20230402_180505_V06,2023-04-02 18:05:05,2023-04-02 18:09:29
KTLX,s3://unidata-nexrad-level2/2023/04/02/KTLX/KTLX20230402_180929_V06,2023-04-02 18:09:29,2023-04-02 18:13:59
KTLX,s3://unidata-nexrad-level2/2023/04/02/KTLX/KTLX20230402_181359_V06,2023-04-02 18:13:59,2023-04-02 18:18:34
KTLX,s3://unidata-nexrad-level2/2023/04/02/KTLX/KTLX20230402_181834_V06,2023-04-02 18:18:34,2023-04-02 18:23:09
KTLX,s3://unidata-nexrad-level2/2023/04/02/KTLX/KTLX20230402_182309_V06,2023-04-02 18:23:09,2023-04-02 18:27:43
KTLX,s3://unidata-nexrad-level2/2023/04/02/KTLX/KTLX20230402_182743_V06,2023-04-02 18:27:43,2023-04-02 18:32:18
KTLX,s3://unidata-nexrad-level2/2023/04/02/KTLX/KTLX20230402_183218_V06,2023-04-02 18:32:18,2023-04-02 18:36:53
KTLX,s3://unidata-nexrad-level2/2023/04/02/KTLX/KTLX20230402_183653_V06,2023-04-02 18:36:53,2023-04-02 18:41:27
KTLX,s3://unidata-nexrad-level2/2023/04/02/KTLX/KTLX20230402_184127_V06,2023-04-02 18:41:27,2023-04-02 18:46:01
KTLX,s3://unidata-nexrad-level2/2023/04/02/KTLX/KTLX20230402_184601_V06,2023-04-02 18:46:01,2023-04-02 18:50:35
KTLX,s3://unidata-nexrad-level2/2023/04/02/KTLX/KTLX20230402_185035_V06,2023-04-02 18:50:35,2023-04-02 18:55:10
KTLX,s3://unidata-nexrad-level2/2023/04/02/KTLX/KTLX20230402_185510_V06,2023-04-02 18:55:10,2023-04-02 18:59:44
KTLX,s3://unidata-nexrad-level2/2023/04/02/KTLX/KTLX20230402_185944_V06,2023-04-02 18:59:44,2023-04-02 19:04:17
KTLX,s3://unidata-nexrad-level2/2023/04/02/KTLX/KTLX20230402_190417_V06,2023-04-02 19:04:17,2023-04-02 19:08:24
KTLX,s3://unidata-nexrad-level2/2023/04/02/KTLX/KTLX20230402_190824_V06,2023-04-02 19:08:24,2023-04-02 19:12:57
KTLX,s3://unidata-nexrad-level2/2023/04/02/KTLX/KTLX20230402_191257_V06,2023-04-02 19:12:57,2023-04-02 19:17:31
KTLX,s3://unidata-nexrad-level2/2023/04/02/KTLX/KTLX20230402_191731_V06,2023-04-02 19:17:31,2023-04-02 19:22:05
KTLX,s3://unidata-nexrad-level2/2023/04/02/KTLX/KTLX20230402_192205_V06,2023-04-02 19:22:05,2023-04-02 19:26:19
KTLX,s3://unidata-nexrad-level2/2023/04/02/KTLX/KTLX20230402_192619_V06,2023-04-02 19:26:19,2023-04-02 19:30:35
KTLX,s3://unidata-nexrad-level2/2023/04/02/KTLX/KTLX20230402_193035_V06,2023-04-02 19:30:35,2023-04-02 19:34:50
KTLX,s3://unidata-nexrad-level2/2023/04/02/KTLX/KTLX20230402_193450_V06,2023-04-02 19:34:50,2023-04-02 19:38:58
KTLX,s3://unidata-nexrad-level2/2023/04/02/KTLX/KTLX20230402_193858_V06,2023-04-02 19:38:58,2023-04-02 19:43:38
KTLX,s3://unidata-nexrad-level2/2023/04/02/KTLX/KTLX20230402_194338_V06,2023-04-02 19:43:38,2023-04-02 19:48:12
KTLX,s3://unidata-nexrad-level2/2023/04/02/KTLX/KTLX20230402_194812_V06,2023-04-02 19:48:12,2023-04-02 19:52:32
KTLX,s3://unidata-nexrad-level2/2023/04/02/KTLX/KTLX20230402_195232_V06,2023-04-02 19:52:32,2023-04-02 19:56:52
KTLX,s3://unidata-nexrad-level2/2023/04/02/KTLX/KTLX20230402_195652_V06,2023-04-02 19:56:52,2023-04-02 20:01:14
KTLX,s3://unidata-nexrad-level2/2023/04/02/KTLX/KTLX20230402_200114_V06,2023-04-02 20:01:14,2023-04-02 20:05:36
KTLX,s3://unidata-nexrad-level2/2023/04/02/KTLX/KTLX20230402_200536_V06,2023-04-02 20:05:36,2023-04-02 20:09:38
KTLX,s3://unidata-nexrad-level2/2023/04/02/KTLX/KTLX20230402_200938_V06,2023-04-02 20:09:38,2023-04-02 20:13:41
KTLX,s3://unidata-nexrad-level2/2023/04/02/KTLX/KTLX20230402_201341_V06,2023-04-02 20:13:41,2023-04-02 20:17:29
KTLX,s3://unidata-nexrad-level2/2023/04/02/KTLX/KTLX20230402_201729_V06,2023-04-02 20:17:29,2023-04-02 20:21:30
KTLX,s3://unidata-nexrad-level2/2023/04/02/KTLX/KTLX20230402_202130_V06,2023-04-02 20:21:30,2023-04-02 20:25:38
KTLX,s3://unidata-nexrad-level2/2023/04/02/KTLX/KTLX20230402_202538_V06,2023-04-02 20:25:38,2023-04-02 20:29:36
KTLX,s3://unidata-nexrad-level2/2023/04/02/KTLX/KTLX20230402_202936_V06,2023-04-02 20:29:36,2023-04-02 20:33:47
KTLX,s3://unidata-nexrad-level2/2023/04/02/KTLX/KTLX20230402_203347_V06,2023-04-02 20:33:47,2023-04-02 20:37:54
KTLX,s3://unidata-nexrad-level2/2023/04/02/KTLX/KTLX20230402_203754_V06,2023-04-02 20:37:54,2023-04-02 20:42:22
KTLX,s3://unidata-nexrad-level2/2023/04/02/KTLX/KTLX20230402_204222_V06,2023-04-02 20:42:22,2023-04-02 20:46:57
KTLX,s3://unidata-nexrad-level2/2023/04/02/KTLX/KTLX20230402_204657_V06,2023-04-02 20:46:57,2023-04-02 20:51:17
KTLX,s3://unidata-nexrad-level2/2023/04/02/KTLX/KTLX20230402_205117_V06,2023-04-02 20:51:17,2023-04-02 20:55:38
KTLX,s3://unidata-nexrad-level2/2023/04/02/KTLX/KTLX20230402_205538_V06,2023-04-02 20:55:38,2023-04-02 20:59:54
KTLX,s3://unidata-nexrad-level2/2023/04/02/KTLX/KTLX20230402_205954_V06,2023-04-02 20:59:54,2023-04-02 21:04:14
KTLX,s3://unidata-nexrad-level2/2023/04/02/KTLX/KTLX20230402_210414_V06,2023-04-02 21:04:14,2023-04-02 21:08:55
KTLX,s3://unidata-nexrad-level2/2023/04/02/KTLX/KTLX20230402_210855_V06,2023-04-02 21:08:55,2023-04-02 21:13:19
KTLX,s3://unidata-nexrad-level2/2023/04/02/KTLX/KTLX20230402_211319_V06,2023-04-02 21:13:19,2023-04-02 21:17:54
KTLX,s3://unidata-nexrad-level2/2023/04/02/KTLX/KTLX20230402_211754_V06,2023-04-02 21:17:54,2023-04-02 21:22:35
KTLX,s3://unidata-nexrad-level2/2023/04/02/KTLX/KTLX20230402_212235_V06,2023-04-02 21:22:35,2023-04-02 21:27:16
KTLX,s3://unidata-nexrad-level2/2023/04/02/KTLX/KTLX20230402_212716_V06,2023-04-02 21:27:16,2023-04-02 21:31:49
KTLX,s3://unidata-nexrad-level2/2023/04/02/KTLX/KTLX20230402_213149_V06,2023-04-02 21:31:49,2023-04-02 21:36:13
KTLX,s3://unidata-nexrad-level2/2023/04/02/KTLX/KTLX20230402_213613_V06,2023-04-02 21:36:13,2023-04-02 21:40:41
KTLX,s3://unidata-nexrad-level2/2023/04/02/KTLX/KTLX20230402_214041_V06,2023-04-02 21:40:41,2023-04-02 21:45:11
KTLX,s3://unidata-nexrad-level2/2023/04/02/KTLX/KTLX20230402_214511_V06,2023-04-02 21:45:11,2023-04-02 21:49:39
KTLX,s3://unidata-nexrad-level2/2023/04/02/KTLX/KTLX20230402_214939_V06,2023-04-02 21:49:39,2023-04-02 21:54:35
KTLX,s3://unidata-nexrad-level2/2023/04/02/KTLX/KTLX20230402_215435_V06,2023-04-02 21:54:35,2023-04-02 21:59:35
KTLX,s3://unidata-nexrad-level2/2023/04/02/KTLX/KTLX20230402_215950_V06,2023-04-02 21:59:50,2023-04-02 22:04:50
KTLX,s3://unidata-nexrad-level2/2023/04/02/KTLX/KTLX20230402_220458_V06,2023-04-02 22:04:58,2023-04-02 22:09:58
KTLX,s3://unidata-nexrad-level2/2023/04/02/KTLX/KTLX20230402_221000_V06,2023-04-02 22:10:00,2023-04-02 22:14:56
KTLX,s3://unidata-nexrad-level2/2023/04/02/KTLX/KTLX20230402_221456_V06,2023-04-02 22:14:56,2023-04-02 22:19:56
KTLX,s3://unidata-nexrad-level2/2023/04/02/KTLX/KTLX20230402_221958_V06,2023-04-02 22:19:58,2023-04-02 22:24:53
KTLX,s3://unidata-nexrad-level2/2023/04/02/KTLX/KTLX20230402_222453_V06,2023-04-02 22:24:53,2023-04-02 22:29:53
KTLX,s3://unidata-nexrad-level2/2023/04/02/KTLX/KTLX20230402_222954_V06,2023-04-02 22:29:54,2023-04-02 22:34:50
KTLX,s3://unidata-nexrad-level2/2023/04/02/KTLX/KTLX20230402_223450_V06,2023-04-02 22:34:50,2023-04-02 22:39:46
KTLX,s3://unidata-nexrad-level2/2023/04/02/KTLX/KTLX20230402_223946_V06,2023-04-02 22:39:46,2023-04-02 22:44:43
KTLX,s3://unidata-nexrad-level2/2023/04/02/KTLX/KTLX20230402_224443_V06,2023-04-02 22:44:43,2023-04-02 22:49:43
KTLX,s3://unidata-nexrad-level2/2023/04/02/KTLX/KTLX20230402_224958_V06,2023-04-02 22:49:58,2023-04-02 22:54:53
KTLX,s3://unidata-nexrad-level2/2023/04/02/KTLX/KTLX20230402_225453_V06,2023-04-02 22:54:53,2023-04-02 22:59:53
KTLX,s3://unidata-nexrad-level2/2023/04/02/KTLX/KTLX20230402_230001_V06,2023-04-02 23:00:01,2023-04-02 23:05:01
KTLX,s3://unidata-nexrad-level2/2023/04/02/KTLX/KTLX20230402_230509_V06,2023-04-02 23:05:09,2023-04-02 23:10:09
KTLX,s3://unidata-nexrad-level2/2023/04/02/KTLX/KTLX20230402_231017_V06,2023-04-02 23:10:17,2023-04-02 23:15:17
KTLX,s3://unidata-nexrad-level2/2023/04/02/KTLX/KTLX20230402_231533_V06,2023-04-02 23:15:33,2023-04-02 23:20:33
KTLX,s3://unidata-nexrad-level2/2023/04/02/KTLX/KTLX20230402_232041_V06,2023-04-02 23:20:41,2023-04-02 23:25:36
KTLX,s3://unidata-nexrad-level2/2023/04/02/KTLX/KTLX20230402_232536_V06,2023-04-02 23:25:36,2023-04-02 23:30:36
KTLX,s3://unidata-nexrad-level2/2023/04/02/KTLX/KTLX20230402_233045_V06,2023-04-02 23:30:45,2023-04-02 23:35:45
KTLX,s3://unidata-nexrad-level2/2023/04/02/KTLX/KTLX20230402_233554_V06,2023-04-02 23:35:54,2023-04-02 23:40:54
KTLX,s3://unidata-nexrad-level2/2023/04/02/KTLX/KTLX20230402_234209_V06,2023-04-02 23:42:09,2023-04-02 23:46:53
KTLX,s3://unidata-nexrad-level2/2023/04/02/KTLX/KTLX20230402_234653_V06,2023-04-02 23:46:53,2023-04-02 23:51:27
KTLX,s3://unidata-nexrad-level2/2023/04/02/KTLX/KTLX20230402_235127_V06,2023-04-02 23:51:27,2023-04-02 23:55:55
KTLX,s3://unidata-nexrad-level2/2023/04/02/KTLX/KTLX20230402_235555_V06,2023-04-02 23:55:55,2023-04-03 00:00:23
KTLX,s3://unidata-nexrad-level2/2023/04/03/KTLX/KTLX20230403_000023_V06,2023-04-03 00:00:23,2023-04-03 00:04:58
KTLX,s3://unidata-nexrad-level2/2023/04/03/KTLX/KTLX20230403_000458_V06,2023-04-03 00:04:58,2023-04-03 00:09:13
KTLX,s3://unidata-nexrad-level2/2023/04/03/KTLX/KTLX20230403_000913_V06,2023-04-03 00:09:13,2023-04-03 00:13:28
KTLX,s3://unidata-nexrad-level2/2023/04/03/KTLX/KTLX20230403_001328_V06,2023-04-03 00:13:28,2023-04-03 00:17:50
KTLX,s3://unidata-nexrad-level2/2023/04/03/KTLX/KTLX20230403_001750_V06,2023-04-03 00:17:50,2023-04-03 00:21:46
KTLX,s3://unidata-nexrad-level2/2023/04/03/KTLX/KTLX20230403_002146_V06,2023-04-03 00:21:46,2023-04-03 00:26:04
KTLX,s3://unidata-nexrad-level2/2023/04/03/KTLX/KTLX20230403_002604_V06,2023-04-03 00:26:04,2023-04-03 00:30:23
KTLX,s3://unidata-nexrad-level2/2023/04/03/KTLX/KTLX20230403_003023_V06,2023-04-03 00:30:23,2023-04-03 00:34:42
KTLX,s3://unidata-nexrad-level2/2023/04/03/KTLX/KTLX20230403_003442_V06,2023-04-03 00:34:42,2023-04-03 00:38:44
KTLX,s3://unidata-nexrad-level2/2023/04/03/KTLX/KTLX20230403_003844_V06,2023-04-03 00:38:44,2023-04-03 00:43:19
KTLX,s3://unidata-nexrad-level2/2023/04/03/KTLX/KTLX20230403_004319_V06,2023-04-03 00:43:19,2023-04-03 00:47:28
KTLX,s3://unidata-nexrad-level2/2023/04/03/KTLX/KTLX20230403_004728_V06,2023-04-03 00:47:28,2023-04-03 00:51:38
KTLX,s3://unidata-nexrad-level2/2023/04/03/KTLX/KTLX20230403_005138_V06,2023-04-03 00:51:38,2023-04-03 00:55:46
KTLX,s3://unidata-nexrad-level2/2023/04/03/KTLX/KTLX20230403_005546_V06,2023-04-03 00:55:46,2023-04-03 00:59:54
KTLX,s3://unidata-nexrad-level2/2023/04/03/KTLX/KTLX20230403_005954_V06,2023-04-03 00:59:54,2023-04-03 01:04:04
KTLX,s3://unidata-nexrad-level2/2023/04/03/KTLX/KTLX20230403_010404_V06,2023-04-03 01:04:04,2023-04-03 01:08:05
KTLX,s3://unidata-nexrad-level2/2023/04/03/KTLX/KTLX20230403_010805_V06,2023-04-03 01:08:05,2023-04-03 01:12:22
KTLX,s3://unidata-nexrad-level2/2023/04/03/KTLX/KTLX20230403_011222_V06,2023-04-03 01:12:22,2023-04-03 01:16:10
KTLX,s3://unidata-nexrad-level2/2023/04/03/KTLX/KTLX20230403_011610_V06,2023-04-03 01:16:10,2023-04-03 01:20:19
KTLX,s3://unidata-nexrad-level2/2023/04/03/KTLX/KTLX20230403_012019_V06,2023-04-03 01:20:19,2023-04-03 01:24:37
KTLX,s3://unidata-nexrad-level2/2023/04/03/KTLX/KTLX20230403_012437_V06,2023-04-03 01:24:37,2023-04-03 01:28:45
KTLX,s3://unidata-nexrad-level2/2023/04/03/KTLX/KTLX20230403_012845_V06,2023-04-03 01:28:45,2023-04-03 01:32:54
KTLX,s3://unidata-nexrad-level2/2023/04/03/KTLX/KTLX20230403_013254_V06,2023-04-03 01:32:54,2023-04-03 01:37:12
KTLX,s3://unidata-nexrad-level2/2023/04/03/KTLX/KTLX20230403_013712_V06,2023-04-03 01:37:12,2023-04-03 01:41:22
KTLX,s3://unidata-nexrad-level2/2023/04/03/KTLX/KTLX20230403_014122_V06,2023-04-03 01:41:22,2023-04-03 01:46:22
KTLX,s3://unidata-nexrad-level2/2023/04/03/KTLX/KTLX20230403_014816_V06,2023-04-03 01:48:16,2023-04-03 01:51:40
KTLX,s3://unidata-nexrad-level2/2023/04/03/KTLX/KTLX20230403_015140_V06,2023-04-03 01:51:40,2023-04-03 01:55:15
KTLX,s3://unidata-nexrad-level2/2023/04/03/KTLX/KTLX20230403_015515_V06,2023-04-03 01:55:15,2023-04-03 01:58:52
KTLX,s3://unidata-nexrad-level2/2023/04/03/KTLX/KTLX20230403_015852_V06,2023-04-03 01:58:52,2023-04-03 02:02:28
KTLX,s3://unidata-nexrad-level2/2023/04/03/KTLX/KTLX20230403_020228_V06,2023-04-03 02:02:28,2023-04-03 02:06:03
KTLX,s3://unidata-nexrad-level2/2023/04/03/KTLX/KTLX20230403_020603_V06,2023-04-03 02:06:03,2023-04-03 02:09:39
KTLX,s3://unidata-nexrad-level2/2023/04/03/KTLX/KTLX20230403_020939_V06,2023-04-03 02:09:39,2023-04-03 02:13:13
KTLX,s3://unidata-nexrad-level2/2023/04/03/KTLX/KTLX20230403_021313_V06,2023-04-03 02:13:13,2023-04-03 02:16:51
KTLX,s3://unidata-nexrad-level2/2023/04/03/KTLX/KTLX20230403_021651_V06,2023-04-03 02:16:51,2023-04-03 02:21:51
KTLX,s3://unidata-nexrad-level2/2023/04/03/KTLX/KTLX20230403_022346_V06,2023-04-03 02:23:46,2023-04-03 02:28:46
KTLX,s3://unidata-nexrad-level2/2023/04/03/KTLX/KTLX20230403_023046_V06,2023-04-03 02:30:46,2023-04-03 02:35:46
KTLX,s3://unidata-nexrad-level2/2023/04/03/KTLX/KTLX20230403_023747_V06,2023-04-03 02:37:47,2023-04-03 02:42:47
KTLX,s3://unidata-nexrad-level2/2023/04/03/KTLX/KTLX20230403_024448_V06,2023-04-03 02:44:48,2023-04-03 02:49:48
KTLX,s3://unidata-nexrad-level2/2023/04/03/KTLX/KTLX20230403_025149_V06,2023-04-03 02:51:49,2023-04-03 02:56:49
KTLX,s3://unidata-nexrad-level2/2023/04/03/KTLX/KTLX20230403_025850_V06,2023-04-03 02:58:50,2023-04-03 03:03:50
KTLX,s3://unidata-nexrad-level2/2023/04/03/KTLX/KTLX20230403_030550_V06,2023-04-03 03:05:50,2023-04-03 03:10:50
KTLX,s3://unidata-nexrad-level2/2023/04/03/KTLX/KTLX20230403_031251_V06,2023-04-03 03:12:51,2023-04-03 03:17:51
KTLX,s3://unidata-nexrad-level2/2023/04/03/KTLX/KTLX20230403_031952_V06,2023-04-03 03:19:52,2023-04-03 03:24:52
KTLX,s3://unidata-nexrad-level2/2023/04/03/KTLX/KTLX20230403_032653_V06,2023-04-03 03:26:53,2023-04-03 03:31:53
KTLX,s3://unidata-nexrad-level2/2023/04/03/KTLX/KTLX20230403_033353_V06,2023-04-03 03:33:53,2023-04-03 03:38:53
KTLX,s3://unidata-nexrad-level2/2023/04/03/KTLX/KTLX20230403_034054_V06,2023-04-03 03:40:54,2023-04-03 03:45:54
KTLX,s3://unidata-nexrad-level2/2023/04/03/KTLX/KTLX20230403_034755_V06,2023-04-03 03:47:55,2023-04-03 03:52:55
KTLX,s3://unidata-nexrad-level2/2023/04/03/KTLX/KTLX20230403_035456_V06,2023-04-03 03:54:56,2023-04-03 03:59:56
KTLX,s3://unidata-nexrad-level2/2023/04/03/KTLX/KTLX20230403_040156_V06,2023-04-03 04:01:56,2023-04-03 04:06:56
KTLX,s3://unidata-nexrad-level2/2023/04/03/KTLX/KTLX20230403_040858_V06,2023-04-03 04:08:58,2023-04-03 04:13:58
KTLX,s3://unidata-nexrad-level2/2023/04/03/KTLX/KTLX20230403_041600_V06,2023-04-03 04:16:00,2023-04-03 04:21:00
KTLX,s3://unidata-nexrad-level2/2023/04/03/KTLX/KTLX20230403_042301_V06,2023-04-03 04:23:01,2023-04-03 04:28:01
KTLX,s3://unidata-nexrad-level2/2023/04/03/KTLX/KTLX20230403_043001_V06,2023-04-03 04:30:01,2023-04-03 04:35:01
KTLX,s3://unidata-nexrad-level2/2023/04/03/KTLX/KTLX20230403_043703_V06,2023-04-03 04:37:03,2023-04-03 04:42:03
KTLX,s3://unidata-nexrad-level2/2023/04/03/KTLX/KTLX20230403_044405_V06,2023-04-03 04:44:05,2023-04-03 04:49:05
KTLX,s3://unidata-nexrad-level2/2023/04/03/KTLX/KTLX20230403_045106_V06,2023-04-03 04:51:06,2023-04-03 04:56:06
KTLX,s3://unidata-nexrad-level2/2023/04/03/KTLX/KTLX20230403_045807_V06,2023-04-03 04:58:07,2023-04-03 05:03:07
KTLX,s3://unidata-nexrad-level2/2023/04/03/KTLX/KTLX20230403_050508_V06,2023-04-03 05:05:08,2023-04-03 05:10:08
KTLX,s3://unidata-nexrad-level2/2023/04/03/KTLX/KTLX20230403_051210_V06,2023-04-03 05:12:10,2023-04-03 05:17:10
KTLX,s3://unidata-nexrad-level2/2023/04/03/KTLX/KTLX20230403_051911_V06,2023-04-03 05:19:11,2023-04-03 05:24:11
KTLX,s3://unidata-nexrad-level2/2023/04/03/KTLX/KTLX20230403_052612_V06,2023-04-03 05:26:12,2023-04-03 05:31:12
KTLX,s3://unidata-nexrad-level2/2023/04/03/KTLX/KTLX20230403_053313_V06,2023-04-03 05:33:13,2023-04-03 05:38:13
KTLX,s3://unidata-nexrad-level2/2023/04/03/KTLX/KTLX20230403_054015_V06,2023-04-03 05:40:15,2023-04-03 05:45:15
KTLX,s3://unidata-nexrad-level2/2023/04/03/KTLX/KTLX20230403_054718_V06,2023-04-03 05:47:18,2023-04-03 05:52:18
KTLX,s3://unidata-nexrad-level2/2023/04/03/KTLX/KTLX20230403_055419_V06,2023-04-03 05:54:19,2023-04-03 05:59:19
KTLX,s3://unidata-nexrad-level2/2023/04/03/KTLX/KTLX20230403_060121_V06,2023-04-03 06:01:21,2023-04-03 06:06:21
KTLX,s3://unidata-nexrad-level2/2023/04/03/KTLX/KTLX20230403_060823_V06,2023-04-03 06:08:23,2023-04-03 06:13:23
KTLX,s3://unidata-nexrad-level2/2023/04/03/KTLX/KTLX20230403_061525_V06,2023-04-03 06:15:25,2023-04-03 06:20:25
KTLX,s3://unidata-nexrad-level2/2023/04/03/KTLX/KTLX20230403_062226_V06,2023-04-03 06:22:26,2023-04-03 06:27:26
KTLX,s3://unidata-nexrad-level2/2023/04/03/KTLX/KTLX20230403_062927_V06,2023-04-03 06:29:27,2023-04-03 06:34:27
KTLX,s3://unidata-nexrad-level2/2023/04/03/KTLX/KTLX20230403_063629_V06,2023-04-03 06:36:29,2023-04-03 06:41:29
KTLX,s3://unidata-nexrad-level2/2023/04/03/KTLX/KTLX20230403_064331_V06,2023-04-03 06:43:31,2023-04-03 06:48:31
KTLX,s3://unidata-nexrad-level2/2023/04/03/KTLX/KTLX20230403_065034_V06,2023-04-03 06:50:34,2023-04-03 06:55:34
KTLX,s3://unidata-nexrad-level2/2023/04/03/KTLX/KTLX20230403_065735_V06,2023-04-03 06:57:35,2023-04-03 07:02:35
KTLX,s3://unidata-nexrad-level2/2023/04/03/KTLX/KTLX20230403_070436_V06,2023-04-03 07:04:36,2023-04-03 07:09:36
KTLX,s3://unidata-nexrad-level2/2023/04/03/KTLX/KTLX20230403_071139_V06,2023-04-03 07:11:39,2023-04-03 07:16:39
KTLX,s3://unidata-nexrad-level2/2023/04/03/KTLX/KTLX20230403_071840_V06,2023-04-03 07:18:40,2023-04-03 07:23:40
KTLX,s3://unidata-nexrad-level2/2023/04/03/KTLX/KTLX20230403_072540_V06,2023-04-03 07:25:40,2023-04-03 07:30:40
KTLX,s3://unidata-nexrad-level2/2023/04/03/KTLX/KTLX20230403_073243_V06,2023-04-03 07:32:43,2023-04-03 07:37:43
KTLX,s3://unidata-nexrad-level2/2023/04/03/KTLX/KTLX20230403_073946_V06,2023-04-03 07:39:46,2023-04-03 07:44:46
KTLX,s3://unidata-nexrad-level2/2023/04/03/KTLX/KTLX20230403_074805_V06,2023-04-03 07:48:05,2023-04-03 07:53:05
KTLX,s3://unidata-nexrad-level2/2023/04/03/KTLX/KTLX20230403_075507_V06,2023-04-03 07:55:07,2023-04-03 08:00:07
KTLX,s3://unidata-nexrad-level2/2023/04/03/KTLX/KTLX20230403_080208_V06,2023-04-03 08:02:08,2023-04-03 08:07:08
KTLX,s3://unidata-nexrad-level2/2023/04/03/KTLX/KTLX20230403_080909_V06,2023-04-03 08:09:09,2023-04-03 08:14:09
KTLX,s3://unidata-nexrad-level2/2023/04/03/KTLX/KTLX20230403_081611_V06,2023-04-03 08:16:11,2023-04-03 08:21:11
KTLX,s3://unidata-nexrad-level2/2023/04/03/KTLX/KTLX20230403_082312_V06,2023-04-03 08:23:12,2023-04-03 08:28:12
KTLX,s3://unidata-nexrad-level2/2023/04/03/KTLX/KTLX20230403_083013_V06,2023-04-03 08:30:13,2023-04-03 08:35:13
KTLX,s3://unidata-nexrad-level2/2023/04/03/KTLX/KTLX20230403_083714_V06,2023-04-03 08:37:14,2023-04-03 08:42:14
KTLX,s3://unidata-nexrad-level2/2023/04/03/KTLX/KTLX20230403_084416_V06,2023-04-03 08:44:16,2023-04-03 08:49:16
KTLX,s3://unidata-nexrad-level2/2023/04/03/KTLX/KTLX20230403_085118_V06,2023-04-03 08:51:18,2023-04-03 08:56:18
KTLX,s3://unidata-nexrad-level2/2023/04/03/KTLX/KTLX20230403_085820_V06,2023-04-03 08:58:20,2023-04-03 09:03:20
KTLX,s3://unidata-nexrad-level2/2023/04/03/KTLX/KTLX20230403_090521_V06,2023-04-03 09:05:21,2023-04-03 09:10:21
KTLX,s3://unidata-nexrad-level2/2023/04/03/KTLX/KTLX20230403_091222_V06,2023-04-03 09:12:22,2023-04-03 09:17:22
KTLX,s3://unidata-nexrad-level2/2023/04/03/KTLX/KTLX20230403_091924_V06,2023-04-03 09:19:24,2023-04-03 09:24:24
KTLX,s3://unidata-nexrad-level2/2023/04/03/KTLX/KTLX20230403_092624_V06,2023-04-03 09:26:24,2023-04-03 09:31:24
KTLX,s3://unidata-nexrad-level2/2023/04/03/KTLX/KTLX20230403_093325_V06,2023-04-03 09:33:25,2023-04-03 09:38:25
KTLX,s3://unidata-nexrad-level2/2023/04/03/KTLX/KTLX20230403_094026_V06,2023-04-03 09:40:26,2023-04-03 09:45:26
KTLX,s3://unidata-nexrad-level2/2023/04/03/KTLX/KTLX20230403_094727_V06,2023-04-03 09:47:27,2023-04-03 09:52:27
KTLX,s3://unidata-nexrad-level2/2023/04/03/KTLX/KTLX20230403_095429_V06,2023-04-03 09:54:29,2023-04-03 09:59:29
KTLX,s3://unidata-nexrad-level2/2023/04/03/KTLX/KTLX20230403_100131_V06,2023-04-03 10:01:31,2023-04-03 10:06:31
KTLX,s3://unidata-nexrad-level2/2023/04/03/KTLX/KTLX20230403_100834_V06,2023-04-03 10:08:34,2023-04-03 10:13:34
KTLX,s3://unidata-nexrad-level2/2023/04/03/KTLX/KTLX20230403_101537_V06,2023-04-03 10:15:37,2023-04-03 10:20:37
KTLX,s3://unidata-nexrad-level2/2023/04/03/KTLX/KTLX20230403_102237_V06,2023-04-03 10:22:37,2023-04-03 10:27:37
KTLX,s3://unidata-nexrad-level2/2023/04/03/KTLX/KTLX20230403_102939_V06,2023-04-03 10:29:39,2023-04-03 10:34:39
KTLX,s3://unidata-nexrad-level2/2023/04/03/KTLX/KTLX20230403_103640_V06,2023-04-03 10:36:40,2023-04-03 10:41:40
KTLX,s3://unidata-nexrad-level2/2023/04/03/KTLX/KTLX20230403_104342_V06,2023-04-03 10:43:42,2023-04-03 10:48:42
KTLX,s3://unidata-nexrad-level2/2023/04/03/KTLX/KTLX20230403_105042_V06,2023-04-03 10:50:42,2023-04-03 10:55:42
KTLX,s3://unidata-nexrad-level2/2023/04/03/KTLX/KTLX20230403_105744_V06,2023-04-03 10:57:44,2023-04-03 11:02:44
KTLX,s3://unidata-nexrad-level2/2023/04/03/KTLX/KTLX20230403_110445_V06,2023-04-03 11:04:45,2023-04-03 11:09:45
KTLX,s3://unidata-nexrad-level2/2023/04/03/KTLX/KTLX20230403_111128_V06,2023-04-03 11:11:28,2023-04-03 11:16:28
KTLX,s3://unidata-nexrad-level2/2023/04/03/KTLX/KTLX20230403_111828_V06,2023-04-03 11:18:28,2023-04-03 11:23:28
KTLX,s3://unidata-nexrad-level2/2023/04/03/KTLX/KTLX20230403_112529_V06,2023-04-03 11:25:29,2023-04-03 11:30:29
KTLX,s3://unidata-nexrad-level2/2023/04/03/KTLX/KTLX20230403_113231_V06,2023-04-03 11:32:31,2023-04-03 11:37:31
KTLX,s3://unidata-nexrad-level2/2023/04/03/KTLX/KTLX20230403_113932_V06,2023-04-03 11:39:32,2023-04-03 11:44:32
KTLX,s3://unidata-nexrad-level2/2023/04/03/KTLX/KTLX20230403_114615_V06,2023-04-03 11:46:15,2023-04-03 11:51:15
KTLX,s3://unidata-nexrad-level2/2023/04/03/KTLX/KTLX20230403_115315_V06,2023-04-03 11:53:15,2023-04-03 11:58:15
KTLX,s3://unidata-nexrad-level2/2023/04/03/KTLX/KTLX20230403_120017_V06,2023-04-03 12:00:17,2023-04-03 12:05:17
KTLX,s3://unidata-nexrad-level2/2023/04/03/KTLX/KTLX20230403_120719_V06,2023-04-03 12:07:19,2023-04-03 12:12:19
KTLX,s3://unidata-nexrad-level2/2023/04/03/KTLX/KTLX20230403_121421_V06,2023-04-03 12:14:21,2023-04-03 12:19:21
KTLX,s3://unidata-nexrad-level2/2023/04/03/KTLX/KTLX20230403_122122_V06,2023-04-03 12:21:22,2023-04-03 12:26:22
KTLX,s3://unidata-nexrad-level2/2023/04/03/KTLX/KTLX20230403_122805_V06,2023-04-03 12:28:05,2023-04-03 12:33:05
KTLX,s3://unidata-nexrad-level2/2023/04/03/KTLX/KTLX20230403_123507_V06,2023-04-03 12:35:07,2023-04-03 12:40:07
KTLX,s3://unidata-nexrad-level2/2023/04/03/KTLX/KTLX20230403_124150_V06,2023-04-03 12:41:50,2023-04-03 12:46:50
KTLX,s3://unidata-nexrad-level2/2023/04/03/KTLX/KTLX20230403_124833_V06,2023-04-03 12:48:33,2023-04-03 12:53:33
KTLX,s3://unidata-nexrad-level2/2023/04/03/KTLX/KTLX20230403_125515_V06,2023-04-03 12:55:15,2023-04-03 13:00:15
KTLX,s3://unidata-nexrad-level2/2023/04/03/KTLX/KTLX20230403_130157_V06,2023-04-03 13:01:57,2023-04-03 13:06:57
KTLX,s3://unidata-nexrad-level2/2023/04/03/KTLX/KTLX20230403_130859_V06,2023-04-03 13:08:59,2023-04-03 13:13:59
KTLX,s3://unidata-nexrad-level2/2023/04/03/KTLX/KTLX20230403_131541_V06,2023-04-03 13:15:41,2023-04-03 13:20:41
KTLX,s3://unidata-nexrad-level2/2023/04/03/KTLX/KTLX20230403_132242_V06,2023-04-03 13:22:42,2023-04-03 13:27:42
KTLX,s3://unidata-nexrad-level2/2023/04/03/KTLX/KTLX20230403_132943_V06,2023-04-03 13:29:43,2023-04-03 13:34:43
KTLX,s3://unidata-nexrad-level2/2023/04/03/KTLX/KTLX20230403_133645_V06,2023-04-03 13:36:45,2023-04-03 13:41:45
KTLX,s3://unidata-nexrad-level2/2023/04/03/KTLX/KTLX20230403_134346_V06,2023-04-03 13:43:46,2023-04-03 13:48:46
KTLX,s3://unidata-nexrad-level2/2023/04/03/KTLX/KTLX20230403_135048_V06,2023-04-03 13:50:48,2023-04-03 13:55:48
KTLX,s3://unidata-nexrad-level2/2023/04/03/KTLX/KTLX20230403_135736_V06,2023-04-03 13:57:36,2023-04-03 14:02:36
KTLX,s3://unidata-nexrad-level2/2023/04/03/KTLX/KTLX20230403_140432_V06,2023-04-03 14:04:32,2023-04-03 14:09:32
KTLX,s3://unidata-nexrad-level2/2023/04/03/KTLX/KTLX20230403_141128_V06,2023-04-03 14:11:28,2023-04-03 14:16:28
KTLX,s3://unidata-nexrad-level2/2023/04/03/KTLX/KTLX20230403_141822_V06,2023-04-03 14:18:22,2023-04-03 14:23:22
KTLX,s3://unidata-nexrad-level2/2023/04/03/KTLX/KTLX20230403_142510_V06,2023-04-03 14:25:10,2023-04-03 14:30:10
KTLX,s3://unidata-nexrad-level2/2023/04/03/KTLX/KTLX20230403_143157_V06,2023-04-03 14:31:57,2023-04-03 14:36:57
KTLX,s3://unidata-nexrad-level2/2023/04/03/KTLX/KTLX20230403_143849_V06,2023-04-03 14:38:49,2023-04-03 14:43:49
KTLX,s3://unidata-nexrad-level2/2023/04/03/KTLX/KTLX20230403_144541_V06,2023-04-03 14:45:41,2023-04-03 14:50:41
KTLX,s3://unidata-nexrad-level2/2023/04/03/KTLX/KTLX20230403_145222_V06,2023-04-03 14:52:22,2023-04-03 14:57:22
KTLX,s3://unidata-nexrad-level2/2023/04/03/KTLX/KTLX20230403_145924_V06,2023-04-03 14:59:24,2023-04-03 15:04:24
KTLX,s3://unidata-nexrad-level2/2023/04/03/KTLX/KTLX20230403_150625_V06,2023-04-03 15:06:25,2023-04-03 15:11:25
KTLX,s3://unidata-nexrad-level2/2023/04/03/KTLX/KTLX20230403_151327_V06,2023-04-03 15:13:27,2023-04-03 15:18:27
KTLX,s3://unidata-nexrad-level2/2023/04/03/KTLX/KTLX20230403_152028_V06,2023-04-03 15:20:28,2023-04-03 15:25:28
KTLX,s3://unidata-nexrad-level2/2023/04/03/KTLX/KTLX20230403_152730_V06,2023-04-03 15:27:30,2023-04-03 15:32:30
KTLX,s3://unidata-nexrad-level2/2023/04/03/KTLX/KTLX20230403_153433_V06,2023-04-03 15:34:33,2023-04-03 15:39:33
KTLX,s3://unidata-nexrad-level2/2023/04/03/KTLX/KTLX20230403_154135_V06,2023-04-03 15:41:35,2023-04-03 15:46:35
KTLX,s3://unidata-nexrad-level2/2023/04/03/KTLX/KTLX20230403_154946_V06,2023-04-03 15:49:46,2023-04-03 15:54:46
KTLX,s3://unidata-nexrad-level2/2023/04/03/KTLX/KTLX20230403_155647_V06,2023-04-03 15:56:47,2023-04-03 16:01:47
KTLX,s3://unidata-nexrad-level2/2023/04/03/KTLX/KTLX20230403_160349_V06,2023-04-03 16:03:49,2023-04-03 16:08:49
KTLX,s3://unidata-nexrad-level2/2023/04/03/KTLX/KTLX20230403_161051_V06,2023-04-03 16:10:51,2023-04-03 16:15:51
KTLX,s3://unidata-nexrad-level2/2023/04/03/KTLX/KTLX20230403_161737_V06,2023-04-03 16:17:37,2023-04-03 16:22:37
KTLX,s3://unidata-nexrad-level2/2023/04/03/KTLX/KTLX20230403_162439_V06,2023-04-03 16:24:39,2023-04-03 16:29:39
KTLX,s3://unidata-nexrad-level2/2023/04/03/KTLX/KTLX20230403_163135_V06,2023-04-03 16:31:35,2023-04-03 16:36:35
KTLX,s3://unidata-nexrad-level2/2023/04/03/KTLX/KTLX20230403_163837_V06,2023-04-03 16:38:37,2023-04-03 16:43:37
KTLX,s3://unidata-nexrad-level2/2023/04/03/KTLX/KTLX20230403_164526_V06,2023-04-03 16:45:26,2023-04-03 16:50:26
KTLX,s3://unidata-nexrad-level2/2023/04/03/KTLX/KTLX20230403_165227_V06,2023-04-03 16:52:27,2023-04-03 16:57:27
KTLX,s3://unidata-nexrad-level2/2023/04/03/KTLX/KTLX20230403_165914_V06,2023-04-03 16:59:14,2023-04-03 17:04:14
KTLX,s3://unidata-nexrad-level2/2023/04/03/KTLX/KTLX20230403_170610_V06,2023-04-03 17:06:10,2023-04-03 17:11:10
KTLX,s3://unidata-nexrad-level2/2023/04/03/KTLX/KTLX20230403_171301_V06,2023-04-03 17:13:01,2023-04-03 17:18:01
KTLX,s3://unidata-nexrad-level2/2023/04/03/KTLX/KTLX20230403_171956_V06,2023-04-03 17:19:56,2023-04-03 17:24:56
KTLX,s3://unidata-nexrad-level2/2023/04/03/KTLX/KTLX20230403_172652_V06,2023-04-03 17:26:52,2023-04-03 17:31:52
KTLX,s3://unidata-nexrad-level2/2023/04/03/KTLX/KTLX20230403_173354_V06,2023-04-03 17:33:54,2023-04-03 17:38:54
KTLX,s3://unidata-nexrad-level2/2023/04/03/KTLX/KTLX20230403_174055_V06,2023-04-03 17:40:55,2023-04-03 17:45:55
KTLX,s3://unidata-nexrad-level2/2023/04/03/KTLX/KTLX20230403_174755_V06,2023-04-03 17:47:55,2023-04-03 17:52:55
KTLX,s3://unidata-nexrad-level2/2023/04/03/KTLX/KTLX20230403_175447_V06,2023-04-03 17:54:47,2023-04-03 17:59:47
KTLX,s3://unidata-nexrad-level2/2023/04/03/KTLX/KTLX20230403_180149_V06,2023-04-03 18:01:49,2023-04-03 18:06:49
KTLX,s3://unidata-nexrad-level2/2023/04/03/KTLX/KTLX20230403_180835_V06,2023-04-03 18:08:35,2023-04-03 18:13:35
KTLX,s3://unidata-nexrad-level2/2023/04/03/KTLX/KTLX20230403_181526_V06,2023-04-03 18:15:26,2023-04-03 18:20:26
KTLX,s3://unidata-nexrad-level2/2023/04/03/KTLX/KTLX20230403_182227_V06,2023-04-03 18:22:27,2023-04-03 18:27:27
KTLX,s3://unidata-nexrad-level2/2023/04/03/KTLX/KTLX20230403_182930_V06,2023-04-03 18:29:30,2023-04-03 18:34:30
KTLX,s3://unidata-nexrad-level2/2023/04/03/KTLX/KTLX20230403_183626_V06,2023-04-03 18:36:26,2023-04-03 18:41:26
KTLX,s3://unidata-nexrad-level2/2023/04/03/KTLX/KTLX20230403_184329_V06,2023-04-03 18:43:29,2023-04-03 18:48:29
KTLX,s3://unidata-nexrad-level2/2023/04/03/KTLX/KTLX20230403_185030_V06,2023-04-03 18:50:30,2023-04-03 18:55:30
KTLX,s3://unidata-nexrad-level2/2023/04/03/KTLX/KTLX20230403_185726_V06,2023-04-03 18:57:26,2023-04-03 19:02:26
KTLX,s3://unidata-nexrad-level2/2023/04/03/KTLX/KTLX20230403_190422_V06,2023-04-03 19:04:22,2023-04-03 19:09:22
KTLX,s3://unidata-nexrad-level2/2023/04/03/KTLX/KTLX20230403_191125_V06,2023-04-03 19:11:25,2023-04-03 19:16:25
KTLX,s3://unidata-nexrad-level2/2023/04/03/KTLX/KTLX20230403_191826_V06,2023-04-03 19:18:26,2023-04-03 19:23:26
KTLX,s3://unidata-nexrad-level2/2023/04/03/KTLX/KTLX20230403_192529_V06,2023-04-03 19:25:29,2023-04-03 19:30:29
KTLX,s3://unidata-nexrad-level2/2023/04/03/KTLX/KTLX20230403_193220_V06,2023-04-03 19:32:20,2023-04-03 19:37:20
KTLX,s3://unidata-nexrad-level2/2023/04/03/KTLX/KTLX20230403_193915_V06,2023-04-03 19:39:15,2023-04-03 19:44:15
KTLX,s3://unidata-nexrad-level2/2023/04/03/KTLX/KTLX20230403_194617_V06,2023-04-03 19:46:17,2023-04-03 19:51:17
KTLX,s3://unidata-nexrad-level2/2023/04/03/KTLX/KTLX20230403_195313_V06,2023-04-03 19:53:13,2023-04-03 19:58:13
KTLX,s3://unidata-nexrad-level2/2023/04/03/KTLX/KTLX20230403_200015_V06,2023-04-03 20:00:15,2023-04-03 20:05:15
KTLX,s3://unidata-nexrad-level2/2023/04/03/KTLX/KTLX20230403_200716_V06,2023-04-03 20:07:16,2023-04-03 20:12:16
KTLX,s3://unidata-nexrad-level2/2023/04/03/KTLX/KTLX20230403_201417_V06,2023-04-03 20:14:17,2023-04-03 20:19:17
KTLX,s3://unidata-nexrad-level2/2023/04/03/KTLX/KTLX20230403_202120_V06,2023-04-03 20:21:20,2023-04-03 20:26:20
KTLX,s3://unidata-nexrad-level2/2023/04/03/KTLX/KTLX20230403_202816_V06,2023-04-03 20:28:16,2023-04-03 20:33:16
KTLX,s3://unidata-nexrad-level2/2023/04/03/KTLX/KTLX20230403_203512_V06,2023-04-03 20:35:12,2023-04-03 20:40:12
KTLX,s3://unidata-nexrad-level2/2023/04/03/KTLX/KTLX20230403_204207_V06,2023-04-03 20:42:07,2023-04-03 20:47:07
KTLX,s3://unidata-nexrad-level2/2023/04/03/KTLX/KTLX20230403_204908_V06,2023-04-03 20:49:08,2023-04-03 20:54:08
KTLX,s3://unidata-nexrad-level2/2023/04/03/KTLX/KTLX20230403_205604_V06,2023-04-03 20:56:04,2023-04-03 21:01:04
KTLX,s3://unidata-nexrad-level2/2023/04/03/KTLX/KTLX20230403_210306_V06,2023-04-03 21:03:06,2023-04-03 21:08:06
KTLX,s3://unidata-nexrad-level2/2023/04/03/KTLX/KTLX20230403_211001_V06,2023-04-03 21:10:01,2023-04-03 21:15:01
KTLX,s3://unidata-nexrad-level2/2023/04/03/KTLX/KTLX20230403_211703_V06,2023-04-03 21:17:03,2023-04-03 21:22:03
KTLX,s3://unidata-nexrad-level2/2023/04/03/KTLX/KTLX20230403_212404_V06,2023-04-03 21:24:04,2023-04-03 21:29:04
KTLX,s3://unidata-nexrad-level2/2023/04/03/KTLX/KTLX20230403_213105_V06,2023-04-03 21:31:05,2023-04-03 21:36:05
KTLX,s3://unidata-nexrad-level2/2023/04/03/KTLX/KTLX20230403_213807_V06,2023-04-03 21:38:07,2023-04-03 21:43:07
KTLX,s3://unidata-nexrad-level2/2023/04/03/KTLX/KTLX20230403_214501_V06,2023-04-03 21:45:01,2023-04-03 21:50:01
KTLX,s3://unidata-nexrad-level2/2023/04/03/KTLX/KTLX20230403_215204_V06,2023-04-03 21:52:04,2023-04-03 21:57:04
KTLX,s3://unidata-nexrad-level2/2023/04/03/KTLX/KTLX20230403_215906_V06,2023-04-03 21:59:06,2023-04-03 22:04:06
KTLX,s3://unidata-nexrad-level2/2023/04/03/KTLX/KTLX20230403_220607_V06,2023-04-03 22:06:07,2023-04-03 22:11:07
KTLX,s3://unidata-nexrad-level2/2023/04/03/KTLX/KTLX20230403_221309_V06,2023-04-03 22:13:09,2023-04-03 22:18:09
KTLX,s3://unidata-nexrad-level2/2023/04/03/KTLX/KTLX20230403_222011_V06,2023-04-03 22:20:11,2023-04-03 22:25:11
KTLX,s3://unidata-nexrad-level2/2023/04/03/KTLX/KTLX20230403_222713_V06,2023-04-03 22:27:13,2023-04-03 22:32:13
KTLX,s3://unidata-nexrad-level2/2023/04/03/KTLX/KTLX20230403_223409_V06,2023-04-03 22:34:09,2023-04-03 22:39:09
KTLX,s3://unidata-nexrad-level2/2023/04/03/KTLX/KTLX20230403_224103_V06,2023-04-03 22:41:03,2023-04-03 22:46:03
KTLX,s3://unidata-nexrad-level2/2023/04/03/KTLX/KTLX20230403_224807_V06,2023-04-03 22:48:07,2023-04-03 22:53:07
KTLX,s3://unidata-nexrad-level2/2023/04/03/KTLX/KTLX20230403_225509_V06,2023-04-03 22:55:09,2023-04-03 23:00:09
KTLX,s3://unidata-nexrad-level2/2023/04/03/KTLX/KTLX20230403_230200_V06,2023-04-03 23:02:00,2023-04-03 23:07:00
KTLX,s3://unidata-nexrad-level2/2023/04/03/KTLX/KTLX20230403_230856_V06,2023-04-03 23:08:56,2023-04-03 23:13:56
KTLX,s3://unidata-nexrad-level2/2023/04/03/KTLX/KTLX20230403_231557_V06,2023-04-03 23:15:57,2023-04-03 23:20:57
KTLX,s3://unidata-nexrad-level2/2023/04/03/KTLX/KTLX20230403_232259_V06,2023-04-03 23:22:59,2023-04-03 23:27:59
KTLX,s3://unidata-nexrad-level2/2023/04/03/KTLX/KTLX20230403_232956_V06,2023-04-03 23:29:56,2023-04-03 23:34:56
KTLX,s3://unidata-nexrad-level2/2023/04/03/KTLX/KTLX20230403_233657_V06,2023-04-03 23:36:57,2023-04-03 23:41:57
KTLX,s3://unidata-nexrad-level2/2023/04/03/KTLX/KTLX20230403_234400_V06,2023-04-03 23:44:00,2023-04-03 23:49:00
KTLX,s3://unidata-nexrad-level2/2023/04/03/KTLX/KTLX20230403_235201_V06,2023-04-03 23:52:01,2023-04-03 23:57:01
KTLX,s3://unidata-nexrad-level2/2023/04/03/KTLX/KTLX20230403_235903_V06,2023-04-03 23:59:03,2023-04-04 00:04:03
KTLX,s3://unidata-nexrad-level2/2023/04/04/KTLX/KTLX20230404_000605_V06,2023-04-04 00:06:05,2023-04-04 00:11:05
KTLX,s3://unidata-nexrad-level2/2023/04/04/KTLX/KTLX20230404_001259_V06,2023-04-04 00:12:59,2023-04-04 00:17:59
KTLX,s3://unidata-nexrad-level2/2023/04/04/KTLX/KTLX20230404_001954_V06,2023-04-04 00:19:54,2023-04-04 00:24:54
KTLX,s3://unidata-nexrad-level2/2023/04/04/KTLX/KTLX20230404_002645_V06,2023-04-04 00:26:45,2023-04-04 00:31:45
KTLX,s3://unidata-nexrad-level2/2023/04/04/KTLX/KTLX20230404_003330_V06,2023-04-04 00:33:30,2023-04-04 00:38:30
KTLX,s3://unidata-nexrad-level2/2023/04/04/KTLX/KTLX20230404_004016_V06,2023-04-04 00:40:16,2023-04-04 00:45:16
KTLX,s3://unidata-nexrad-level2/2023/04/04/KTLX/KTLX20230404_004703_V06,2023-04-04 00:47:03,2023-04-04 00:52:03
KTLX,s3://unidata-nexrad-level2/2023/04/04/KTLX/KTLX20230404_005351_V06,2023-04-04 00:53:51,2023-04-04 00:58:51
KTLX,s3://unidata-nexrad-level2/2023/04/04/KTLX/KTLX20230404_010040_V06,2023-04-04 01:00:40,2023-04-04 01:05:40
KTLX,s3://unidata-nexrad-level2/2023/04/04/KTLX/KTLX20230404_010730_V06,2023-04-04 01:07:30,2023-04-04 01:12:30
KTLX,s3://unidata-nexrad-level2/2023/04/04/KTLX/KTLX20230404_011412_V06,2023-04-04 01:14:12,2023-04-04 01:19:12
KTLX,s3://unidata-nexrad-level2/2023/04/04/KTLX/KTLX20230404_012054_V06,2023-04-04 01:20:54,2023-04-04 01:25:54
KTLX,s3://unidata-nexrad-level2/2023/04/04/KTLX/KTLX20230404_012736_V06,2023-04-04 01:27:36,2023-04-04 01:32:36
KTLX,s3://unidata-nexrad-level2/2023/04/04/KTLX/KTLX20230404_013437_V06,2023-04-04 01:34:37,2023-04-04 01:39:37
KTLX,s3://unidata-nexrad-level2/2023/04/04/KTLX/KTLX20230404_014139_V06,2023-04-04 01:41:39,2023-04-04 01:46:39
KTLX,s3://unidata-nexrad-level2/2023/04/04/KTLX/KTLX20230404_014841_V06,2023-04-04 01:48:41,2023-04-04 01:53:41
KTLX,s3://unidata-nexrad-level2/2023/04/04/KTLX/KTLX20230404_015543_V06,2023-04-04 01:55:43,2023-04-04 02:00:43
KTLX,s3://unidata-nexrad-level2/2023/04/04/KTLX/KTLX20230404_020244_V06,2023-04-04 02:02:44,2023-04-04 02:07:44
KTLX,s3://unidata-nexrad-level2/2023/04/04/KTLX/KTLX20230404_020946_V06,2023-04-04 02:09:46,2023-04-04 02:14:46
KTLX,s3://unidata-nexrad-level2/2023/04/04/KTLX/KTLX20230404_021647_V06,2023-04-04 02:16:47,2023-04-04 02:21:47
KTLX,s3://unidata-nexrad-level2/2023/04/04/KTLX/KTLX20230404_022348_V06,2023-04-04 02:23:48,2023-04-04 02:28:48
KTLX,s3://unidata-nexrad-level2/2023/04/04/KTLX/KTLX20230404_023049_V06,2023-04-04 02:30:49,2023-04-04 02:35:49
KTLX,s3://unidata-nexrad-level2/2023/04/04/KTLX/KTLX20230404_023750_V06,2023-04-04 02:37:50,2023-04-04 02:42:50
KTLX,s3://unidata-nexrad-level2/2023/04/04/KTLX/KTLX20230404_024452_V06,2023-04-04 02:44:52,2023-04-04 02:49:52
KTLX,s3://unidata-nexrad-level2/2023/04/04/KTLX/KTLX20230404_025154_V06,2023-04-04 02:51:54,2023-04-04 02:56:54
KTLX,s3://unidata-nexrad-level2/2023/04/04/KTLX/KTLX20230404_025855_V06,2023-04-04 02:58:55,2023-04-04 03:03:55
KTLX,s3://unidata-nexrad-level2/2023/04/04/KTLX/KTLX20230404_030557_V06,2023-04-04 03:05:57,2023-04-04 03:10:57
KTLX,s3://unidata-nexrad-level2/2023/04/04/KTLX/KTLX20230404_031259_V06,2023-04-04 03:12:59,2023-04-04 03:17:59
KTLX,s3://unidata-nexrad-level2/2023/04/04/KTLX/KTLX20230404_032000_V06,2023-04-04 03:20:00,2023-04-04 03:25:00
KTLX,s3://unidata-nexrad-level2/2023/04/04/KTLX/KTLX20230404_032701_V06,2023-04-04 03:27:01,2023-04-04 03:32:01
KTLX,s3://unidata-nexrad-level2/2023/04/04/KTLX/KTLX20230404_033403_V06,2023-04-04 03:34:03,2023-04-04 03:39:03
KTLX,s3://unidata-nexrad-level2/2023/04/04/KTLX/KTLX20230404_034104_V06,2023-04-04 03:41:04,2023-04-04 03:46:04
KTLX,s3://unidata-nexrad-level2/2023/04/04/KTLX/KTLX20230404_034806_V06,2023-04-04 03:48:06,2023-04-04 03:53:06
KTLX,s3://unidata-nexrad-level2/2023/04/04/KTLX/KTLX20230404_035508_V06,2023-04-04 03:55:08,2023-04-04 04:00:08
KTLX,s3://unidata-nexrad-level2/2023/04/04/KTLX/KTLX20230404_040210_V06,2023-04-04 04:02:10,2023-04-04 04:07:10
KTLX,s3://unidata-nexrad-level2/2023/04/04/KTLX/KTLX20230404_040911_V06,2023-04-04 04:09:11,2023-04-04 04:14:11
KTLX,s3://unidata-nexrad-level2/2023/04/04/KTLX/KTLX20230404_041612_V06,2023-04-04 04:16:12,2023-04-04 04:21:12
KTLX,s3://unidata-nexrad-level2/2023/04/04/KTLX/KTLX20230404_042313_V06,2023-04-04 04:23:13,2023-04-04 04:28:13
KTLX,s3://unidata-nexrad-level2/2023/04/04/KTLX/KTLX20230404_043014_V06,2023-04-04 04:30:14,2023-04-04 04:35:14
KTLX,s3://unidata-nexrad-level2/2023/04/04/KTLX/KTLX20230404_043714_V06,2023-04-04 04:37:14,2023-04-04 04:42:14
KTLX,s3://unidata-nexrad-level2/2023/04/04/KTLX/KTLX20230404_044415_V06,2023-04-04 04:44:15,2023-04-04 04:49:15
KTLX,s3://unidata-nexrad-level2/2023/04/04/KTLX/KTLX20230404_045116_V06,2023-04-04 04:51:16,2023-04-04 04:56:16
KTLX,s3://unidata-nexrad-level2/2023/04/04/KTLX/KTLX20230404_045818_V06,2023-04-04 04:58:18,2023-04-04 05:03:18
KTLX,s3://unidata-nexrad-level2/2023/04/04/KTLX/KTLX20230404_050519_V06,2023-04-04 05:05:19,2023-04-04 05:10:19
KTLX,s3://unidata-nexrad-level2/2023/04/04/KTLX/KTLX20230404_051221_V06,2023-04-04 05:12:21,2023-04-04 05:17:21
KTLX,s3://unidata-nexrad-level2/2023/04/04/KTLX/KTLX20230404_051924_V06,2023-04-04 05:19:24,2023-04-04 05:24:24
KTLX,s3://unidata-nexrad-level2/2023/04/04/KTLX/KTLX20230404_052626_V06,2023-04-04 05:26:26,2023-04-04 05:31:26
KTLX,s3://unidata-nexrad-level2/2023/04/04/KTLX/KTLX20230404_053327_V06,2023-04-04 05:33:27,2023-04-04 05:38:27
KTLX,s3://unidata-nexrad-level2/2023/04/04/KTLX/KTLX20230404_054028_V06,2023-04-04 05:40:28,2023-04-04 05:45:28
KTLX,s3://unidata-nexrad-level2/2023/04/04/KTLX/KTLX20230404_054729_V06,2023-04-04 05:47:29,2023-04-04 05:52:29
KTLX,s3://unidata-nexrad-level2/2023/04/04/KTLX/KTLX20230404_055431_V06,2023-04-04 05:54:31,2023-04-04 05:59:31
KTLX,s3://unidata-nexrad-level2/2023/04/04/KTLX/KTLX20230404_060131_V06,2023-04-04 06:01:31,2023-04-04 06:06:31
KTLX,s3://unidata-nexrad-level2/2023/04/04/KTLX/KTLX20230404_060832_V06,2023-04-04 06:08:32,2023-04-04 06:13:32
KTLX,s3://unidata-nexrad-level2/2023/04/04/KTLX/KTLX20230404_061534_V06,2023-04-04 06:15:34,2023-04-04 06:20:34
KTLX,s3://unidata-nexrad-level2/2023/04/04/KTLX/KTLX20230404_062235_V06,2023-04-04 06:22:35,2023-04-04 06:27:35
KTLX,s3://unidata-nexrad-level2/2023/04/04/KTLX/KTLX20230404_062937_V06,2023-04-04 06:29:37,2023-04-04 06:34:37
KTLX,s3://unidata-nexrad-level2/2023/04/04/KTLX/KTLX20230404_063638_V06,2023-04-04 06:36:38,2023-04-04 06:41:38
KTLX,s3://unidata-nexrad-level2/2023/04/04/KTLX/KTLX20230404_064339_V06,2023-04-04 06:43:39,2023-04-04 06:48:39
KTLX,s3://unidata-nexrad-level2/2023/04/04/KTLX/KTLX20230404_065040_V06,2023-04-04 06:50:40,2023-04-04 06:55:40
KTLX,s3://unidata-nexrad-level2/2023/04/04/KTLX/KTLX20230404_065741_V06,2023-04-04 06:57:41,2023-04-04 07:02:41
KTLX,s3://unidata-nexrad-level2/2023/04/04/KTLX/KTLX20230404_070443_V06,2023-04-04 07:04:43,2023-04-04 07:09:43
KTLX,s3://unidata-nexrad-level2/2023/04/04/KTLX/KTLX20230404_071144_V06,2023-04-04 07:11:44,2023-04-04 07:16:44
KTLX,s3://unidata-nexrad-level2/2023/04/04/KTLX/KTLX20230404_071845_V06,2023-04-04 07:18:45,2023-04-04 07:23:45
KTLX,s3://unidata-nexrad-level2/2023/04/04/KTLX/KTLX20230404_072547_V06,2023-04-04 07:25:47,2023-04-04 07:30:47
KTLX,s3://unidata-nexrad-level2/2023/04/04/KTLX/KTLX20230404_073248_V06,2023-04-04 07:32:48,2023-04-04 07:37:48
KTLX,s3://unidata-nexrad-level2/2023/04/04/KTLX/KTLX20230404_073948_V06,2023-04-04 07:39:48,2023-04-04 07:44:48
KTLX,s3://unidata-nexrad-level2/2023/04/04/KTLX/KTLX20230404_074650_V06,2023-04-04 07:46:50,2023-04-04 07:51:50
KTLX,s3://unidata-nexrad-level2/2023/04/04/KTLX/KTLX20230404_075506_V06,2023-04-04 07:55:06,2023-04-04 08:00:06
KTLX,s3://unidata-nexrad-level2/2023/04/04/KTLX/KTLX20230404_080209_V06,2023-04-04 08:02:09,2023-04-04 08:07:09
KTLX,s3://unidata-nexrad-level2/2023/04/04/KTLX/KTLX20230404_080910_V06,2023-04-04 08:09:10,2023-04-04 08:14:10
KTLX,s3://unidata-nexrad-level2/2023/04/04/KTLX/KTLX20230404_081612_V06,2023-04-04 08:16:12,2023-04-04 08:21:12
KTLX,s3://unidata-nexrad-level2/2023/04/04/KTLX/KTLX20230404_082314_V06,2023-04-04 08:23:14,2023-04-04 08:28:14
KTLX,s3://unidata-nexrad-level2/2023/04/04/KTLX/KTLX20230404_083015_V06,2023-04-04 08:30:15,2023-04-04 08:35:15
KTLX,s3://unidata-nexrad-level2/2023/04/04/KTLX/KTLX20230404_083716_V06,2023-04-04 08:37:16,2023-04-04 08:42:16
KTLX,s3://unidata-nexrad-level2/2023/04/04/KTLX/KTLX20230404_084419_V06,2023-04-04 08:44:19,2023-04-04 08:49:19
KTLX,s3://unidata-nexrad-level2/2023/04/04/KTLX/KTLX20230404_085120_V06,2023-04-04 08:51:20,2023-04-04 08:56:20
KTLX,s3://unidata-nexrad-level2/2023/04/04/KTLX/KTLX20230404_085822_V06,2023-04-04 08:58:22,2023-04-04 09:03:22
KTLX,s3://unidata-nexrad-level2/2023/04/04/KTLX/KTLX20230404_090523_V06,2023-04-04 09:05:23,2023-04-04 09:10:23
KTLX,s3://unidata-nexrad-level2/2023/04/04/KTLX/KTLX20230404_091225_V06,2023-04-04 09:12:25,2023-04-04 09:17:25
KTLX,s3://unidata-nexrad-level2/2023/04/04/KTLX/KTLX20230404_091927_V06,2023-04-04 09:19:27,2023-04-04 09:24:27
KTLX,s3://unidata-nexrad-level2/2023/04/04/KTLX/KTLX20230404_092628_V06,2023-04-04 09:26:28,2023-04-04 09:31:28
KTLX,s3://unidata-nexrad-level2/2023/04/04/KTLX/KTLX20230404_093329_V06,2023-04-04 09:33:29,2023-04-04 09:38:29
KTLX,s3://unidata-nexrad-level2/2023/04/04/KTLX/KTLX20230404_094031_V06,2023-04-04 09:40:31,2023-04-04 09:45:31
KTLX,s3://unidata-nexrad-level2/2023/04/04/KTLX/KTLX20230404_094732_V06,2023-04-04 09:47:32,2023-04-04 09:52:32
KTLX,s3://unidata-nexrad-level2/2023/04/04/KTLX/KTLX20230404_095433_V06,2023-04-04 09:54:33,2023-04-04 09:59:33
KTLX,s3://unidata-nexrad-level2/2023/04/04/KTLX/KTLX20230404_100136_V06,2023-04-04 10:01:36,2023-04-04 10:06:36
KTLX,s3://unidata-nexrad-level2/2023/04/04/KTLX/KTLX20230404_100838_V06,2023-04-04 10:08:38,2023-04-04 10:13:38
KTLX,s3://unidata-nexrad-level2/2023/04/04/KTLX/KTLX20230404_101540_V06,2023-04-04 10:15:40,2023-04-04 10:20:40
KTLX,s3://unidata-nexrad-level2/2023/04/04/KTLX/KTLX20230404_102241_V06,2023-04-04 10:22:41,2023-04-04 10:27:41
KTLX,s3://unidata-nexrad-level2/2023/04/04/KTLX/KTLX20230404_102943_V06,2023-04-04 10:29:43,2023-04-04 10:34:43
KTLX,s3://unidata-nexrad-level2/2023/04/04/KTLX/KTLX20230404_103643_V06,2023-04-04 10:36:43,2023-04-04 10:41:43
KTLX,s3://unidata-nexrad-level2/2023/04/04/KTLX/KTLX20230404_104345_V06,2023-04-04 10:43:45,2023-04-04 10:48:45
KTLX,s3://unidata-nexrad-level2/2023/04/04/KTLX/KTLX20230404_105046_V06,2023-04-04 10:50:46,2023-04-04 10:55:46
KTLX,s3://unidata-nexrad-level2/2023/04/04/KTLX/KTLX20230404_105748_V06,2023-04-04 10:57:48,2023-04-04 11:02:48
KTLX,s3://unidata-nexrad-level2/2023/04/04/KTLX/KTLX20230404_110450_V06,2023-04-04 11:04:50,2023-04-04 11:09:50
KTLX,s3://unidata-nexrad-level2/2023/04/04/KTLX/KTLX20230404_111152_V06,2023-04-04 11:11:52,2023-04-04 11:16:52
KTLX,s3://unidata-nexrad-level2/2023/04/04/KTLX/KTLX20230404_111854_V06,2023-04-04 11:18:54,2023-04-04 11:23:54
KTLX,s3://unidata-nexrad-level2/2023/04/04/KTLX/KTLX20230404_112555_V06,2023-04-04 11:25:55,2023-04-04 11:30:55
KTLX,s3://unidata-nexrad-level2/2023/04/04/KTLX/KTLX20230404_113255_V06,2023-04-04 11:32:55,2023-04-04 11:37:55
KTLX,s3://unidata-nexrad-level2/2023/04/04/KTLX/KTLX20230404_113958_V06,2023-04-04 11:39:58,2023-04-04 11:44:58
KTLX,s3://unidata-nexrad-level2/2023/04/04/KTLX/KTLX20230404_114659_V06,2023-04-04 11:46:59,2023-04-04 11:51:59
KTLX,s3://unidata-nexrad-level2/2023/04/04/KTLX/KTLX20230404_115400_V06,2023-04-04 11:54:00,2023-04-04 11:59:00
KTLX,s3://unidata-nexrad-level2/2023/04/04/KTLX/KTLX20230404_120102_V06,2023-04-04 12:01:02,2023-04-04 12:06:02
KTLX,s3://unidata-nexrad-level2/2023/04/04/KTLX/KTLX20230404_120804_V06,2023-04-04 12:08:04,2023-04-04 12:13:04
KTLX,s3://unidata-nexrad-level2/2023/04/04/KTLX/KTLX20230404_121506_V06,2023-04-04 12:15:06,2023-04-04 12:20:06
KTLX,s3://unidata-nexrad-level2/2023/04/04/KTLX/KTLX20230404_122208_V06,2023-04-04 12:22:08,2023-04-04 12:27:08
KTLX,s3://unidata-nexrad-level2/2023/04/04/KTLX/KTLX20230404_122909_V06,2023-04-04 12:29:09,2023-04-04 12:34:09
KTLX,s3://unidata-nexrad-level2/2023/04/04/KTLX/KTLX20230404_123609_V06,2023-04-04 12:36:09,2023-04-04 12:41:09
KTLX,s3://unidata-nexrad-level2/2023/04/04/KTLX/KTLX20230404_124311_V06,2023-04-04 12:43:11,2023-04-04 12:48:11
KTLX,s3://unidata-nexrad-level2/2023/04/04/KTLX/KTLX20230404_125012_V06,2023-04-04 12:50:12,2023-04-04 12:55:12
KTLX,s3://unidata-nexrad-level2/2023/04/04/KTLX/KTLX20230404_125713_V06,2023-04-04 12:57:13,2023-04-04 13:02:13
KTLX,s3://unidata-nexrad-level2/2023/04/04/KTLX/KTLX20230404_130414_V06,2023-04-04 13:04:14,2023-04-04 13:09:14
KTLX,s3://unidata-nexrad-level2/2023/04/04/KTLX/KTLX20230404_131117_V06,2023-04-04 13:11:17,2023-04-04 13:16:17
KTLX,s3://unidata-nexrad-level2/2023/04/04/KTLX/KTLX20230404_131818_V06,2023-04-04 13:18:18,2023-04-04 13:23:18
KTLX,s3://unidata-nexrad-level2/2023/04/04/KTLX/KTLX20230404_132519_V06,2023-04-04 13:25:19,2023-04-04 13:30:19
KTLX,s3://unidata-nexrad-level2/2023/04/04/KTLX/KTLX20230404_133219_V06,2023-04-04 13:32:19,2023-04-04 13:37:19
KTLX,s3://unidata-nexrad-level2/2023/04/04/KTLX/KTLX20230404_133921_V06,2023-04-04 13:39:21,2023-04-04 13:44:21
KTLX,s3://unidata-nexrad-level2/2023/04/04/KTLX/KTLX20230404_134623_V06,2023-04-04 13:46:23,2023-04-04 13:51:23
KTLX,s3://unidata-nexrad-level2/2023/04/04/KTLX/KTLX20230404_135325_V06,2023-04-04 13:53:25,2023-04-04 13:58:25
KTLX,s3://unidata-nexrad-level2/2023/04/04/KTLX/KTLX20230404_140019_V06,2023-04-04 14:00:19,2023-04-04 14:05:19
KTLX,s3://unidata-nexrad-level2/2023/04/04/KTLX/KTLX20230404_140710_V06,2023-04-04 14:07:10,2023-04-04 14:12:10
KTLX,s3://unidata-nexrad-level2/2023/04/04/KTLX/KTLX20230404_141401_V06,2023-04-04 14:14:01,2023-04-04 14:19:01
KTLX,s3://unidata-nexrad-level2/2023/04/04/KTLX/KTLX20230404_142056_V06,2023-04-04 14:20:56,2023-04-04 14:25:56
KTLX,s3://unidata-nexrad-level2/2023/04/04/KTLX/KTLX20230404_142747_V06,2023-04-04 14:27:47,2023-04-04 14:32:47
KTLX,s3://unidata-nexrad-level2/2023/04/04/KTLX/KTLX20230404_143434_V06,2023-04-04 14:34:34,2023-04-04 14:39:34
KTLX,s3://unidata-nexrad-level2/2023/04/04/KTLX/KTLX20230404_144119_V06,2023-04-04 14:41:19,2023-04-04 14:46:19
KTLX,s3://unidata-nexrad-level2/2023/04/04/KTLX/KTLX20230404_144805_V06,2023-04-04 14:48:05,2023-04-04 14:53:05
KTLX,s3://unidata-nexrad-level2/2023/04/04/KTLX/KTLX20230404_145451_V06,2023-04-04 14:54:51,2023-04-04 14:59:51
KTLX,s3://unidata-nexrad-level2/2023/04/04/KTLX/KTLX20230404_150136_V06,2023-04-04 15:01:36,2023-04-04 15:06:36
KTLX,s3://unidata-nexrad-level2/2023/04/04/KTLX/KTLX20230404_150823_V06,2023-04-04 15:08:23,2023-04-04 15:13:23
KTLX,s3://unidata-nexrad-level2/2023/04/04/KTLX/KTLX20230404_151514_V06,2023-04-04 15:15:14,2023-04-04 15:20:14
KTLX,s3://unidata-nexrad-level2/2023/04/04/KTLX/KTLX20230404_152205_V06,2023-04-04 15:22:05,2023-04-04 15:27:05
KTLX,s3://unidata-nexrad-level2/2023/04/04/KTLX/KTLX20230404_152854_V06,2023-04-04 15:28:54,2023-04-04 15:33:54
KTLX,s3://unidata-nexrad-level2/2023/04/04/KTLX/KTLX20230404_153544_V06,2023-04-04 15:35:44,2023-04-04 15:40:44
KTLX,s3://unidata-nexrad-level2/2023/04/04/KTLX/KTLX20230404_154230_V06,2023-04-04 15:42:30,2023-04-04 15:47:30
KTLX,s3://unidata-nexrad-level2/2023/04/04/KTLX/KTLX20230404_154916_V06,2023-04-04 15:49:16,2023-04-04 15:54:16
KTLX,s3://unidata-nexrad-level2/2023/04/04/KTLX/KTLX20230404_155718_V06,2023-04-04 15:57:18,2023-04-04 16:02:18
KTLX,s3://unidata-nexrad-level2/2023/04/04/KTLX/KTLX20230404_160404_V06,2023-04-04 16:04:04,2023-04-04 16:09:04
KTLX,s3://unidata-nexrad-level2/2023/04/04/KTLX/KTLX20230404_161046_V06,2023-04-04 16:10:46,2023-04-04 16:15:46
KTLX,s3://unidata-nexrad-level2/2023/04/04/KTLX/KTLX20230404_161728_V06,2023-04-04 16:17:28,2023-04-04 16:22:28
KTLX,s3://unidata-nexrad-level2/2023/04/04/KTLX/KTLX20230404_162410_V06,2023-04-04 16:24:10,2023-04-04 16:29:10
KTLX,s3://unidata-nexrad-level2/2023/04/04/KTLX/KTLX20230404_163051_V06,2023-04-04 16:30:51,2023-04-04 16:35:51
KTLX,s3://unidata-nexrad-level2/2023/04/04/KTLX/KTLX20230404_163734_V06,2023-04-04 16:37:34,2023-04-04 16:42:34
KTLX,s3://unidata-nexrad-level2/2023/04/04/KTLX/KTLX20230404_164420_V06,2023-04-04 16:44:20,2023-04-04 16:49:20
KTLX,s3://unidata-nexrad-level2/2023/04/04/KTLX/KTLX20230404_165106_V06,2023-04-04 16:51:06,2023-04-04 16:56:06
KTLX,s3://unidata-nexrad-level2/2023/04/04/KTLX/KTLX20230404_165748_V06,2023-04-04 16:57:48,2023-04-04 17:02:48
KTLX,s3://unidata-nexrad-level2/2023/04/04/KTLX/KTLX20230404_170430_V06,2023-04-04 17:04:30,2023-04-04 17:09:30
KTLX,s3://unidata-nexrad-level2/2023/04/04/KTLX/KTLX20230404_171113_V06,2023-04-04 17:11:13,2023-04-04 17:16:13
KTLX,s3://unidata-nexrad-level2/2023/04/04/KTLX/KTLX20230404_171759_V06,2023-04-04 17:17:59,2023-04-04 17:22:59
KTLX,s3://unidata-nexrad-level2/2023/04/04/KTLX/KTLX20230404_172440_V06,2023-04-04 17:24:40,2023-04-04 17:29:40
KTLX,s3://unidata-nexrad-level2/2023/04/04/KTLX/KTLX20230404_173122_V06,2023-04-04 17:31:22,2023-04-04 17:36:22
KTLX,s3://unidata-nexrad-level2/2023/04/04/KTLX/KTLX20230404_173805_V06,2023-04-04 17:38:05,2023-04-04 17:43:05
KTLX,s3://unidata-nexrad-level2/2023/04/04/KTLX/KTLX20230404_174447_V06,2023-04-04 17:44:47,2023-04-04 17:49:47
KTLX,s3://unidata-nexrad-level2/2023/04/04/KTLX/KTLX20230404_175130_V06,2023-04-04 17:51:30,2023-04-04 17:56:30
KTLX,s3://unidata-nexrad-level2/2023/04/04/KTLX/KTLX20230404_175811_V06,2023-04-04 17:58:11,2023-04-04 18:03:11
KTLX,s3://unidata-nexrad-level2/2023/04/04/KTLX/KTLX20230404_180454_V06,2023-04-04 18:04:54,2023-04-04 18:09:54
KTLX,s3://unidata-nexrad-level2/2023/04/04/KTLX/KTLX20230404_181136_V06,2023-04-04 18:11:36,2023-04-04 18:16:36
KTLX,s3://unidata-nexrad-level2/2023/04/04/KTLX/KTLX20230404_181823_V06,2023-04-04 18:18:23,2023-04-04 18:23:23
KTLX,s3://unidata-nexrad-level2/2023/04/04/KTLX/KTLX20230404_182504_V06,2023-04-04 18:25:04,2023-04-04 18:30:04
KTLX,s3://unidata-nexrad-level2/2023/04/04/KTLX/KTLX20230404_183146_V06,2023-04-04 18:31:46,2023-04-04 18:36:46
KTLX,s3://unidata-nexrad-level2/2023/04/04/KTLX/KTLX20230404_183829_V06,2023-04-04 18:38:29,2023-04-04 18:43:29
KTLX,s3://unidata-nexrad-level2/2023/04/04/KTLX/KTLX20230404_184510_V06,2023-04-04 18:45:10,2023-04-04 18:48:34
KTLX,s3://unidata-nexrad-level2/2023/04/04/KTLX/KTLX20230404_184834_V06,2023-04-04 18:48:34,2023-04-04 18:52:03
KTLX,s3://unidata-nexrad-level2/2023/04/04/KTLX/KTLX20230404_185203_V06,2023-04-04 18:52:03,2023-04-04 18:56:36
KTLX,s3://unidata-nexrad-level2/2023/04/04/KTLX/KTLX20230404_185636_V06,2023-04-04 18:56:36,2023-04-04 19:00:57
KTLX,s3://unidata-nexrad-level2/2023/04/04/KTLX/KTLX20230404_190057_V06,2023-04-04 19:00:57,2023-04-04 19:05:18
KTLX,s3://unidata-nexrad-level2/2023/04/04/KTLX/KTLX20230404_190518_V06,2023-04-04 19:05:18,2023-04-04 19:09:24
KTLX,s3://unidata-nexrad-level2/2023/04/04/KTLX/KTLX20230404_190924_V06,2023-04-04 19:09:24,2023-04-04 19:13:19
KTLX,s3://unidata-nexrad-level2/2023/04/04/KTLX/KTLX20230404_191319_V06,2023-04-04 19:13:19,2023-04-04 19:17:00
KTLX,s3://unidata-nexrad-level2/2023/04/04/KTLX/KTLX20230404_191700_V06,2023-04-04 19:17:00,2023-04-04 19:20:30
KTLX,s3://unidata-nexrad-level2/2023/04/04/KTLX/KTLX20230404_192030_V06,2023-04-04 19:20:30,2023-04-04 19:23:59
KTLX,s3://unidata-nexrad-level2/2023/04/04/KTLX/KTLX20230404_192359_V06,2023-04-04 19:23:59,2023-04-04 19:27:28
KTLX,s3://unidata-nexrad-level2/2023/04/04/KTLX/KTLX20230404_192728_V06,2023-04-04 19:27:28,2023-04-04 19:31:09
KTLX,s3://unidata-nexrad-level2/2023/04/04/KTLX/KTLX20230404_193109_V06,2023-04-04 19:31:09,2023-04-04 19:34:49
KTLX,s3://unidata-nexrad-level2/2023/04/04/KTLX/KTLX20230404_193449_V06,2023-04-04 19:34:49,2023-04-04 19:38:18
KTLX,s3://unidata-nexrad-level2/2023/04/04/KTLX/KTLX20230404_193818_V06,2023-04-04 19:38:18,2023-04-04 19:41:46
KTLX,s3://unidata-nexrad-level2/2023/04/04/KTLX/KTLX20230404_194146_V06,2023-04-04 19:41:46,2023-04-04 19:45:21
KTLX,s3://unidata-nexrad-level2/2023/04/04/KTLX/KTLX20230404_194521_V06,2023-04-04 19:45:21,2023-04-04 19:48:56
KTLX,s3://unidata-nexrad-level2/2023/04/04/KTLX/KTLX20230404_194856_V06,2023-04-04 19:48:56,2023-04-04 19:52:43
KTLX,s3://unidata-nexrad-level2/2023/04/04/KTLX/KTLX20230404_195243_V06,2023-04-04 19:52:43,2023-04-04 19:56:19
KTLX,s3://unidata-nexrad-level2/2023/04/04/KTLX/KTLX20230404_195619_V06,2023-04-04 19:56:19,2023-04-04 19:59:55
KTLX,s3://unidata-nexrad-level2/2023/04/04/KTLX/KTLX20230404_195955_V06,2023-04-04 19:59:55,2023-04-04 20:03:23
KTLX,s3://unidata-nexrad-level2/2023/04/04/KTLX/KTLX20230404_200323_V06,2023-04-04 20:03:23,2023-04-04 20:06:51
KTLX,s3://unidata-nexrad-level2/2023/04/04/KTLX/KTLX20230404_200651_V06,2023-04-04 20:06:51,2023-04-04 20:10:19
KTLX,s3://unidata-nexrad-level2/2023/04/04/KTLX/KTLX20230404_201019_V06,2023-04-04 20:10:19,2023-04-04 20:13:47
KTLX,s3://unidata-nexrad-level2/2023/04/04/KTLX/KTLX20230404_201347_V06,2023-04-04 20:13:47,2023-04-04 20:17:16
KTLX,s3://unidata-nexrad-level2/2023/04/04/KTLX/KTLX20230404_201716_V06,2023-04-04 20:17:16,2023-04-04 20:20:44
KTLX,s3://unidata-nexrad-level2/2023/04/04/KTLX/KTLX20230404_202044_V06,2023-04-04 20:20:44,2023-04-04 20:24:13
KTLX,s3://unidata-nexrad-level2/2023/04/04/KTLX/KTLX20230404_202413_V06,2023-04-04 20:24:13,2023-04-04 20:27:42
KTLX,s3://unidata-nexrad-level2/2023/04/04/KTLX/KTLX20230404_202742_V06,2023-04-04 20:27:42,2023-04-04 20:31:10
KTLX,s3://unidata-nexrad-level2/2023/04/04/KTLX/KTLX20230404_203110_V06,2023-04-04 20:31:10,2023-04-04 20:34:38
KTLX,s3://unidata-nexrad-level2/2023/04/04/KTLX/KTLX20230404_203438_V06,2023-04-04 20:34:38,2023-04-04 20:38:06
KTLX,s3://unidata-nexrad-level2/2023/04/04/KTLX/KTLX20230404_203806_V06,2023-04-04 20:38:06,2023-04-04 20:41:35
KTLX,s3://unidata-nexrad-level2/2023/04/04/KTLX/KTLX20230404_204135_V06,2023-04-04 20:41:35,2023-04-04 20:45:04
KTLX,s3://unidata-nexrad-level2/2023/04/04/KTLX/KTLX20230404_204504_V06,2023-04-04 20:45:04,2023-04-04 20:48:33
KTLX,s3://unidata-nexrad-level2/2023/04/04/KTLX/KTLX20230404_204833_V06,2023-04-04 20:48:33,2023-04-04 20:52:09
KTLX,s3://unidata-nexrad-level2/2023/04/04/KTLX/KTLX20230404_205209_V06,2023-04-04 20:52:09,2023-04-04 20:55:44
KTLX,s3://unidata-nexrad-level2/2023/04/04/KTLX/KTLX20230404_205544_V06,2023-04-04 20:55:44,2023-04-04 20:59:20
KTLX,s3://unidata-nexrad-level2/2023/04/04/KTLX/KTLX20230404_205920_V06,2023-04-04 20:59:20,2023-04-04 21:02:55
KTLX,s3://unidata-nexrad-level2/2023/04/04/KTLX/KTLX20230404_210255_V06,2023-04-04 21:02:55,2023-04-04 21:06:30
KTLX,s3://unidata-nexrad-level2/2023/04/04/KTLX/KTLX20230404_210630_V06,2023-04-04 21:06:30,2023-04-04 21:10:05
KTLX,s3://unidata-nexrad-level2/2023/04/04/KTLX/KTLX20230404_211005_V06,2023-04-04 21:10:05,2023-04-04 21:13:33
KTLX,s3://unidata-nexrad-level2/2023/04/04/KTLX/KTLX20230404_211333_V06,2023-04-04 21:13:33,2023-04-04 21:16:56
KTLX,s3://unidata-nexrad-level2/2023/04/04/KTLX/KTLX20230404_211656_V06,2023-04-04 21:16:56,2023-04-04 21:20:20
KTLX,s3://unidata-nexrad-level2/2023/04/04/KTLX/KTLX20230404_212020_V06,2023-04-04 21:20:20,2023-04-04 21:23:42
KTLX,s3://unidata-nexrad-level2/2023/04/04/KTLX/KTLX20230404_212342_V06,2023-04-04 21:23:42,2023-04-04 21:27:10
KTLX,s3://unidata-nexrad-level2/2023/04/04/KTLX/KTLX20230404_212710_V06,2023-04-04 21:27:10,2023-04-04 21:30:37
KTLX,s3://unidata-nexrad-level2/2023/04/04/KTLX/KTLX20230404_213037_V06,2023-04-04 21:30:37,2023-04-04 21:34:05
KTLX,s3://unidata-nexrad-level2/2023/04/04/KTLX/KTLX20230404_213405_V06,2023-04-04 21:34:05,2023-04-04 21:37:28
KTLX,s3://unidata-nexrad-level2/2023/04/04/KTLX/KTLX20230404_213728_V06,2023-04-04 21:37:28,2023-04-04 21:40:52
KTLX,s3://unidata-nexrad-level2/2023/04/04/KTLX/KTLX20230404_214052_V06,2023-04-04 21:40:52,2023-04-04 21:44:14
KTLX,s3://unidata-nexrad-level2/2023/04/04/KTLX/KTLX20230404_214414_V06,2023-04-04 21:44:14,2023-04-04 21:47:42
KTLX,s3://unidata-nexrad-level2/2023/04/04/KTLX/KTLX20230404_214742_V06,2023-04-04 21:47:42,2023-04-04 21:51:10
KTLX,s3://unidata-nexrad-level2/2023/04/04/KTLX/KTLX20230404_215110_V06,2023-04-04 21:51:10,2023-04-04 21:54:39
KTLX,s3://unidata-nexrad-level2/2023/04/04/KTLX/KTLX20230404_215439_V06,2023-04-04 21:54:39,2023-04-04 21:58:08
KTLX,s3://unidata-nexrad-level2/2023/04/04/KTLX/KTLX20230404_215808_V06,2023-04-04 21:58:08,2023-04-04 22:01:35
KTLX,s3://unidata-nexrad-level2/2023/04/04/KTLX/KTLX20230404_220135_V06,2023-04-04 22:01:35,2023-04-04 22:05:03
KTLX,s3://unidata-nexrad-level2/2023/04/04/KTLX/KTLX20230404_220503_V06,2023-04-04 22:05:03,2023-04-04 22:08:32
KTLX,s3://unidata-nexrad-level2/2023/04/04/KTLX/KTLX20230404_220832_V06,2023-04-04 22:08:32,2023-04-04 22:12:00
KTLX,s3://unidata-nexrad-level2/2023/04/04/KTLX/KTLX20230404_221200_V06,2023-04-04 22:12:00,2023-04-04 22:15:29
KTLX,s3://unidata-nexrad-level2/2023/04/04/KTLX/KTLX20230404_221529_V06,2023-04-04 22:15:29,2023-04-04 22:18:58
KTLX,s3://unidata-nexrad-level2/2023/04/04/KTLX/KTLX20230404_221858_V06,2023-04-04 22:18:58,2023-04-04 22:22:27
KTLX,s3://unidata-nexrad-level2/2023/04/04/KTLX/KTLX20230404_222227_V06,2023-04-04 22:22:27,2023-04-04 22:25:55
KTLX,s3://unidata-nexrad-level2/2023/04/04/KTLX/KTLX20230404_222555_V06,2023-04-04 22:25:55,2023-04-04 22:29:22
KTLX,s3://unidata-nexrad-level2/2023/04/04/KTLX/KTLX20230404_222922_V06,2023-04-04 22:29:22,2023-04-04 22:32:50
KTLX,s3://unidata-nexrad-level2/2023/04/04/KTLX/KTLX20230404_223250_V06,2023-04-04 22:32:50,2023-04-04 22:36:19
KTLX,s3://unidata-nexrad-level2/2023/04/04/KTLX/KTLX20230404_223619_V06,2023-04-04 22:36:19,2023-04-04 22:39:47
KTLX,s3://unidata-nexrad-level2/2023/04/04/KTLX/KTLX20230404_223947_V06,2023-04-04 22:39:47,2023-04-04 22:43:16
KTLX,s3://unidata-nexrad-level2/2023/04/04/KTLX/KTLX20230404_224316_V06,2023-04-04 22:43:16,2023-04-04 22:46:44
KTLX,s3://unidata-nexrad-level2/2023/04/04/KTLX/KTLX20230404_224644_V06,2023-04-04 22:46:44,2023-04-04 22:50:13
KTLX,s3://unidata-nexrad-level2/2023/04/04/KTLX/KTLX20230404_225013_V06,2023-04-04 22:50:13,2023-04-04 22:53:41
KTLX,s3://unidata-nexrad-level2/2023/04/04/KTLX/KTLX20230404_225341_V06,2023-04-04 22:53:41,2023-04-04 22:57:09
KTLX,s3://unidata-nexrad-level2/2023/04/04/KTLX/KTLX20230404_225709_V06,2023-04-04 22:57:09,2023-04-04 23:00:38
KTLX,s3://unidata-nexrad-level2/2023/04/04/KTLX/KTLX20230404_230038_V06,2023-04-04 23:00:38,2023-04-04 23:04:06
KTLX,s3://unidata-nexrad-level2/2023/04/04/KTLX/KTLX20230404_230406_V06,2023-04-04 23:04:06,2023-04-04 23:07:34
KTLX,s3://unidata-nexrad-level2/2023/04/04/KTLX/KTLX20230404_230734_V06,2023-04-04 23:07:34,2023-04-04 23:11:02
KTLX,s3://unidata-nexrad-level2/2023/04/04/KTLX/KTLX20230404_231102_V06,2023-04-04 23:11:02,2023-04-04 23:14:30
KTLX,s3://unidata-nexrad-level2/2023/04/04/KTLX/KTLX20230404_231430_V06,2023-04-04 23:14:30,2023-04-04 23:17:58
KTLX,s3://unidata-nexrad-level2/2023/04/04/KTLX/KTLX20230404_231758_V06,2023-04-04 23:17:58,2023-04-04 23:21:26
KTLX,s3://unidata-nexrad-level2/2023/04/04/KTLX/KTLX20230404_232126_V06,2023-04-04 23:21:26,2023-04-04 23:24:55
KTLX,s3://unidata-nexrad-level2/2023/04/04/KTLX/KTLX20230404_232455_V06,2023-04-04 23:24:55,2023-04-04 23:29:55
KTLX,s3://unidata-nexrad-level2/2023/04/04/KTLX/KTLX20230404_233149_V06,2023-04-04 23:31:49,2023-04-04 23:36:49
KTLX,s3://unidata-nexrad-level2/2023/04/04/KTLX/KTLX20230404_233835_V06,2023-04-04 23:38:35,2023-04-04 23:41:58
KTLX,s3://unidata-nexrad-level2/2023/04/04/KTLX/KTLX20230404_234158_V06,2023-04-04 23:41:58,2023-04-04 23:45:34
KTLX,s3://unidata-nexrad-level2/2023/04/04/KTLX/KTLX20230404_234534_V06,2023-04-04 23:45:34,2023-04-04 23:49:10
KTLX,s3://unidata-nexrad-level2/2023/04/04/KTLX/KTLX20230404_234910_V06,2023-04-04 23:49:10,2023-04-04 23:52:45
KTLX,s3://unidata-nexrad-level2/2023/04/04/KTLX/KTLX20230404_235245_V06,2023-04-04 23:52:45,2023-04-04 23:57:37
KTLX,s3://unidata-nexrad-level2/2023/04/04/KTLX/KTLX20230404_235737_V06,2023-04-04 23:57:37,2023-04-05 00:01:12
KTLX,s3://unidata-nexrad-level2/2023/04/05/KTLX/KTLX20230405_000112_V06,2023-04-05 00:01:12,2023-04-05 00:04:48
KTLX,s3://unidata-nexrad-level2/2023/04/05/KTLX/KTLX20230405_000448_V06,2023-04-05 00:04:48,2023-04-05 00:08:24
KTLX,s3://unidata-nexrad-level2/2023/04/05/KTLX/KTLX20230405_000824_V06,2023-04-05 00:08:24,2023-04-05 00:12:00
KTLX,s3://unidata-nexrad-level2/2023/04/05/KTLX/KTLX20230405_001200_V06,2023-04-05 00:12:00,2023-04-05 00:15:36
KTLX,s3://unidata-nexrad-level2/2023/04/05/KTLX/KTLX20230405_001536_V06,2023-04-05 00:15:36,2023-04-05 00:20:36
KTLX,s3://unidata-nexrad-level2/2023/04/05/KTLX/KTLX20230405_002231_V06,2023-04-05 00:22:31,2023-04-05 00:27:31
KTLX,s3://unidata-nexrad-level2/2023/04/05/KTLX/KTLX20230405_002918_V06,2023-04-05 00:29:18,2023-04-05 00:34:18
KTLX,s3://unidata-nexrad-level2/2023/04/05/KTLX/KTLX20230405_003604_V06,2023-04-05 00:36:04,2023-04-05 00:41:04
KTLX,s3://unidata-nexrad-level2/2023/04/05/KTLX/KTLX20230405_004254_V06,2023-04-05 00:42:54,2023-04-05 00:47:54
KTLX,s3://unidata-nexrad-level2/2023/04/05/KTLX/KTLX20230405_004943_V06,2023-04-05 00:49:43,2023-04-05 00:54:43
KTLX,s3://unidata-nexrad-level2/2023/04/05/KTLX/KTLX20230405_005637_V06,2023-04-05 00:56:37,2023-04-05 01:01:37
KTLX,s3://unidata-nexrad-level2/2023/04/05/KTLX/KTLX20230405_010332_V06,2023-04-05 01:03:32,2023-04-05 01:08:32
KTLX,s3://unidata-nexrad-level2/2023/04/05/KTLX/KTLX20230405_011028_V06,2023-04-05 01:10:28,2023-04-05 01:15:28
KTLX,s3://unidata-nexrad-level2/2023/04/05/KTLX/KTLX20230405_011718_V06,2023-04-05 01:17:18,2023-04-05 01:22:18
KTLX,s3://unidata-nexrad-level2/2023/04/05/KTLX/KTLX20230405_012403_V06,2023-04-05 01:24:03,2023-04-05 01:29:03
KTLX,s3://unidata-nexrad-level2/2023/04/05/KTLX/KTLX20230405_013049_V06,2023-04-05 01:30:49,2023-04-05 01:35:49
KTLX,s3://unidata-nexrad-level2/2023/04/05/KTLX/KTLX20230405_013739_V06,2023-04-05 01:37:39,2023-04-05 01:42:39
KTLX,s3://unidata-nexrad-level2/2023/04/05/KTLX/KTLX20230405_014441_V06,2023-04-05 01:44:41,2023-04-05 01:49:41
KTLX,s3://unidata-nexrad-level2/2023/04/05/KTLX/KTLX20230405_015141_V06,2023-04-05 01:51:41,2023-04-05 01:56:41
KTLX,s3://unidata-nexrad-level2/2023/04/05/KTLX/KTLX20230405_015842_V06,2023-04-05 01:58:42,2023-04-05 02:03:42
KTLX,s3://unidata-nexrad-level2/2023/04/05/KTLX/KTLX20230405_020543_V06,2023-04-05 02:05:43,2023-04-05 02:10:43
KTLX,s3://unidata-nexrad-level2/2023/04/05/KTLX/KTLX20230405_021244_V06,2023-04-05 02:12:44,2023-04-05 02:17:44
KTLX,s3://unidata-nexrad-level2/2023/04/05/KTLX/KTLX20230405_021944_V06,2023-04-05 02:19:44,2023-04-05 02:23:07
KTLX,s3://unidata-nexrad-level2/2023/04/05/KTLX/KTLX20230405_022307_V06,2023-04-05 02:23:07,2023-04-05 02:26:41
KTLX,s3://unidata-nexrad-level2/2023/04/05/KTLX/KTLX20230405_022641_V06,2023-04-05 02:26:41,2023-04-05 02:30:17
KTLX,s3://unidata-nexrad-level2/2023/04/05/KTLX/KTLX20230405_023017_V06,2023-04-05 02:30:17,2023-04-05 02:33:36
KTLX,s3://unidata-nexrad-level2/2023/04/05/KTLX/KTLX20230405_023336_V06,2023-04-05 02:33:36,2023-04-05 02:36:54
KTLX,s3://unidata-nexrad-level2/2023/04/05/KTLX/KTLX20230405_023654_V06,2023-04-05 02:36:54,2023-04-05 02:40:07
KTLX,s3://unidata-nexrad-level2/2023/04/05/KTLX/KTLX20230405_024007_V06,2023-04-05 02:40:07,2023-04-05 02:43:20
KTLX,s3://unidata-nexrad-level2/2023/04/05/KTLX/KTLX20230405_024320_V06,2023-04-05 02:43:20,2023-04-05 02:46:34
KTLX,s3://unidata-nexrad-level2/2023/04/05/KTLX/KTLX20230405_024634_V06,2023-04-05 02:46:34,2023-04-05 02:49:47
KTLX,s3://unidata-nexrad-level2/2023/04/05/KTLX/KTLX20230405_024947_V06,2023-04-05 02:49:47,2023-04-05 02:53:11
KTLX,s3://unidata-nexrad-level2/2023/04/05/KTLX/KTLX20230405_025311_V06,2023-04-05 02:53:11,2023-04-05 02:56:33
KTLX,s3://unidata-nexrad-level2/2023/04/05/KTLX/KTLX20230405_025633_V06,2023-04-05 02:56:33,2023-04-05 02:59:56
KTLX,s3://unidata-nexrad-level2/2023/04/05/KTLX/KTLX20230405_025956_V06,2023-04-05 02:59:56,2023-04-05 03:03:19
KTLX,s3://unidata-nexrad-level2/2023/04/05/KTLX/KTLX20230405_030319_V06,2023-04-05 03:03:19,2023-04-05 03:06:42
KTLX,s3://unidata-nexrad-level2/2023/04/05/KTLX/KTLX20230405_030642_V06,2023-04-05 03:06:42,2023-04-05 03:10:10
KTLX,s3://unidata-nexrad-level2/2023/04/05/KTLX/KTLX20230405_031010_V06,2023-04-05 03:10:10,2023-04-05 03:13:38
KTLX,s3://unidata-nexrad-level2/2023/04/05/KTLX/KTLX20230405_031338_V06,2023-04-05 03:13:38,2023-04-05 03:17:07
KTLX,s3://unidata-nexrad-level2/2023/04/05/KTLX/KTLX20230405_031707_V06,2023-04-05 03:17:07,2023-04-05 03:20:36
KTLX,s3://unidata-nexrad-level2/2023/04/05/KTLX/KTLX20230405_032036_V06,2023-04-05 03:20:36,2023-04-05 03:24:05
KTLX,s3://unidata-nexrad-level2/2023/04/05/KTLX/KTLX20230405_032405_V06,2023-04-05 03:24:05,2023-04-05 03:27:32
KTLX,s3://unidata-nexrad-level2/2023/04/05/KTLX/KTLX20230405_032732_V06,2023-04-05 03:27:32,2023-04-05 03:31:00
KTLX,s3://unidata-nexrad-level2/2023/04/05/KTLX/KTLX20230405_033100_V06,2023-04-05 03:31:00,2023-04-05 03:34:29
KTLX,s3://unidata-nexrad-level2/2023/04/05/KTLX/KTLX20230405_033429_V06,2023-04-05 03:34:29,2023-04-05 03:38:04
KTLX,s3://unidata-nexrad-level2/2023/04/05/KTLX/KTLX20230405_033804_V06,2023-04-05 03:38:04,2023-04-05 03:41:39
KTLX,s3://unidata-nexrad-level2/2023/04/05/KTLX/KTLX20230405_034139_V06,2023-04-05 03:41:39,2023-04-05 03:45:14
KTLX,s3://unidata-nexrad-level2/2023/04/05/KTLX/KTLX20230405_034514_V06,2023-04-05 03:45:14,2023-04-05 03:48:49
KTLX,s3://unidata-nexrad-level2/2023/04/05/KTLX/KTLX20230405_034849_V06,2023-04-05 03:48:49,2023-04-05 03:52:03
KTLX,s3://unidata-nexrad-level2/2023/04/05/KTLX/KTLX20230405_035203_V06,2023-04-05 03:52:03,2023-04-05 03:55:18
KTLX,s3://unidata-nexrad-level2/2023/04/05/KTLX/KTLX20230405_035518_V06,2023-04-05 03:55:18,2023-04-05 03:58:30
KTLX,s3://unidata-nexrad-level2/2023/04/05/KTLX/KTLX20230405_035830_V06,2023-04-05 03:58:30,2023-04-05 04:02:05
KTLX,s3://unidata-nexrad-level2/2023/04/05/KTLX/KTLX20230405_040205_V06,2023-04-05 04:02:05,2023-04-05 04:05:28
KTLX,s3://unidata-nexrad-level2/2023/04/05/KTLX/KTLX20230405_040528_V06,2023-04-05 04:05:28,2023-04-05 04:08:51
KTLX,s3://unidata-nexrad-level2/2023/04/05/KTLX/KTLX20230405_040851_V06,2023-04-05 04:08:51,2023-04-05 04:12:15
KTLX,s3://unidata-nexrad-level2/2023/04/05/KTLX/KTLX20230405_041215_V06,2023-04-05 04:12:15,2023-04-05 04:15:39
KTLX,s3://unidata-nexrad-level2/2023/04/05/KTLX/KTLX20230405_041539_V06,2023-04-05 04:15:39,2023-04-05 04:19:02
KTLX,s3://unidata-nexrad-level2/2023/04/05/KTLX/KTLX20230405_041902_V06,2023-04-05 04:19:02,2023-04-05 04:22:31
KTLX,s3://unidata-nexrad-level2/2023/04/05/KTLX/KTLX20230405_042231_V06,2023-04-05 04:22:31,2023-04-05 04:26:08
KTLX,s3://unidata-nexrad-level2/2023/04/05/KTLX/KTLX20230405_042608_V06,2023-04-05 04:26:08,2023-04-05 04:29:43
KTLX,s3://unidata-nexrad-level2/2023/04/05/KTLX/KTLX20230405_042943_V06,2023-04-05 04:29:43,2023-04-05 04:33:18
KTLX,s3://unidata-nexrad-level2/2023/04/05/KTLX/KTLX20230405_043318_V06,2023-04-05 04:33:18,2023-04-05 04:36:53
KTLX,s3://unidata-nexrad-level2/2023/04/05/KTLX/KTLX20230405_043653_V06,2023-04-05 04:36:53,2023-04-05 04:40:06
KTLX,s3://unidata-nexrad-level2/2023/04/05/KTLX/KTLX20230405_044006_V06,2023-04-05 04:40:06,2023-04-05 04:43:34
KTLX,s3://unidata-nexrad-level2/2023/04/05/KTLX/KTLX20230405_044334_V06,2023-04-05 04:43:34,2023-04-05 04:46:47
KTLX,s3://unidata-nexrad-level2/2023/04/05/KTLX/KTLX20230405_044647_V06,2023-04-05 04:46:47,2023-04-05 04:50:22
KTLX,s3://unidata-nexrad-level2/2023/04/05/KTLX/KTLX20230405_045022_V06,2023-04-05 04:50:22,2023-04-05 04:53:58
KTLX,s3://unidata-nexrad-level2/2023/04/05/KTLX/KTLX20230405_045358_V06,2023-04-05 04:53:58,2023-04-05 04:57:33
KTLX,s3://unidata-nexrad-level2/2023/04/05/KTLX/KTLX20230405_045733_V06,2023-04-05 04:57:33,2023-04-05 05:01:07
KTLX,s3://unidata-nexrad-level2/2023/04/05/KTLX/KTLX20230405_050107_V06,2023-04-05 05:01:07,2023-04-05 05:04:36
KTLX,s3://unidata-nexrad-level2/2023/04/05/KTLX/KTLX20230405_050436_V06,2023-04-05 05:04:36,2023-04-05 05:08:11
KTLX,s3://unidata-nexrad-level2/2023/04/05/KTLX/KTLX20230405_050811_V06,2023-04-05 05:08:11,2023-04-05 05:11:46
KTLX,s3://unidata-nexrad-level2/2023/04/05/KTLX/KTLX20230405_051146_V06,2023-04-05 05:11:46,2023-04-05 05:15:21
KTLX,s3://unidata-nexrad-level2/2023/04/05/KTLX/KTLX20230405_051521_V06,2023-04-05 05:15:21,2023-04-05 05:18:56
KTLX,s3://unidata-nexrad-level2/2023/04/05/KTLX/KTLX20230405_051856_V06,2023-04-05 05:18:56,2023-04-05 05:22:15
KTLX,s3://unidata-nexrad-level2/2023/04/05/KTLX/KTLX20230405_052215_V06,2023-04-05 05:22:15,2023-04-05 05:25:38
KTLX,s3://unidata-nexrad-level2/2023/04/05/KTLX/KTLX20230405_052538_V06,2023-04-05 05:25:38,2023-04-05 05:28:53
KTLX,s3://unidata-nexrad-level2/2023/04/05/KTLX/KTLX20230405_052853_V06,2023-04-05 05:28:53,2023-04-05 05:32:10
KTLX,s3://unidata-nexrad-level2/2023/04/05/KTLX/KTLX20230405_053210_V06,2023-04-05 05:32:10,2023-04-05 05:35:28
KTLX,s3://unidata-nexrad-level2/2023/04/05/KTLX/KTLX20230405_053528_V06,2023-04-05 05:35:28,2023-04-05 05:38:46
KTLX,s3://unidata-nexrad-level2/2023/04/05/KTLX/KTLX20230405_053846_V06,2023-04-05 05:38:46,2023-04-05 05:42:16
KTLX,s3://unidata-nexrad-level2/2023/04/05/KTLX/KTLX20230405_054216_V06,2023-04-05 05:42:16,2023-04-05 05:45:51
KTLX,s3://unidata-nexrad-level2/2023/04/05/KTLX/KTLX20230405_054551_V06,2023-04-05 05:45:51,2023-04-05 05:49:26
KTLX,s3://unidata-nexrad-level2/2023/04/05/KTLX/KTLX20230405_054926_V06,2023-04-05 05:49:26,2023-04-05 05:52:57
KTLX,s3://unidata-nexrad-level2/2023/04/05/KTLX/KTLX20230405_055257_V06,2023-04-05 05:52:57,2023-04-05 05:56:33
KTLX,s3://unidata-nexrad-level2/2023/04/05/KTLX/KTLX20230405_055633_V06,2023-04-05 05:56:33,2023-04-05 06:00:02
KTLX,s3://unidata-nexrad-level2/2023/04/05/KTLX/KTLX20230405_060002_V06,2023-04-05 06:00:02,2023-04-05 06:03:33
KTLX,s3://unidata-nexrad-level2/2023/04/05/KTLX/KTLX20230405_060333_V06,2023-04-05 06:03:33,2023-04-05 06:06:59
KTLX,s3://unidata-nexrad-level2/2023/04/05/KTLX/KTLX20230405_060659_V06,2023-04-05 06:06:59,2023-04-05 06:10:54
KTLX,s3://unidata-nexrad-level2/2023/04/05/KTLX/KTLX20230405_061054_V06,2023-04-05 06:10:54,2023-04-05 06:14:35
KTLX,s3://unidata-nexrad-level2/2023/04/05/KTLX/KTLX20230405_061435_V06,2023-04-05 06:14:35,2023-04-05 06:18:16
KTLX,s3://unidata-nexrad-level2/2023/04/05/KTLX/KTLX20230405_061816_V06,2023-04-05 06:18:16,2023-04-05 06:21:52
KTLX,s3://unidata-nexrad-level2/2023/04/05/KTLX/KTLX20230405_062152_V06,2023-04-05 06:21:52,2023-04-05 06:25:40
KTLX,s3://unidata-nexrad-level2/2023/04/05/KTLX/KTLX20230405_062540_V06,2023-04-05 06:25:40,2023-04-05 06:29:20
KTLX,s3://unidata-nexrad-level2/2023/04/05/KTLX/KTLX20230405_062920_V06,2023-04-05 06:29:20,2023-04-05 06:33:08
KTLX,s3://unidata-nexrad-level2/2023/04/05/KTLX/KTLX20230405_063308_V06,2023-04-05 06:33:08,2023-04-05 06:36:57
KTLX,s3://unidata-nexrad-level2/2023/04/05/KTLX/KTLX20230405_063657_V06,2023-04-05 06:36:57,2023-04-05 06:40:33
KTLX,s3://unidata-nexrad-level2/2023/04/05/KTLX/KTLX20230405_064033_V06,2023-04-05 06:40:33,2023-04-05 06:44:08
KTLX,s3://unidata-nexrad-level2/2023/04/05/KTLX/KTLX20230405_064408_V06,2023-04-05 06:44:08,2023-04-05 06:47:30
KTLX,s3://unidata-nexrad-level2/2023/04/05/KTLX/KTLX20230405_064730_V06,2023-04-05 06:47:30,2023-04-05 06:50:53
KTLX,s3://unidata-nexrad-level2/2023/04/05/KTLX/KTLX20230405_065053_V06,2023-04-05 06:50:53,2023-04-05 06:54:17
KTLX,s3://unidata-nexrad-level2/2023/04/05/KTLX/KTLX20230405_065417_V06,2023-04-05 06:54:17,2023-04-05 06:57:29
KTLX,s3://unidata-nexrad-level2/2023/04/05/KTLX/KTLX20230405_065729_V06,2023-04-05 06:57:29,2023-04-05 07:00:43
KTLX,s3://unidata-nexrad-level2/2023/04/05/KTLX/KTLX20230405_070043_V06,2023-04-05 07:00:43,2023-04-05 07:03:57
KTLX,s3://unidata-nexrad-level2/2023/04/05/KTLX/KTLX20230405_070357_V06,2023-04-05 07:03:57,2023-04-05 07:07:25
KTLX,s3://unidata-nexrad-level2/2023/04/05/KTLX/KTLX20230405_070725_V06,2023-04-05 07:07:25,2023-04-05 07:10:53
KTLX,s3://unidata-nexrad-level2/2023/04/05/KTLX/KTLX20230405_071053_V06,2023-04-05 07:10:53,2023-04-05 07:14:21
KTLX,s3://unidata-nexrad-level2/2023/04/05/KTLX/KTLX20230405_071421_V06,2023-04-05 07:14:21,2023-04-05 07:17:50
KTLX,s3://unidata-nexrad-level2/2023/04/05/KTLX/KTLX20230405_071750_V06,2023-04-05 07:17:50,2023-04-05 07:21:18
KTLX,s3://unidata-nexrad-level2/2023/04/05/KTLX/KTLX20230405_072118_V06,2023-04-05 07:21:18,2023-04-05 07:24:45
KTLX,s3://unidata-nexrad-level2/2023/04/05/KTLX/KTLX20230405_072445_V06,2023-04-05 07:24:45,2023-04-05 07:28:14
KTLX,s3://unidata-nexrad-level2/2023/04/05/KTLX/KTLX20230405_072814_V06,2023-04-05 07:28:14,2023-04-05 07:31:43
KTLX,s3://unidata-nexrad-level2/2023/04/05/KTLX/KTLX20230405_073143_V06,2023-04-05 07:31:43,2023-04-05 07:35:12
KTLX,s3://unidata-nexrad-level2/2023/04/05/KTLX/KTLX20230405_073512_V06,2023-04-05 07:35:12,2023-04-05 07:38:36
KTLX,s3://unidata-nexrad-level2/2023/04/05/KTLX/KTLX20230405_073836_V06,2023-04-05 07:38:36,2023-04-05 07:41:59
KTLX,s3://unidata-nexrad-level2/2023/04/05/KTLX/KTLX20230405_074159_V06,2023-04-05 07:41:59,2023-04-05 07:45:27
KTLX,s3://unidata-nexrad-level2/2023/04/05/KTLX/KTLX20230405_074527_V06,2023-04-05 07:45:27,2023-04-05 07:48:55
KTLX,s3://unidata-nexrad-level2/2023/04/05/KTLX/KTLX20230405_074855_V06,2023-04-05 07:48:55,2023-04-05 07:52:23
KTLX,s3://unidata-nexrad-level2/2023/04/05/KTLX/KTLX20230405_075223_V06,2023-04-05 07:52:23,2023-04-05 07:55:59
KTLX,s3://unidata-nexrad-level2/2023/04/05/KTLX/KTLX20230405_075559_V06,2023-04-05 07:55:59,2023-04-05 08:00:50
KTLX,s3://unidata-nexrad-level2/2023/04/05/KTLX/KTLX20230405_080050_V06,2023-04-05 08:00:50,2023-04-05 08:04:03
KTLX,s3://unidata-nexrad-level2/2023/04/05/KTLX/KTLX20230405_080403_V06,2023-04-05 08:04:03,2023-04-05 08:07:17
KTLX,s3://unidata-nexrad-level2/2023/04/05/KTLX/KTLX20230405_080717_V06,2023-04-05 08:07:17,2023-04-05 08:10:31
KTLX,s3://unidata-nexrad-level2/2023/04/05/KTLX/KTLX20230405_081031_V06,2023-04-05 08:10:31,2023-04-05 08:13:45
KTLX,s3://unidata-nexrad-level2/2023/04/05/KTLX/KTLX20230405_081345_V06,2023-04-05 08:13:45,2023-04-05 08:16:59
KTLX,s3://unidata-nexrad-level2/2023/04/05/KTLX/KTLX20230405_081659_V06,2023-04-05 08:16:59,2023-04-05 08:20:12
KTLX,s3://unidata-nexrad-level2/2023/04/05/KTLX/KTLX20230405_082012_V06,2023-04-05 08:20:12,2023-04-05 08:23:24
KTLX,s3://unidata-nexrad-level2/2023/04/05/KTLX/KTLX20230405_082324_V06,2023-04-05 08:23:24,2023-04-05 08:26:59
KTLX,s3://unidata-nexrad-level2/2023/04/05/KTLX/KTLX20230405_082659_V06,2023-04-05 08:26:59,2023-04-05 08:30:23
KTLX,s3://unidata-nexrad-level2/2023/04/05/KTLX/KTLX20230405_083023_V06,2023-04-05 08:30:23,2023-04-05 08:33:58
KTLX,s3://unidata-nexrad-level2/2023/04/05/KTLX/KTLX20230405_083358_V06,2023-04-05 08:33:58,2023-04-05 08:37:21
KTLX,s3://unidata-nexrad-level2/2023/04/05/KTLX/KTLX20230405_083721_V06,2023-04-05 08:37:21,2023-04-05 08:40:56
KTLX,s3://unidata-nexrad-level2/2023/04/05/KTLX/KTLX20230405_084056_V06,2023-04-05 08:40:56,2023-04-05 08:44:24
KTLX,s3://unidata-nexrad-level2/2023/04/05/KTLX/KTLX20230405_084424_V06,2023-04-05 08:44:24,2023-04-05 08:47:53
KTLX,s3://unidata-nexrad-level2/2023/04/05/KTLX/KTLX20230405_084753_V06,2023-04-05 08:47:53,2023-04-05 08:51:27
KTLX,s3://unidata-nexrad-level2/2023/04/05/KTLX/KTLX20230405_085127_V06,2023-04-05 08:51:27,2023-04-05 08:54:55
KTLX,s3://unidata-nexrad-level2/2023/04/05/KTLX/KTLX20230405_085455_V06,2023-04-05 08:54:55,2023-04-05 08:58:23
KTLX,s3://unidata-nexrad-level2/2023/04/05/KTLX/KTLX20230405_085823_V06,2023-04-05 08:58:23,2023-04-05 09:01:52
KTLX,s3://unidata-nexrad-level2/2023/04/05/KTLX/KTLX20230405_090152_V06,2023-04-05 09:01:52,2023-04-05 09:05:27
KTLX,s3://unidata-nexrad-level2/2023/04/05/KTLX/KTLX20230405_090527_V06,2023-04-05 09:05:27,2023-04-05 09:09:02
KTLX,s3://unidata-nexrad-level2/2023/04/05/KTLX/KTLX20230405_090902_V06,2023-04-05 09:09:02,2023-04-05 09:12:37
KTLX,s3://unidata-nexrad-level2/2023/04/05/KTLX/KTLX20230405_091237_V06,2023-04-05 09:12:37,2023-04-05 09:16:05
KTLX,s3://unidata-nexrad-level2/2023/04/05/KTLX/KTLX20230405_091605_V06,2023-04-05 09:16:05,2023-04-05 09:19:33
KTLX,s3://unidata-nexrad-level2/2023/04/05/KTLX/KTLX20230405_091933_V06,2023-04-05 09:19:33,2023-04-05 09:23:01
KTLX,s3://unidata-nexrad-level2/2023/04/05/KTLX/KTLX20230405_092301_V06,2023-04-05 09:23:01,2023-04-05 09:26:35
KTLX,s3://unidata-nexrad-level2/2023/04/05/KTLX/KTLX20230405_092635_V06,2023-04-05 09:26:35,2023-04-05 09:30:03
KTLX,s3://unidata-nexrad-level2/2023/04/05/KTLX/KTLX20230405_093003_V06,2023-04-05 09:30:03,2023-04-05 09:33:39
KTLX,s3://unidata-nexrad-level2/2023/04/05/KTLX/KTLX20230405_093339_V06,2023-04-05 09:33:39,2023-04-05 09:37:14
KTLX,s3://unidata-nexrad-level2/2023/04/05/KTLX/KTLX20230405_093714_V06,2023-04-05 09:37:14,2023-04-05 09:40:43
KTLX,s3://unidata-nexrad-level2/2023/04/05/KTLX/KTLX20230405_094043_V06,2023-04-05 09:40:43,2023-04-05 09:44:12
KTLX,s3://unidata-nexrad-level2/2023/04/05/KTLX/KTLX20230405_094412_V06,2023-04-05 09:44:12,2023-04-05 09:47:40
KTLX,s3://unidata-nexrad-level2/2023/04/05/KTLX/KTLX20230405_094740_V06,2023-04-05 09:47:40,2023-04-05 09:51:08
KTLX,s3://unidata-nexrad-level2/2023/04/05/KTLX/KTLX20230405_095108_V06,2023-04-05 09:51:08,2023-04-05 09:54:35
KTLX,s3://unidata-nexrad-level2/2023/04/05/KTLX/KTLX20230405_095435_V06,2023-04-05 09:54:35,2023-04-05 09:58:03
KTLX,s3://unidata-nexrad-level2/2023/04/05/KTLX/KTLX20230405_095803_V06,2023-04-05 09:58:03,2023-04-05 10:01:38
KTLX,s3://unidata-nexrad-level2/2023/04/05/KTLX/KTLX20230405_100138_V06,2023-04-05 10:01:38,2023-04-05 10:05:13
KTLX,s3://unidata-nexrad-level2/2023/04/05/KTLX/KTLX20230405_100513_V06,2023-04-05 10:05:13,2023-04-05 10:08:48
KTLX,s3://unidata-nexrad-level2/2023/04/05/KTLX/KTLX20230405_100848_V06,2023-04-05 10:08:48,2023-04-05 10:12:23
KTLX,s3://unidata-nexrad-level2/2023/04/05/KTLX/KTLX20230405_101223_V06,2023-04-05 10:12:23,2023-04-05 10:15:46
KTLX,s3://unidata-nexrad-level2/2023/04/05/KTLX/KTLX20230405_101546_V06,2023-04-05 10:15:46,2023-04-05 10:19:09
KTLX,s3://unidata-nexrad-level2/2023/04/05/KTLX/KTLX20230405_101909_V06,2023-04-05 10:19:09,2023-04-05 10:22:32
KTLX,s3://unidata-nexrad-level2/2023/04/05/KTLX/KTLX20230405_102232_V06,2023-04-05 10:22:32,2023-04-05 10:26:07
KTLX,s3://unidata-nexrad-level2/2023/04/05/KTLX/KTLX20230405_102607_V06,2023-04-05 10:26:07,2023-04-05 10:29:42
KTLX,s3://unidata-nexrad-level2/2023/04/05/KTLX/KTLX20230405_102942_V06,2023-04-05 10:29:42,2023-04-05 10:33:17
KTLX,s3://unidata-nexrad-level2/2023/04/05/KTLX/KTLX20230405_103317_V06,2023-04-05 10:33:17,2023-04-05 10:36:52
KTLX,s3://unidata-nexrad-level2/2023/04/05/KTLX/KTLX20230405_103652_V06,2023-04-05 10:36:52,2023-04-05 10:40:15
KTLX,s3://unidata-nexrad-level2/2023/04/05/KTLX/KTLX20230405_104015_V06,2023-04-05 10:40:15,2023-04-05 10:43:43
KTLX,s3://unidata-nexrad-level2/2023/04/05/KTLX/KTLX20230405_104343_V06,2023-04-05 10:43:43,2023-04-05 10:47:12
KTLX,s3://unidata-nexrad-level2/2023/04/05/KTLX/KTLX20230405_104712_V06,2023-04-05 10:47:12,2023-04-05 10:50:41
KTLX,s3://unidata-nexrad-level2/2023/04/05/KTLX/KTLX20230405_105041_V06,2023-04-05 10:50:41,2023-04-05 10:54:09
KTLX,s3://unidata-nexrad-level2/2023/04/05/KTLX/KTLX20230405_105409_V06,2023-04-05 10:54:09,2023-04-05 10:57:37
KTLX,s3://unidata-nexrad-level2/2023/04/05/KTLX/KTLX20230405_105737_V06,2023-04-05 10:57:37,2023-04-05 11:01:13
KTLX,s3://unidata-nexrad-level2/2023/04/05/KTLX/KTLX20230405_110113_V06,2023-04-05 11:01:13,2023-04-05 11:04:48
KTLX,s3://unidata-nexrad-level2/2023/04/05/KTLX/KTLX20230405_110448_V06,2023-04-05 11:04:48,2023-04-05 11:08:23
KTLX,s3://unidata-nexrad-level2/2023/04/05/KTLX/KTLX20230405_110823_V06,2023-04-05 11:08:23,2023-04-05 11:11:52
KTLX,s3://unidata-nexrad-level2/2023/04/05/KTLX/KTLX20230405_111152_V06,2023-04-05 11:11:52,2023-04-05 11:15:27
KTLX,s3://unidata-nexrad-level2/2023/04/05/KTLX/KTLX20230405_111527_V06,2023-04-05 11:15:27,2023-04-05 11:19:03
KTLX,s3://unidata-nexrad-level2/2023/04/05/KTLX/KTLX20230405_111903_V06,2023-04-05 11:19:03,2023-04-05 11:22:15
KTLX,s3://unidata-nexrad-level2/2023/04/05/KTLX/KTLX20230405_112215_V06,2023-04-05 11:22:15,2023-04-05 11:25:28
KTLX,s3://unidata-nexrad-level2/2023/04/05/KTLX/KTLX20230405_112528_V06,2023-04-05 11:25:28,2023-04-05 11:29:03
KTLX,s3://unidata-nexrad-level2/2023/04/05/KTLX/KTLX20230405_112903_V06,2023-04-05 11:29:03,2023-04-05 11:32:22
KTLX,s3://unidata-nexrad-level2/2023/04/05/KTLX/KTLX20230405_113222_V06,2023-04-05 11:32:22,2023-04-05 11:35:50
KTLX,s3://unidata-nexrad-level2/2023/04/05/KTLX/KTLX20230405_113550_V06,2023-04-05 11:35:50,2023-04-05 11:39:13
KTLX,s3://unidata-nexrad-level2/2023/04/05/KTLX/KTLX20230405_113913_V06,2023-04-05 11:39:13,2023-04-05 11:42:36
KTLX,s3://unidata-nexrad-level2/2023/04/05/KTLX/KTLX20230405_114236_V06,2023-04-05 11:42:36,2023-04-05 11:46:05
KTLX,s3://unidata-nexrad-level2/2023/04/05/KTLX/KTLX20230405_114605_V06,2023-04-05 11:46:05,2023-04-05 11:49:28
KTLX,s3://unidata-nexrad-level2/2023/04/05/KTLX/KTLX20230405_114928_V06,2023-04-05 11:49:28,2023-04-05 11:52:56
KTLX,s3://unidata-nexrad-level2/2023/04/05/KTLX/KTLX20230405_115256_V06,2023-04-05 11:52:56,2023-04-05 11:56:31
KTLX,s3://unidata-nexrad-level2/2023/04/05/KTLX/KTLX20230405_115631_V06,2023-04-05 11:56:31,2023-04-05 11:59:59
KTLX,s3://unidata-nexrad-level2/2023/04/05/KTLX/KTLX20230405_115959_V06,2023-04-05 11:59:59,2023-04-05 12:03:28
KTLX,s3://unidata-nexrad-level2/2023/04/05/KTLX/KTLX20230405_120328_V06,2023-04-05 12:03:28,2023-04-05 12:06:56
KTLX,s3://unidata-nexrad-level2/2023/04/05/KTLX/KTLX20230405_120656_V06,2023-04-05 12:06:56,2023-04-05 12:10:31
KTLX,s3://unidata-nexrad-level2/2023/04/05/KTLX/KTLX20230405_121031_V06,2023-04-05 12:10:31,2023-04-05 12:14:06
KTLX,s3://unidata-nexrad-level2/2023/04/05/KTLX/KTLX20230405_121406_V06,2023-04-05 12:14:06,2023-04-05 12:17:41
KTLX,s3://unidata-nexrad-level2/2023/04/05/KTLX/KTLX20230405_121741_V06,2023-04-05 12:17:41,2023-04-05 12:21:16
KTLX,s3://unidata-nexrad-level2/2023/04/05/KTLX/KTLX20230405_122116_V06,2023-04-05 12:21:16,2023-04-05 12:24:50
KTLX,s3://unidata-nexrad-level2/2023/04/05/KTLX/KTLX20230405_122450_V06,2023-04-05 12:24:50,2023-04-05 12:28:18
KTLX,s3://unidata-nexrad-level2/2023/04/05/KTLX/KTLX20230405_122818_V06,2023-04-05 12:28:18,2023-04-05 12:31:54
KTLX,s3://unidata-nexrad-level2/2023/04/05/KTLX/KTLX20230405_123154_V06,2023-04-05 12:31:54,2023-04-05 12:35:30
KTLX,s3://unidata-nexrad-level2/2023/04/05/KTLX/KTLX20230405_123530_V06,2023-04-05 12:35:30,2023-04-05 12:39:05
KTLX,s3://unidata-nexrad-level2/2023/04/05/KTLX/KTLX20230405_123905_V06,2023-04-05 12:39:05,2023-04-05 12:42:40
KTLX,s3://unidata-nexrad-level2/2023/04/05/KTLX/KTLX20230405_124240_V06,2023-04-05 12:42:40,2023-04-05 12:46:03
KTLX,s3://unidata-nexrad-level2/2023/04/05/KTLX/KTLX20230405_124603_V06,2023-04-05 12:46:03,2023-04-05 12:49:37
KTLX,s3://unidata-nexrad-level2/2023/04/05/KTLX/KTLX20230405_124937_V06,2023-04-05 12:49:37,2023-04-05 12:53:06
KTLX,s3://unidata-nexrad-level2/2023/04/05/KTLX/KTLX20230405_125306_V06,2023-04-05 12:53:06,2023-04-05 12:56:41
KTLX,s3://unidata-nexrad-level2/2023/04/05/KTLX/KTLX20230405_125641_V06,2023-04-05 12:56:41,2023-04-05 13:00:16
KTLX,s3://unidata-nexrad-level2/2023/04/05/KTLX/KTLX20230405_130016_V06,2023-04-05 13:00:16,2023-04-05 13:03:51
KTLX,s3://unidata-nexrad-level2/2023/04/05/KTLX/KTLX20230405_130351_V06,2023-04-05 13:03:51,2023-04-05 13:07:26
KTLX,s3://unidata-nexrad-level2/2023/04/05/KTLX/KTLX20230405_130726_V06,2023-04-05 13:07:26,2023-04-05 13:11:01
KTLX,s3://unidata-nexrad-level2/2023/04/05/KTLX/KTLX20230405_131101_V06,2023-04-05 13:11:01,2023-04-05 13:14:36
KTLX,s3://unidata-nexrad-level2/2023/04/05/KTLX/KTLX20230405_131436_V06,2023-04-05 13:14:36,2023-04-05 13:18:04
KTLX,s3://unidata-nexrad-level2/2023/04/05/KTLX/KTLX20230405_131804_V06,2023-04-05 13:18:04,2023-04-05 13:21:32
KTLX,s3://unidata-nexrad-level2/2023/04/05/KTLX/KTLX20230405_132132_V06,2023-04-05 13:21:32,2023-04-05 13:24:54
KTLX,s3://unidata-nexrad-level2/2023/04/05/KTLX/KTLX20230405_132454_V06,2023-04-05 13:24:54,2023-04-05 13:28:29
KTLX,s3://unidata-nexrad-level2/2023/04/05/KTLX/KTLX20230405_132829_V06,2023-04-05 13:28:29,2023-04-05 13:32:04
KTLX,s3://unidata-nexrad-level2/2023/04/05/KTLX/KTLX20230405_133204_V06,2023-04-05 13:32:04,2023-04-05 13:35:40
KTLX,s3://unidata-nexrad-level2/2023/04/05/KTLX/KTLX20230405_133540_V06,2023-04-05 13:35:40,2023-04-05 13:39:10
KTLX,s3://unidata-nexrad-level2/2023/04/05/KTLX/KTLX20230405_133910_V06,2023-04-05 13:39:10,2023-04-05 13:44:10
KTLX,s3://unidata-nexrad-level2/2023/04/05/KTLX/KTLX20230405_134604_V06,2023-04-05 13:46:04,2023-04-05 13:51:04
KTLX,s3://unidata-nexrad-level2/2023/04/05/KTLX/KTLX20230405_135245_V06,2023-04-05 13:52:45,2023-04-05 13:57:45
KTLX,s3://unidata-nexrad-level2/2023/04/05/KTLX/KTLX20230405_135945_V06,2023-04-05 13:59:45,2023-04-05 14:04:45
KTLX,s3://unidata-nexrad-level2/2023/04/05/KTLX/KTLX20230405_140645_V06,2023-04-05 14:06:45,2023-04-05 14:11:45
KTLX,s3://unidata-nexrad-level2/2023/04/05/KTLX/KTLX20230405_141346_V06,2023-04-05 14:13:46,2023-04-05 14:18:46
KTLX,s3://unidata-nexrad-level2/2023/04/05/KTLX/KTLX20230405_142046_V06,2023-04-05 14:20:46,2023-04-05 14:25:46
KTLX,s3://unidata-nexrad-level2/2023/04/05/KTLX/KTLX20230405_142748_V06,2023-04-05 14:27:48,2023-04-05 14:32:48
KTLX,s3://unidata-nexrad-level2/2023/04/05/KTLX/KTLX20230405_143450_V06,2023-04-05 14:34:50,2023-04-05 14:39:50
KTLX,s3://unidata-nexrad-level2/2023/04/05/KTLX/KTLX20230405_144151_V06,2023-04-05 14:41:51,2023-04-05 14:46:51
KTLX,s3://unidata-nexrad-level2/2023/04/05/KTLX/KTLX20230405_144851_V06,2023-04-05 14:48:51,2023-04-05 14:53:51
KTLX,s3://unidata-nexrad-level2/2023/04/05/KTLX/KTLX20230405_145552_V06,2023-04-05 14:55:52,2023-04-05 15:00:52
KTLX,s3://unidata-nexrad-level2/2023/04/05/KTLX/KTLX20230405_150253_V06,2023-04-05 15:02:53,2023-04-05 15:07:53
KTLX,s3://unidata-nexrad-level2/2023/04/05/KTLX/KTLX20230405_150955_V06,2023-04-05 15:09:55,2023-04-05 15:14:55
KTLX,s3://unidata-nexrad-level2/2023/04/05/KTLX/KTLX20230405_151655_V06,2023-04-05 15:16:55,2023-04-05 15:21:55
KTLX,s3://unidata-nexrad-level2/2023/04/05/KTLX/KTLX20230405_152356_V06,2023-04-05 15:23:56,2023-04-05 15:28:56
KTLX,s3://unidata-nexrad-level2/2023/04/05/KTLX/KTLX20230405_153058_V06,2023-04-05 15:30:58,2023-04-05 15:35:58
KTLX,s3://unidata-nexrad-level2/2023/04/05/KTLX/KTLX20230405_153759_V06,2023-04-05 15:37:59,2023-04-05 15:42:59
KTLX,s3://unidata-nexrad-level2/2023/04/05/KTLX/KTLX20230405_154500_V06,2023-04-05 15:45:00,2023-04-05 15:50:00
KTLX,s3://unidata-nexrad-level2/2023/04/05/KTLX/KTLX20230405_155201_V06,2023-04-05 15:52:01,2023-04-05 15:57:01
KTLX,s3://unidata-nexrad-level2/2023/04/05/KTLX/KTLX20230405_155902_V06,2023-04-05 15:59:02,2023-04-05 16:04:02
KTLX,s3://unidata-nexrad-level2/2023/04/05/KTLX/KTLX20230405_160704_V06,2023-04-05 16:07:04,2023-04-05 16:12:04
KTLX,s3://unidata-nexrad-level2/2023/04/05/KTLX/KTLX20230405_161359_V06,2023-04-05 16:13:59,2023-04-05 16:18:59
KTLX,s3://unidata-nexrad-level2/2023/04/05/KTLX/KTLX20230405_162100_V06,2023-04-05 16:21:00,2023-04-05 16:26:00
KTLX,s3://unidata-nexrad-level2/2023/04/05/KTLX/KTLX20230405_162802_V06,2023-04-05 16:28:02,2023-04-05 16:33:02
KTLX,s3://unidata-nexrad-level2/2023/04/05/KTLX/KTLX20230405_163502_V06,2023-04-05 16:35:02,2023-04-05 16:40:02
KTLX,s3://unidata-nexrad-level2/2023/04/05/KTLX/KTLX20230405_164204_V06,2023-04-05 16:42:04,2023-04-05 16:47:04
KTLX,s3://unidata-nexrad-level2/2023/04/05/KTLX/KTLX20230405_164905_V06,2023-04-05 16:49:05,2023-04-05 16:54:05
KTLX,s3://unidata-nexrad-level2/2023/04/05/KTLX/KTLX20230405_165607_V06,2023-04-05 16:56:07,2023-04-05 17:01:07
KTLX,s3://unidata-nexrad-level2/2023/04/05/KTLX/KTLX20230405_170309_V06,2023-04-05 17:03:09,2023-04-05 17:08:09
KTLX,s3://unidata-nexrad-level2/2023/04/05/KTLX/KTLX20230405_171010_V06,2023-04-05 17:10:10,2023-04-05 17:15:10
KTLX,s3://unidata-nexrad-level2/2023/04/05/KTLX/KTLX20230405_171710_V06,2023-04-05 17:17:10,2023-04-05 17:22:10
KTLX,s3://unidata-nexrad-level2/2023/04/05/KTLX/KTLX20230405_172412_V06,2023-04-05 17:24:12,2023-04-05 17:29:12
KTLX,s3://unidata-nexrad-level2/2023/04/05/KTLX/KTLX20230405_173114_V06,2023-04-05 17:31:14,2023-04-05 17:36:14
KTLX,s3://unidata-nexrad-level2/2023/04/05/KTLX/KTLX20230405_173809_V06,2023-04-05 17:38:09,2023-04-05 17:43:09
KTLX,s3://unidata-nexrad-level2/2023/04/05/KTLX/KTLX20230405_174452_V06,2023-04-05 17:44:52,2023-04-05 17:49:52
KTLX,s3://unidata-nexrad-level2/2023/04/05/KTLX/KTLX20230405_175135_V06,2023-04-05 17:51:35,2023-04-05 17:56:35
KTLX,s3://unidata-nexrad-level2/2023/04/05/KTLX/KTLX20230405_175818_V06,2023-04-05 17:58:18,2023-04-05 18:03:18
KTLX,s3://unidata-nexrad-level2/2023/04/05/KTLX/KTLX20230405_180501_V06,2023-04-05 18:05:01,2023-04-05 18:10:01
KTLX,s3://unidata-nexrad-level2/2023/04/05/KTLX/KTLX20230405_181143_V06,2023-04-05 18:11:43,2023-04-05 18:16:43
KTLX,s3://unidata-nexrad-level2/2023/04/05/KTLX/KTLX20230405_181825_V06,2023-04-05 18:18:25,2023-04-05 18:23:25
KTLX,s3://unidata-nexrad-level2/2023/04/05/KTLX/KTLX20230405_182507_V06,2023-04-05 18:25:07,2023-04-05 18:30:07
KTLX,s3://unidata-nexrad-level2/2023/04/05/KTLX/KTLX20230405_183150_V06,2023-04-05 18:31:50,2023-04-05 18:36:50
KTLX,s3://unidata-nexrad-level2/2023/04/05/KTLX/KTLX20230405_183833_V06,2023-04-05 18:38:33,2023-04-05 18:43:33
KTLX,s3://unidata-nexrad-level2/2023/04/05/KTLX/KTLX20230405_184514_V06,2023-04-05 18:45:14,2023-04-05 18:50:14
KTLX,s3://unidata-nexrad-level2/2023/04/05/KTLX/KTLX20230405_185156_V06,2023-04-05 18:51:56,2023-04-05 18:56:56
KTLX,s3://unidata-nexrad-level2/2023/04/05/KTLX/KTLX20230405_185838_V06,2023-04-05 18:58:38,2023-04-05 19:03:38
KTLX,s3://unidata-nexrad-level2/2023/04/05/KTLX/KTLX20230405_190520_V06,2023-04-05 19:05:20,2023-04-05 19:10:20
KTLX,s3://unidata-nexrad-level2/2023/04/05/KTLX/KTLX20230405_191201_V06,2023-04-05 19:12:01,2023-04-05 19:17:01
KTLX,s3://unidata-nexrad-level2/2023/04/05/KTLX/KTLX20230405_191844_V06,2023-04-05 19:18:44,2023-04-05 19:23:44
KTLX,s3://unidata-nexrad-level2/2023/04/05/KTLX/KTLX20230405_192526_V06,2023-04-05 19:25:26,2023-04-05 19:30:26
KTLX,s3://unidata-nexrad-level2/2023/04/05/KTLX/KTLX20230405_193209_V06,2023-04-05 19:32:09,2023-04-05 19:37:09
KTLX,s3://unidata-nexrad-level2/2023/04/05/KTLX/KTLX20230405_193851_V06,2023-04-05 19:38:51,2023-04-05 19:43:51
KTLX,s3://unidata-nexrad-level2/2023/04/05/KTLX/KTLX20230405_194534_V06,2023-04-05 19:45:34,2023-04-05 19:50:34
KTLX,s3://unidata-nexrad-level2/2023/04/05/KTLX/KTLX20230405_195216_V06,2023-04-05 19:52:16,2023-04-05 19:57:16
KTLX,s3://unidata-nexrad-level2/2023/04/05/KTLX/KTLX20230405_195858_V06,2023-04-05 19:58:58,2023-04-05 20:03:58
KTLX,s3://unidata-nexrad-level2/2023/04/05/KTLX/KTLX20230405_200541_V06,2023-04-05 20:05:41,2023-04-05 20:10:41
KTLX,s3://unidata-nexrad-level2/2023/04/05/KTLX/KTLX20230405_201222_V06,2023-04-05 20:12:22,2023-04-05 20:17:22
KTLX,s3://unidata-nexrad-level2/2023/04/05/KTLX/KTLX20230405_201905_V06,2023-04-05 20:19:05,2023-04-05 20:24:05
KTLX,s3://unidata-nexrad-level2/2023/04/05/KTLX/KTLX20230405_202547_V06,2023-04-05 20:25:47,2023-04-05 20:30:47
KTLX,s3://unidata-nexrad-level2/2023/04/05/KTLX/KTLX20230405_203230_V06,2023-04-05 20:32:30,2023-04-05 20:37:30
KTLX,s3://unidata-nexrad-level2/2023/04/05/KTLX/KTLX20230405_203913_V06,2023-04-05 20:39:13,2023-04-05 20:44:13
KTLX,s3://unidata-nexrad-level2/2023/04/05/KTLX/KTLX20230405_204557_V06,2023-04-05 20:45:57,2023-04-05 20:50:57
KTLX,s3://unidata-nexrad-level2/2023/04/05/KTLX/KTLX20230405_205241_V06,2023-04-05 20:52:41,2023-04-05 20:57:41
KTLX,s3://unidata-nexrad-level2/2023/04/05/KTLX/KTLX20230405_205924_V06,2023-04-05 20:59:24,2023-04-05 21:04:24
KTLX,s3://unidata-nexrad-level2/2023/04/05/KTLX/KTLX20230405_210605_V06,2023-04-05 21:06:05,2023-04-05 21:11:05
KTLX,s3://unidata-nexrad-level2/2023/04/05/KTLX/KTLX20230405_211248_V06,2023-04-05 21:12:48,2023-04-05 21:17:48
KTLX,s3://unidata-nexrad-level2/2023/04/05/KTLX/KTLX20230405_211939_V06,2023-04-05 21:19:39,2023-04-05 21:24:39
KTLX,s3://unidata-nexrad-level2/2023/04/05/KTLX/KTLX20230405_212621_V06,2023-04-05 21:26:21,2023-04-05 21:31:21
KTLX,s3://unidata-nexrad-level2/2023/04/05/KTLX/KTLX20230405_213318_V06,2023-04-05 21:33:18,2023-04-05 21:38:18
KTLX,s3://unidata-nexrad-level2/2023/04/05/KTLX/KTLX20230405_214008_V06,2023-04-05 21:40:08,2023-04-05 21:45:08
KTLX,s3://unidata-nexrad-level2/2023/04/05/KTLX/KTLX20230405_214655_V06,2023-04-05 21:46:55,2023-04-05 21:51:55
KTLX,s3://unidata-nexrad-level2/2023/04/05/KTLX/KTLX20230405_215342_V06,2023-04-05 21:53:42,2023-04-05 21:58:42
KTLX,s3://unidata-nexrad-level2/2023/04/05/KTLX/KTLX20230405_220033_V06,2023-04-05 22:00:33,2023-04-05 22:05:33
KTLX,s3://unidata-nexrad-level2/2023/04/05/KTLX/KTLX20230405_220724_V06,2023-04-05 22:07:24,2023-04-05 22:12:24
KTLX,s3://unidata-nexrad-level2/2023/04/05/KTLX/KTLX20230405_221411_V06,2023-04-05 22:14:11,2023-04-05 22:19:11
KTLX,s3://unidata-nexrad-level2/2023/04/05/KTLX/KTLX20230405_222107_V06,2023-04-05 22:21:07,2023-04-05 22:26:07
KTLX,s3://unidata-nexrad-level2/2023/04/05/KTLX/KTLX20230405_222750_V06,2023-04-05 22:27:50,2023-04-05 22:32:50
KTLX,s3://unidata-nexrad-level2/2023/04/05/KTLX/KTLX20230405_223441_V06,2023-04-05 22:34:41,2023-04-05 22:39:41
KTLX,s3://unidata-nexrad-level2/2023/04/05/KTLX/KTLX20230405_224136_V06,2023-04-05 22:41:36,2023-04-05 22:46:36
KTLX,s3://unidata-nexrad-level2/2023/04/05/KTLX/KTLX20230405_224827_V06,2023-04-05 22:48:27,2023-04-05 22:53:27
KTLX,s3://unidata-nexrad-level2/2023/04/05/KTLX/KTLX20230405_225518_V06,2023-04-05 22:55:18,2023-04-05 23:00:18
KTLX,s3://unidata-nexrad-level2/2023/04/05/KTLX/KTLX20230405_230214_V06,2023-04-05 23:02:14,2023-04-05 23:07:14
KTLX,s3://unidata-nexrad-level2/2023/04/05/KTLX/KTLX20230405_230904_V06,2023-04-05 23:09:04,2023-04-05 23:14:04
KTLX,s3://unidata-nexrad-level2/2023/04/05/KTLX/KTLX20230405_231555_V06,2023-04-05 23:15:55,2023-04-05 23:20:55
KTLX,s3://unidata-nexrad-level2/2023/04/05/KTLX/KTLX20230405_232246_V06,2023-04-05 23:22:46,2023-04-05 23:27:46
KTLX,s3://unidata-nexrad-level2/2023/04/05/KTLX/KTLX20230405_232933_V06,2023-04-05 23:29:33,2023-04-05 23:34:33
KTLX,s3://unidata-nexrad-level2/2023/04/05/KTLX/KTLX20230405_233623_V06,2023-04-05 23:36:23,2023-04-05 23:41:23
KTLX,s3://unidata-nexrad-level2/2023/04/05/KTLX/KTLX20230405_234314_V06,2023-04-05 23:43:14,2023-04-05 23:48:14
KTLX,s3://unidata-nexrad-level2/2023/04/05/KTLX/KTLX20230405_235000_V06,2023-04-05 23:50:00,2023-04-05 23:55:00
KTLX,s3://unidata-nexrad-level2/2023/04/05/KTLX/KTLX20230405_235648_V06,2023-04-05 23:56:48,2023-04-06 00:01:48
KTLX,s3://unidata-nexrad-level2/2023/04/06/KTLX/KTLX20230406_000334_V06,2023-04-06 00:03:34,2023-04-06 00:08:34
KTLX,s3://unidata-nexrad-level2/2023/04/06/KTLX/KTLX20230406_001135_V06,2023-04-06 00:11:35,2023-04-06 00:16:35
KTLX,s3://unidata-nexrad-level2/2023/04/06/KTLX/KTLX20230406_001822_V06,2023-04-06 00:18:22,2023-04-06 00:23:22
KTLX,s3://unidata-nexrad-level2/2023/04/06/KTLX/KTLX20230406_002509_V06,2023-04-06 00:25:09,2023-04-06 00:30:09
KTLX,s3://unidata-nexrad-level2/2023/04/06/KTLX/KTLX20230406_003155_V06,2023-04-06 00:31:55,2023-04-06 00:36:55
KTLX,s3://unidata-nexrad-level2/2023/04/06/KTLX/KTLX20230406_003846_V06,2023-04-06 00:38:46,2023-04-06 00:43:46
KTLX,s3://unidata-nexrad-level2/2023/04/06/KTLX/KTLX20230406_004530_V06,2023-04-06 00:45:30,2023-04-06 00:50:30
KTLX,s3://unidata-nexrad-level2/2023/04/06/KTLX/KTLX20230406_005218_V06,2023-04-06 00:52:18,2023-04-06 00:57:18
KTLX,s3://unidata-nexrad-level2/2023/04/06/KTLX/KTLX20230406_005904_V06,2023-04-06 00:59:04,2023-04-06 01:04:04
KTLX,s3://unidata-nexrad-level2/2023/04/06/KTLX/KTLX20230406_010550_V06,2023-04-06 01:05:50,2023-04-06 01:10:50
KTLX,s3://unidata-nexrad-level2/2023/04/06/KTLX/KTLX20230406_011237_V06,2023-04-06 01:12:37,2023-04-06 01:17:37
KTLX,s3://unidata-nexrad-level2/2023/04/06/KTLX/KTLX20230406_011923_V06,2023-04-06 01:19:23,2023-04-06 01:24:23
KTLX,s3://unidata-nexrad-level2/2023/04/06/KTLX/KTLX20230406_012618_V06,2023-04-06 01:26:18,2023-04-06 01:31:18
KTLX,s3://unidata-nexrad-level2/2023/04/06/KTLX/KTLX20230406_013313_V06,2023-04-06 01:33:13,2023-04-06 01:38:13
KTLX,s3://unidata-nexrad-level2/2023/04/06/KTLX/KTLX20230406_014004_V06,2023-04-06 01:40:04,2023-04-06 01:45:04
KTLX,s3://unidata-nexrad-level2/2023/04/06/KTLX/KTLX20230406_014650_V06,2023-04-06 01:46:50,2023-04-06 01:51:50
KTLX,s3://unidata-nexrad-level2/2023/04/06/KTLX/KTLX20230406_015341_V06,2023-04-06 01:53:41,2023-04-06 01:58:41
KTLX,s3://unidata-nexrad-level2/2023/04/06/KTLX/KTLX20230406_020030_V06,2023-04-06 02:00:30,2023-04-06 02:05:30
KTLX,s3://unidata-nexrad-level2/2023/04/06/KTLX/KTLX20230406_020721_V06,2023-04-06 02:07:21,2023-04-06 02:12:21
KTLX,s3://unidata-nexrad-level2/2023/04/06/KTLX/KTLX20230406_021412_V06,2023-04-06 02:14:12,2023-04-06 02:19:12
KTLX,s3://unidata-nexrad-level2/2023/04/06/KTLX/KTLX20230406_022103_V06,2023-04-06 02:21:03,2023-04-06 02:26:03
KTLX,s3://unidata-nexrad-level2/2023/04/06/KTLX/KTLX20230406_022755_V06,2023-04-06 02:27:55,2023-04-06 02:32:55
KTLX,s3://unidata-nexrad-level2/2023/04/06/KTLX/KTLX20230406_023445_V06,2023-04-06 02:34:45,2023-04-06 02:39:45
KTLX,s3://unidata-nexrad-level2/2023/04/06/KTLX/KTLX20230406_024133_V06,2023-04-06 02:41:33,2023-04-06 02:46:33
KTLX,s3://unidata-nexrad-level2/2023/04/06/KTLX/KTLX20230406_024819_V06,2023-04-06 02:48:19,2023-04-06 02:53:19
KTLX,s3://unidata-nexrad-level2/2023/04/06/KTLX/KTLX20230406_025505_V06,2023-04-06 02:55:05,2023-04-06 03:00:05
KTLX,s3://unidata-nexrad-level2/2023/04/06/KTLX/KTLX20230406_030150_V06,2023-04-06 03:01:50,2023-04-06 03:06:50
KTLX,s3://unidata-nexrad-level2/2023/04/06/KTLX/KTLX20230406_030836_V06,2023-04-06 03:08:36,2023-04-06 03:13:36
KTLX,s3://unidata-nexrad-level2/2023/04/06/KTLX/KTLX20230406_031519_V06,2023-04-06 03:15:19,2023-04-06 03:20:19
KTLX,s3://unidata-nexrad-level2/2023/04/06/KTLX/KTLX20230406_032205_V06,2023-04-06 03:22:05,2023-04-06 03:27:05
KTLX,s3://unidata-nexrad-level2/2023/04/06/KTLX/KTLX20230406_032847_V06,2023-04-06 03:28:47,2023-04-06 03:33:47
KTLX,s3://unidata-nexrad-level2/2023/04/06/KTLX/KTLX20230406_033530_V06,2023-04-06 03:35:30,2023-04-06 03:40:30
KTLX,s3://unidata-nexrad-level2/2023/04/06/KTLX/KTLX20230406_034212_V06,2023-04-06 03:42:12,2023-04-06 03:47:12
KTLX,s3://unidata-nexrad-level2/2023/04/06/KTLX/KTLX20230406_034859_V06,2023-04-06 03:48:59,2023-04-06 03:53:59
KTLX,s3://unidata-nexrad-level2/2023/04/06/KTLX/KTLX20230406_035542_V06,2023-04-06 03:55:42,2023-04-06 04:00:42
KTLX,s3://unidata-nexrad-level2/2023/04/06/KTLX/KTLX20230406_040223_V06,2023-04-06 04:02:23,2023-04-06 04:07:23
KTLX,s3://unidata-nexrad-level2/2023/04/06/KTLX/KTLX20230406_040925_V06,2023-04-06 04:09:25,2023-04-06 04:14:25
KTLX,s3://unidata-nexrad-level2/2023/04/06/KTLX/KTLX20230406_041627_V06,2023-04-06 04:16:27,2023-04-06 04:21:27
KTLX,s3://unidata-nexrad-level2/2023/04/06/KTLX/KTLX20230406_042329_V06,2023-04-06 04:23:29,2023-04-06 04:28:29
KTLX,s3://unidata-nexrad-level2/2023/04/06/KTLX/KTLX20230406_043031_V06,2023-04-06 04:30:31,2023-04-06 04:35:31
KTLX,s3://unidata-nexrad-level2/2023/04/06/KTLX/KTLX20230406_043732_V06,2023-04-06 04:37:32,2023-04-06 04:42:32
KTLX,s3://unidata-nexrad-level2/2023/04/06/KTLX/KTLX20230406_044435_V06,2023-04-06 04:44:35,2023-04-06 04:49:35
KTLX,s3://unidata-nexrad-level2/2023/04/06/KTLX/KTLX20230406_045131_V06,2023-04-06 04:51:31,2023-04-06 04:56:31
KTLX,s3://unidata-nexrad-level2/2023/04/06/KTLX/KTLX20230406_045827_V06,2023-04-06 04:58:27,2023-04-06 05:03:27
KTLX,s3://unidata-nexrad-level2/2023/04/06/KTLX/KTLX20230406_050517_V06,2023-04-06 05:05:17,2023-04-06 05:10:17
KTLX,s3://unidata-nexrad-level2/2023/04/06/KTLX/KTLX20230406_051204_V06,2023-04-06 05:12:04,2023-04-06 05:17:04
KTLX,s3://unidata-nexrad-level2/2023/04/06/KTLX/KTLX20230406_051855_V06,2023-04-06 05:18:55,2023-04-06 05:23:55
KTLX,s3://unidata-nexrad-level2/2023/04/06/KTLX/KTLX20230406_052546_V06,2023-04-06 05:25:46,2023-04-06 05:30:46
KTLX,s3://unidata-nexrad-level2/2023/04/06/KTLX/KTLX20230406_053236_V06,2023-04-06 05:32:36,2023-04-06 05:37:36
KTLX,s3://unidata-nexrad-level2/2023/04/06/KTLX/KTLX20230406_053927_V06,2023-04-06 05:39:27,2023-04-06 05:44:27
KTLX,s3://unidata-nexrad-level2/2023/04/06/KTLX/KTLX20230406_054623_V06,2023-04-06 05:46:23,2023-04-06 05:51:23
KTLX,s3://unidata-nexrad-level2/2023/04/06/KTLX/KTLX20230406_055310_V06,2023-04-06 05:53:10,2023-04-06 05:58:10
KTLX,s3://unidata-nexrad-level2/2023/04/06/KTLX/KTLX20230406_060001_V06,2023-04-06 06:00:01,2023-04-06 06:05:01
KTLX,s3://unidata-nexrad-level2/2023/04/06/KTLX/KTLX20230406_060644_V06,2023-04-06 06:06:44,2023-04-06 06:11:44
KTLX,s3://unidata-nexrad-level2/2023/04/06/KTLX/KTLX20230406_061335_V06,2023-04-06 06:13:35,2023-04-06 06:18:35
KTLX,s3://unidata-nexrad-level2/2023/04/06/KTLX/KTLX20230406_062027_V06,2023-04-06 06:20:27,2023-04-06 06:25:27
KTLX,s3://unidata-nexrad-level2/2023/04/06/KTLX/KTLX20230406_062710_V06,2023-04-06 06:27:10,2023-04-06 06:32:10
KTLX,s3://unidata-nexrad-level2/2023/04/06/KTLX/KTLX20230406_063406_V06,2023-04-06 06:34:06,2023-04-06 06:39:06
KTLX,s3://unidata-nexrad-level2/2023/04/06/KTLX/KTLX20230406_064049_V06,2023-04-06 06:40:49,2023-04-06 06:45:49
KTLX,s3://unidata-nexrad-level2/2023/04/06/KTLX/KTLX20230406_064740_V06,2023-04-06 06:47:40,2023-04-06 06:52:40
KTLX,s3://unidata-nexrad-level2/2023/04/06/KTLX/KTLX20230406_065435_V06,2023-04-06 06:54:35,2023-04-06 06:59:35
KTLX,s3://unidata-nexrad-level2/2023/04/06/KTLX/KTLX20230406_070123_V06,2023-04-06 07:01:23,2023-04-06 07:06:23
KTLX,s3://unidata-nexrad-level2/2023/04/06/KTLX/KTLX20230406_070818_V06,2023-04-06 07:08:18,2023-04-06 07:13:18
KTLX,s3://unidata-nexrad-level2/2023/04/06/KTLX/KTLX20230406_071520_V06,2023-04-06 07:15:20,2023-04-06 07:20:20
KTLX,s3://unidata-nexrad-level2/2023/04/06/KTLX/KTLX20230406_072207_V06,2023-04-06 07:22:07,2023-04-06 07:27:07
KTLX,s3://unidata-nexrad-level2/2023/04/06/KTLX/KTLX20230406_072854_V06,2023-04-06 07:28:54,2023-04-06 07:33:54
KTLX,s3://unidata-nexrad-level2/2023/04/06/KTLX/KTLX20230406_073555_V06,2023-04-06 07:35:55,2023-04-06 07:40:55
KTLX,s3://unidata-nexrad-level2/2023/04/06/KTLX/KTLX20230406_074257_V06,2023-04-06 07:42:57,2023-04-06 07:47:57
KTLX,s3://unidata-nexrad-level2/2023/04/06/KTLX/KTLX20230406_074959_V06,2023-04-06 07:49:59,2023-04-06 07:54:59
KTLX,s3://unidata-nexrad-level2/2023/04/06/KTLX/KTLX20230406_075701_V06,2023-04-06 07:57:01,2023-04-06 08:02:01
KTLX,s3://unidata-nexrad-level2/2023/04/06/KTLX/KTLX20230406_080404_V06,2023-04-06 08:04:04,2023-04-06 08:09:04
KTLX,s3://unidata-nexrad-level2/2023/04/06/KTLX/KTLX20230406_081224_V06,2023-04-06 08:12:24,2023-04-06 08:17:24
KTLX,s3://unidata-nexrad-level2/2023/04/06/KTLX/KTLX20230406_081926_V06,2023-04-06 08:19:26,2023-04-06 08:24:26
KTLX,s3://unidata-nexrad-level2/2023/04/06/KTLX/KTLX20230406_082608_V06,2023-04-06 08:26:08,2023-04-06 08:31:08
KTLX,s3://unidata-nexrad-level2/2023/04/06/KTLX/KTLX20230406_083310_V06,2023-04-06 08:33:10,2023-04-06 08:38:10
KTLX,s3://unidata-nexrad-level2/2023/04/06/KTLX/KTLX20230406_084013_V06,2023-04-06 08:40:13,2023-04-06 08:45:13
KTLX,s3://unidata-nexrad-level2/2023/04/06/KTLX/KTLX20230406_084656_V06,2023-04-06 08:46:56,2023-04-06 08:51:56
KTLX,s3://unidata-nexrad-level2/2023/04/06/KTLX/KTLX20230406_085358_V06,2023-04-06 08:53:58,2023-04-06 08:58:58
KTLX,s3://unidata-nexrad-level2/2023/04/06/KTLX/KTLX20230406_090054_V06,2023-04-06 09:00:54,2023-04-06 09:05:54
KTLX,s3://unidata-nexrad-level2/2023/04/06/KTLX/KTLX20230406_090756_V06,2023-04-06 09:07:56,2023-04-06 09:12:56
KTLX,s3://unidata-nexrad-level2/2023/04/06/KTLX/KTLX20230406_091448_V06,2023-04-06 09:14:48,2023-04-06 09:19:48
KTLX,s3://unidata-nexrad-level2/2023/04/06/KTLX/KTLX20230406_092139_V06,2023-04-06 09:21:39,2023-04-06 09:26:39
KTLX,s3://unidata-nexrad-level2/2023/04/06/KTLX/KTLX20230406_092825_V06,2023-04-06 09:28:25,2023-04-06 09:33:25
KTLX,s3://unidata-nexrad-level2/2023/04/06/KTLX/KTLX20230406_093527_V06,2023-04-06 09:35:27,2023-04-06 09:40:27
KTLX,s3://unidata-nexrad-level2/2023/04/06/KTLX/KTLX20230406_094229_V06,2023-04-06 09:42:29,2023-04-06 09:47:29
KTLX,s3://unidata-nexrad-level2/2023/04/06/KTLX/KTLX20230406_094931_V06,2023-04-06 09:49:31,2023-04-06 09:54:31
KTLX,s3://unidata-nexrad-level2/2023/04/06/KTLX/KTLX20230406_095614_V06,2023-04-06 09:56:14,2023-04-06 10:01:14
KTLX,s3://unidata-nexrad-level2/2023/04/06/KTLX/KTLX20230406_100300_V06,2023-04-06 10:03:00,2023-04-06 10:08:00
KTLX,s3://unidata-nexrad-level2/2023/04/06/KTLX/KTLX20230406_101002_V06,2023-04-06 10:10:02,2023-04-06 10:15:02
KTLX,s3://unidata-nexrad-level2/2023/04/06/KTLX/KTLX20230406_101649_V06,2023-04-06 10:16:49,2023-04-06 10:21:49
KTLX,s3://unidata-nexrad-level2/2023/04/06/KTLX/KTLX20230406_102339_V06,2023-04-06 10:23:39,2023-04-06 10:28:39
KTLX,s3://unidata-nexrad-level2/2023/04/06/KTLX/KTLX20230406_103021_V06,2023-04-06 10:30:21,2023-04-06 10:35:21
KTLX,s3://unidata-nexrad-level2/2023/04/06/KTLX/KTLX20230406_103708_V06,2023-04-06 10:37:08,2023-04-06 10:42:08
KTLX,s3://unidata-nexrad-level2/2023/04/06/KTLX/KTLX20230406_104410_V06,2023-04-06 10:44:10,2023-04-06 10:49:10
KTLX,s3://unidata-nexrad-level2/2023/04/06/KTLX/KTLX20230406_105101_V06,2023-04-06 10:51:01,2023-04-06 10:56:01
KTLX,s3://unidata-nexrad-level2/2023/04/06/KTLX/KTLX20230406_105747_V06,2023-04-06 10:57:47,2023-04-06 11:02:47
KTLX,s3://unidata-nexrad-level2/2023/04/06/KTLX/KTLX20230406_110434_V06,2023-04-06 11:04:34,2023-04-06 11:09:34
KTLX,s3://unidata-nexrad-level2/2023/04/06/KTLX/KTLX20230406_111125_V06,2023-04-06 11:11:25,2023-04-06 11:16:25
KTLX,s3://unidata-nexrad-level2/2023/04/06/KTLX/KTLX20230406_111813_V06,2023-04-06 11:18:13,2023-04-06 11:23:13
KTLX,s3://unidata-nexrad-level2/2023/04/06/KTLX/KTLX20230406_112500_V06,2023-04-06 11:25:00,2023-04-06 11:30:00
KTLX,s3://unidata-nexrad-level2/2023/04/06/KTLX/KTLX20230406_113155_V06,2023-04-06 11:31:55,2023-04-06 11:36:55
KTLX,s3://unidata-nexrad-level2/2023/04/06/KTLX/KTLX20230406_113843_V06,2023-04-06 11:38:43,2023-04-06 11:43:43
KTLX,s3://unidata-nexrad-level2/2023/04/06/KTLX/KTLX20230406_114539_V06,2023-04-06 11:45:39,2023-04-06 11:50:39
KTLX,s3://unidata-nexrad-level2/2023/04/06/KTLX/KTLX20230406_115242_V06,2023-04-06 11:52:42,2023-04-06 11:57:42
KTLX,s3://unidata-nexrad-level2/2023/04/06/KTLX/KTLX20230406_115924_V06,2023-04-06 11:59:24,2023-04-06 12:04:24
KTLX,s3://unidata-nexrad-level2/2023/04/06/KTLX/KTLX20230406_120607_V06,2023-04-06 12:06:07,2023-04-06 12:11:07
KTLX,s3://unidata-nexrad-level2/2023/04/06/KTLX/KTLX20230406_121309_V06,2023-04-06 12:13:09,2023-04-06 12:18:09
KTLX,s3://unidata-nexrad-level2/2023/04/06/KTLX/KTLX20230406_121952_V06,2023-04-06 12:19:52,2023-04-06 12:24:52
KTLX,s3://unidata-nexrad-level2/2023/04/06/KTLX/KTLX20230406_122634_V06,2023-04-06 12:26:34,2023-04-06 12:31:34
KTLX,s3://unidata-nexrad-level2/2023/04/06/KTLX/KTLX20230406_123317_V06,2023-04-06 12:33:17,2023-04-06 12:38:17
KTLX,s3://unidata-nexrad-level2/2023/04/06/KTLX/KTLX20230406_124000_V06,2023-04-06 12:40:00,2023-04-06 12:45:00
KTLX,s3://unidata-nexrad-level2/2023/04/06/KTLX/KTLX20230406_124643_V06,2023-04-06 12:46:43,2023-04-06 12:51:43
KTLX,s3://unidata-nexrad-level2/2023/04/06/KTLX/KTLX20230406_125325_V06,2023-04-06 12:53:25,2023-04-06 12:58:25
KTLX,s3://unidata-nexrad-level2/2023/04/06/KTLX/KTLX20230406_130012_V06,2023-04-06 13:00:12,2023-04-06 13:05:12
KTLX,s3://unidata-nexrad-level2/2023/04/06/KTLX/KTLX20230406_130714_V06,2023-04-06 13:07:14,2023-04-06 13:12:14
KTLX,s3://unidata-nexrad-level2/2023/04/06/KTLX/KTLX20230406_131357_V06,2023-04-06 13:13:57,2023-04-06 13:18:57
KTLX,s3://unidata-nexrad-level2/2023/04/06/KTLX/KTLX20230406_132047_V06,2023-04-06 13:20:47,2023-04-06 13:25:47
KTLX,s3://unidata-nexrad-level2/2023/04/06/KTLX/KTLX20230406_132749_V06,2023-04-06 13:27:49,2023-04-06 13:32:49
KTLX,s3://unidata-nexrad-level2/2023/04/06/KTLX/KTLX20230406_133451_V06,2023-04-06 13:34:51,2023-04-06 13:39:51
KTLX,s3://unidata-nexrad-level2/2023/04/06/KTLX/KTLX20230406_134134_V06,2023-04-06 13:41:34,2023-04-06 13:46:34
KTLX,s3://unidata-nexrad-level2/2023/04/06/KTLX/KTLX20230406_134816_V06,2023-04-06 13:48:16,2023-04-06 13:53:16
KTLX,s3://unidata-nexrad-level2/2023/04/06/KTLX/KTLX20230406_135459_V06,2023-04-06 13:54:59,2023-04-06 13:59:59
KTLX,s3://unidata-nexrad-level2/2023/04/06/KTLX/KTLX20230406_140143_V06,2023-04-06 14:01:43,2023-04-06 14:06:43
KTLX,s3://unidata-nexrad-level2/2023/04/06/KTLX/KTLX20230406_140826_V06,2023-04-06 14:08:26,2023-04-06 14:13:26
KTLX,s3://unidata-nexrad-level2/2023/04/06/KTLX/KTLX20230406_141528_V06,2023-04-06 14:15:28,2023-04-06 14:20:28
KTLX,s3://unidata-nexrad-level2/2023/04/06/KTLX/KTLX20230406_142223_V06,2023-04-06 14:22:23,2023-04-06 14:27:23
KTLX,s3://unidata-nexrad-level2/2023/04/06/KTLX/KTLX20230406_142919_V06,2023-04-06 14:29:19,2023-04-06 14:34:19
KTLX,s3://unidata-nexrad-level2/2023/04/06/KTLX/KTLX20230406_143602_V06,2023-04-06 14:36:02,2023-04-06 14:41:02
KTLX,s3://unidata-nexrad-level2/2023/04/06/KTLX/KTLX20230406_144305_V06,2023-04-06 14:43:05,2023-04-06 14:48:05
KTLX,s3://unidata-nexrad-level2/2023/04/06/KTLX/KTLX20230406_145008_V06,2023-04-06 14:50:08,2023-04-06 14:55:08
KTLX,s3://unidata-nexrad-level2/2023/04/06/KTLX/KTLX20230406_145658_V06,2023-04-06 14:56:58,2023-04-06 15:01:58
KTLX,s3://unidata-nexrad-level2/2023/04/06/KTLX/KTLX20230406_150345_V06,2023-04-06 15:03:45,2023-04-06 15:08:45
KTLX,s3://unidata-nexrad-level2/2023/04/06/KTLX/KTLX20230406_151037_V06,2023-04-06 15:10:37,2023-04-06 15:15:37
KTLX,s3://unidata-nexrad-level2/2023/04/06/KTLX/KTLX20230406_151728_V06,2023-04-06 15:17:28,2023-04-06 15:22:28
KTLX,s3://unidata-nexrad-level2/2023/04/06/KTLX/KTLX20230406_152414_V06,2023-04-06 15:24:14,2023-04-06 15:29:14
KTLX,s3://unidata-nexrad-level2/2023/04/06/KTLX/KTLX20230406_153105_V06,2023-04-06 15:31:05,2023-04-06 15:36:05
KTLX,s3://unidata-nexrad-level2/2023/04/06/KTLX/KTLX20230406_153756_V06,2023-04-06 15:37:56,2023-04-06 15:42:56
KTLX,s3://unidata-nexrad-level2/2023/04/06/KTLX/KTLX20230406_154440_V06,2023-04-06 15:44:40,2023-04-06 15:49:40
KTLX,s3://unidata-nexrad-level2/2023/04/06/KTLX/KTLX20230406_155127_V06,2023-04-06 15:51:27,2023-04-06 15:56:27
KTLX,s3://unidata-nexrad-level2/2023/04/06/KTLX/KTLX20230406_155822_V06,2023-04-06 15:58:22,2023-04-06 16:03:22
KTLX,s3://unidata-nexrad-level2/2023/04/06/KTLX/KTLX20230406_160524_V06,2023-04-06 16:05:24,2023-04-06 16:10:24
KTLX,s3://unidata-nexrad-level2/2023/04/06/KTLX/KTLX20230406_161337_V06,2023-04-06 16:13:37,2023-04-06 16:18:37
KTLX,s3://unidata-nexrad-level2/2023/04/06/KTLX/KTLX20230406_162033_V06,2023-04-06 16:20:33,2023-04-06 16:25:33
KTLX,s3://unidata-nexrad-level2/2023/04/06/KTLX/KTLX20230406_162735_V06,2023-04-06 16:27:35,2023-04-06 16:32:35
KTLX,s3://unidata-nexrad-level2/2023/04/06/KTLX/KTLX20230406_163432_V06,2023-04-06 16:34:32,2023-04-06 16:39:32
KTLX,s3://unidata-nexrad-level2/2023/04/06/KTLX/KTLX20230406_164129_V06,2023-04-06 16:41:29,2023-04-06 16:46:29
KTLX,s3://unidata-nexrad-level2/2023/04/06/KTLX/KTLX20230406_164831_V06,2023-04-06 16:48:31,2023-04-06 16:53:31
KTLX,s3://unidata-nexrad-level2/2023/04/06/KTLX/KTLX20230406_165523_V06,2023-04-06 16:55:23,2023-04-06 17:00:23
KTLX,s3://unidata-nexrad-level2/2023/04/06/KTLX/KTLX20230406_170226_V06,2023-04-06 17:02:26,2023-04-06 17:07:26
KTLX,s3://unidata-nexrad-level2/2023/04/06/KTLX/KTLX20230406_170922_V06,2023-04-06 17:09:22,2023-04-06 17:14:22
KTLX,s3://unidata-nexrad-level2/2023/04/06/KTLX/KTLX20230406_171625_V06,2023-04-06 17:16:25,2023-04-06 17:21:25
KTLX,s3://unidata-nexrad-level2/2023/04/06/KTLX/KTLX20230406_172316_V06,2023-04-06 17:23:16,2023-04-06 17:28:16
KTLX,s3://unidata-nexrad-level2/2023/04/06/KTLX/KTLX20230406_173019_V06,2023-04-06 17:30:19,2023-04-06 17:35:19
KTLX,s3://unidata-nexrad-level2/2023/04/06/KTLX/KTLX20230406_173721_V06,2023-04-06 17:37:21,2023-04-06 17:42:21
KTLX,s3://unidata-nexrad-level2/2023/04/06/KTLX/KTLX20230406_174416_V06,2023-04-06 17:44:16,2023-04-06 17:49:16
KTLX,s3://unidata-nexrad-level2/2023/04/06/KTLX/KTLX20230406_175112_V06,2023-04-06 17:51:12,2023-04-06 17:56:12
KTLX,s3://unidata-nexrad-level2/2023/04/06/KTLX/KTLX20230406_175815_V06,2023-04-06 17:58:15,2023-04-06 18:03:15
KTLX,s3://unidata-nexrad-level2/2023/04/06/KTLX/KTLX20230406_180511_V06,2023-04-06 18:05:11,2023-04-06 18:10:11
KTLX,s3://unidata-nexrad-level2/2023/04/06/KTLX/KTLX20230406_181207_V06,2023-04-06 18:12:07,2023-04-06 18:17:07
KTLX,s3://unidata-nexrad-level2/2023/04/06/KTLX/KTLX20230406_181902_V06,2023-04-06 18:19:02,2023-04-06 18:24:02
KTLX,s3://unidata-nexrad-level2/2023/04/06/KTLX/KTLX20230406_182558_V06,2023-04-06 18:25:58,2023-04-06 18:30:58
KTLX,s3://unidata-nexrad-level2/2023/04/06/KTLX/KTLX20230406_183300_V06,2023-04-06 18:33:00,2023-04-06 18:38:00
KTLX,s3://unidata-nexrad-level2/2023/04/06/KTLX/KTLX20230406_183952_V06,2023-04-06 18:39:52,2023-04-06 18:44:52
KTLX,s3://unidata-nexrad-level2/2023/04/06/KTLX/KTLX20230406_184647_V06,2023-04-06 18:46:47,2023-04-06 18:51:47
KTLX,s3://unidata-nexrad-level2/2023/04/06/KTLX/KTLX20230406_185349_V06,2023-04-06 18:53:49,2023-04-06 18:58:49
KTLX,s3://unidata-nexrad-level2/2023/04/06/KTLX/KTLX20230406_190051_V06,2023-04-06 19:00:51,2023-04-06 19:05:51
KTLX,s3://unidata-nexrad-level2/2023/04/06/KTLX/KTLX20230406_190747_V06,2023-04-06 19:07:47,2023-04-06 19:12:47
KTLX,s3://unidata-nexrad-level2/2023/04/06/KTLX/KTLX20230406_191434_V06,2023-04-06 19:14:34,2023-04-06 19:19:34
KTLX,s3://unidata-nexrad-level2/2023/04/06/KTLX/KTLX20230406_192124_V06,2023-04-06 19:21:24,2023-04-06 19:26:24
KTLX,s3://unidata-nexrad-level2/2023/04/06/KTLX/KTLX20230406_192820_V06,2023-04-06 19:28:20,2023-04-06 19:33:20
KTLX,s3://unidata-nexrad-level2/2023/04/06/KTLX/KTLX20230406_193508_V06,2023-04-06 19:35:08,2023-04-06 19:40:08
KTLX,s3://unidata-nexrad-level2/2023/04/06/KTLX/KTLX20230406_194159_V06,2023-04-06 19:41:59,2023-04-06 19:46:59
KTLX,s3://unidata-nexrad-level2/2023/04/06/KTLX/KTLX20230406_194850_V06,2023-04-06 19:48:50,2023-04-06 19:53:50
KTLX,s3://unidata-nexrad-level2/2023/04/06/KTLX/KTLX20230406_195542_V06,2023-04-06 19:55:42,2023-04-06 20:00:42
KTLX,s3://unidata-nexrad-level2/2023/04/06/KTLX/KTLX20230406_200234_V06,2023-04-06 20:02:34,2023-04-06 20:07:34
KTLX,s3://unidata-nexrad-level2/2023/04/06/KTLX/KTLX20230406_200922_V06,2023-04-06 20:09:22,2023-04-06 20:14:22
KTLX,s3://unidata-nexrad-level2/2023/04/06/KTLX/KTLX20230406_201609_V06,2023-04-06 20:16:09,2023-04-06 20:21:09
KTLX,s3://unidata-nexrad-level2/2023/04/06/KTLX/KTLX20230406_202302_V06,2023-04-06 20:23:02,2023-04-06 20:28:02
KTLX,s3://unidata-nexrad-level2/2023/04/06/KTLX/KTLX20230406_202954_V06,2023-04-06 20:29:54,2023-04-06 20:34:54
KTLX,s3://unidata-nexrad-level2/2023/04/06/KTLX/KTLX20230406_203645_V06,2023-04-06 20:36:45,2023-04-06 20:41:45
KTLX,s3://unidata-nexrad-level2/2023/04/06/KTLX/KTLX20230406_204335_V06,2023-04-06 20:43:35,2023-04-06 20:48:35
KTLX,s3://unidata-nexrad-level2/2023/04/06/KTLX/KTLX20230406_205031_V06,2023-04-06 20:50:31,2023-04-06 20:55:31
KTLX,s3://unidata-nexrad-level2/2023/04/06/KTLX/KTLX20230406_205723_V06,2023-04-06 20:57:23,2023-04-06 21:02:23
KTLX,s3://unidata-nexrad-level2/2023/04/06/KTLX/KTLX20230406_210414_V06,2023-04-06 21:04:14,2023-04-06 21:09:14
KTLX,s3://unidata-nexrad-level2/2023/04/06/KTLX/KTLX20230406_211107_V06,2023-04-06 21:11:07,2023-04-06 21:16:07
KTLX,s3://unidata-nexrad-level2/2023/04/06/KTLX/KTLX20230406_211757_V06,2023-04-06 21:17:57,2023-04-06 21:22:57
KTLX,s3://unidata-nexrad-level2/2023/04/06/KTLX/KTLX20230406_212453_V06,2023-04-06 21:24:53,2023-04-06 21:29:53
KTLX,s3://unidata-nexrad-level2/2023/04/06/KTLX/KTLX20230406_213144_V06,2023-04-06 21:31:44,2023-04-06 21:36:44
KTLX,s3://unidata-nexrad-level2/2023/04/06/KTLX/KTLX20230406_213840_V06,2023-04-06 21:38:40,2023-04-06 21:43:40
KTLX,s3://unidata-nexrad-level2/2023/04/06/KTLX/KTLX20230406_214536_V06,2023-04-06 21:45:36,2023-04-06 21:50:36
KTLX,s3://unidata-nexrad-level2/2023/04/06/KTLX/KTLX20230406_215227_V06,2023-04-06 21:52:27,2023-04-06 21:57:27
KTLX,s3://unidata-nexrad-level2/2023/04/06/KTLX/KTLX20230406_215923_V06,2023-04-06 21:59:23,2023-04-06 22:04:23
KTLX,s3://unidata-nexrad-level2/2023/04/06/KTLX/KTLX20230406_220619_V06,2023-04-06 22:06:19,2023-04-06 22:11:19
KTLX,s3://unidata-nexrad-level2/2023/04/06/KTLX/KTLX20230406_221314_V06,2023-04-06 22:13:14,2023-04-06 22:18:14
KTLX,s3://unidata-nexrad-level2/2023/04/06/KTLX/KTLX20230406_222006_V06,2023-04-06 22:20:06,2023-04-06 22:25:06
KTLX,s3://unidata-nexrad-level2/2023/04/06/KTLX/KTLX20230406_222657_V06,2023-04-06 22:26:57,2023-04-06 22:31:57
KTLX,s3://unidata-nexrad-level2/2023/04/06/KTLX/KTLX20230406_223350_V06,2023-04-06 22:33:50,2023-04-06 22:38:50
KTLX,s3://unidata-nexrad-level2/2023/04/06/KTLX/KTLX20230406_224042_V06,2023-04-06 22:40:42,2023-04-06 22:45:42
KTLX,s3://unidata-nexrad-level2/2023/04/06/KTLX/KTLX20230406_224733_V06,2023-04-06 22:47:33,2023-04-06 22:52:33
KTLX,s3://unidata-nexrad-level2/2023/04/06/KTLX/KTLX20230406_225425_V06,2023-04-06 22:54:25,2023-04-06 22:59:25
KTLX,s3://unidata-nexrad-level2/2023/04/06/KTLX/KTLX20230406_230116_V06,2023-04-06 23:01:16,2023-04-06 23:06:16
KTLX,s3://unidata-nexrad-level2/2023/04/06/KTLX/KTLX20230406_230806_V06,2023-04-06 23:08:06,2023-04-06 23:13:06
KTLX,s3://unidata-nexrad-level2/2023/04/06/KTLX/KTLX20230406_231508_V06,2023-04-06 23:15:08,2023-04-06 23:20:08
KTLX,s3://unidata-nexrad-level2/2023/04/06/KTLX/KTLX20230406_232204_V06,2023-04-06 23:22:04,2023-04-06 23:27:04
KTLX,s3://unidata-nexrad-level2/2023/04/06/KTLX/KTLX20230406_232851_V06,2023-04-06 23:28:51,2023-04-06 23:33:51
KTLX,s3://unidata-nexrad-level2/2023/04/06/KTLX/KTLX20230406_233553_V06,2023-04-06 23:35:53,2023-04-06 23:40:53
KTLX,s3://unidata-nexrad-level2/2023/04/06/KTLX/KTLX20230406_234254_V06,2023-04-06 23:42:54,2023-04-06 23:47:54
KTLX,s3://unidata-nexrad-level2/2023/04/06/KTLX/KTLX20230406_234950_V06,2023-04-06 23:49:50,2023-04-06 23:54:50
KTLX,s3://unidata-nexrad-level2/2023/04/06/KTLX/KTLX20230406_235652_V06,2023-04-06 23:56:52,2023-04-07 00:01:52
KTLX,s3://unidata-nexrad-level2/2023/04/07/KTLX/KTLX20230407_000334_V06,2023-04-07 00:03:34,2023-04-07 00:08:34
KTLX,s3://unidata-nexrad-level2/2023/04/07/KTLX/KTLX20230407_001022_V06,2023-04-07 00:10:22,2023-04-07 00:15:22
KTLX,s3://unidata-nexrad-level2/2023/04/07/KTLX/KTLX20230407_001820_V06,2023-04-07 00:18:20,2023-04-07 00:23:20
KTLX,s3://unidata-nexrad-level2/2023/04/07/KTLX/KTLX20230407_002522_V06,2023-04-07 00:25:22,2023-04-07 00:30:22
KTLX,s3://unidata-nexrad-level2/2023/04/07/KTLX/KTLX20230407_003205_V06,2023-04-07 00:32:05,2023-04-07 00:37:05
KTLX,s3://unidata-nexrad-level2/2023/04/07/KTLX/KTLX20230407_003906_V06,2023-04-07 00:39:06,2023-04-07 00:44:06
KTLX,s3://unidata-nexrad-level2/2023/04/07/KTLX/KTLX20230407_004549_V06,2023-04-07 00:45:49,2023-04-07 00:50:49
KTLX,s3://unidata-nexrad-level2/2023/04/07/KTLX/KTLX20230407_005251_V06,2023-04-07 00:52:51,2023-04-07 00:57:51
KTLX,s3://unidata-nexrad-level2/2023/04/07/KTLX/KTLX20230407_005953_V06,2023-04-07 00:59:53,2023-04-07 01:04:53
KTLX,s3://unidata-nexrad-level2/2023/04/07/KTLX/KTLX20230407_010655_V06,2023-04-07 01:06:55,2023-04-07 01:11:55
KTLX,s3://unidata-nexrad-level2/2023/04/07/KTLX/KTLX20230407_011356_V06,2023-04-07 01:13:56,2023-04-07 01:18:56
KTLX,s3://unidata-nexrad-level2/2023/04/07/KTLX/KTLX20230407_012058_V06,2023-04-07 01:20:58,2023-04-07 01:25:58
KTLX,s3://unidata-nexrad-level2/2023/04/07/KTLX/KTLX20230407_012755_V06,2023-04-07 01:27:55,2023-04-07 01:32:55
KTLX,s3://unidata-nexrad-level2/2023/04/07/KTLX/KTLX20230407_013451_V06,2023-04-07 01:34:51,2023-04-07 01:39:51
KTLX,s3://unidata-nexrad-level2/2023/04/07/KTLX/KTLX20230407_014146_V06,2023-04-07 01:41:46,2023-04-07 01:46:46
KTLX,s3://unidata-nexrad-level2/2023/04/07/KTLX/KTLX20230407_014842_V06,2023-04-07 01:48:42,2023-04-07 01:53:42
KTLX,s3://unidata-nexrad-level2/2023/04/07/KTLX/KTLX20230407_015538_V06,2023-04-07 01:55:38,2023-04-07 02:00:38
KTLX,s3://unidata-nexrad-level2/2023/04/07/KTLX/KTLX20230407_020240_V06,2023-04-07 02:02:40,2023-04-07 02:07:40
KTLX,s3://unidata-nexrad-level2/2023/04/07/KTLX/KTLX20230407_020941_V06,2023-04-07 02:09:41,2023-04-07 02:14:41
KTLX,s3://unidata-nexrad-level2/2023/04/07/KTLX/KTLX20230407_021643_V06,2023-04-07 02:16:43,2023-04-07 02:21:43
KTLX,s3://unidata-nexrad-level2/2023/04/07/KTLX/KTLX20230407_022345_V06,2023-04-07 02:23:45,2023-04-07 02:28:45
KTLX,s3://unidata-nexrad-level2/2023/04/07/KTLX/KTLX20230407_023047_V06,2023-04-07 02:30:47,2023-04-07 02:35:47
KTLX,s3://unidata-nexrad-level2/2023/04/07/KTLX/KTLX20230407_023748_V06,2023-04-07 02:37:48,2023-04-07 02:42:48
KTLX,s3://unidata-nexrad-level2/2023/04/07/KTLX/KTLX20230407_024450_V06,2023-04-07 02:44:50,2023-04-07 02:49:50
KTLX,s3://unidata-nexrad-level2/2023/04/07/KTLX/KTLX20230407_025153_V06,2023-04-07 02:51:53,2023-04-07 02:56:53
KTLX,s3://unidata-nexrad-level2/2023/04/07/KTLX/KTLX20230407_025856_V06,2023-04-07 02:58:56,2023-04-07 03:03:56
KTLX,s3://unidata-nexrad-level2/2023/04/07/KTLX/KTLX20230407_030559_V06,2023-04-07 03:05:59,2023-04-07 03:10:59
KTLX,s3://unidata-nexrad-level2/2023/04/07/KTLX/KTLX20230407_031300_V06,2023-04-07 03:13:00,2023-04-07 03:18:00
KTLX,s3://unidata-nexrad-level2/2023/04/07/KTLX/KTLX20230407_032002_V06,2023-04-07 03:20:02,2023-04-07 03:25:02
KTLX,s3://unidata-nexrad-level2/2023/04/07/KTLX/KTLX20230407_032705_V06,2023-04-07 03:27:05,2023-04-07 03:32:05
KTLX,s3://unidata-nexrad-level2/2023/04/07/KTLX/KTLX20230407_033407_V06,2023-04-07 03:34:07,2023-04-07 03:39:07
KTLX,s3://unidata-nexrad-level2/2023/04/07/KTLX/KTLX20230407_034108_V06,2023-04-07 03:41:08,2023-04-07 03:46:08
KTLX,s3://unidata-nexrad-level2/2023/04/07/KTLX/KTLX20230407_034810_V06,2023-04-07 03:48:10,2023-04-07 03:53:10
KTLX,s3://unidata-nexrad-level2/2023/04/07/KTLX/KTLX20230407_035512_V06,2023-04-07 03:55:12,2023-04-07 04:00:12
KTLX,s3://unidata-nexrad-level2/2023/04/07/KTLX/KTLX20230407_040214_V06,2023-04-07 04:02:14,2023-04-07 04:07:14
KTLX,s3://unidata-nexrad-level2/2023/04/07/KTLX/KTLX20230407_040915_V06,2023-04-07 04:09:15,2023-04-07 04:14:15
KTLX,s3://unidata-nexrad-level2/2023/04/07/KTLX/KTLX20230407_041618_V06,2023-04-07 04:16:18,2023-04-07 04:21:18
KTLX,s3://unidata-nexrad-level2/2023/04/07/KTLX/KTLX20230407_042320_V06,2023-04-07 04:23:20,2023-04-07 04:28:20
KTLX,s3://unidata-nexrad-level2/2023/04/07/KTLX/KTLX20230407_043022_V06,2023-04-07 04:30:22,2023-04-07 04:35:22
KTLX,s3://unidata-nexrad-level2/2023/04/07/KTLX/KTLX20230407_043724_V06,2023-04-07 04:37:24,2023-04-07 04:42:24
KTLX,s3://unidata-nexrad-level2/2023/04/07/KTLX/KTLX20230407_044425_V06,2023-04-07 04:44:25,2023-04-07 04:49:25
KTLX,s3://unidata-nexrad-level2/2023/04/07/KTLX/KTLX20230407_045127_V06,2023-04-07 04:51:27,2023-04-07 04:56:27
KTLX,s3://unidata-nexrad-level2/2023/04/07/KTLX/KTLX20230407_045829_V06,2023-04-07 04:58:29,2023-04-07 05:03:29
KTLX,s3://unidata-nexrad-level2/2023/04/07/KTLX/KTLX20230407_050530_V06,2023-04-07 05:05:30,2023-04-07 05:10:30
KTLX,s3://unidata-nexrad-level2/2023/04/07/KTLX/KTLX20230407_051233_V06,2023-04-07 05:12:33,2023-04-07 05:17:33
KTLX,s3://unidata-nexrad-level2/2023/04/07/KTLX/KTLX20230407_051935_V06,2023-04-07 05:19:35,2023-04-07 05:24:35
KTLX,s3://unidata-nexrad-level2/2023/04/07/KTLX/KTLX20230407_052638_V06,2023-04-07 05:26:38,2023-04-07 05:31:38
KTLX,s3://unidata-nexrad-level2/2023/04/07/KTLX/KTLX20230407_053340_V06,2023-04-07 05:33:40,2023-04-07 05:38:40
KTLX,s3://unidata-nexrad-level2/2023/04/07/KTLX/KTLX20230407_054044_V06,2023-04-07 05:40:44,2023-04-07 05:45:44
KTLX,s3://unidata-nexrad-level2/2023/04/07/KTLX/KTLX20230407_054747_V06,2023-04-07 05:47:47,2023-04-07 05:52:47
KTLX,s3://unidata-nexrad-level2/2023/04/07/KTLX/KTLX20230407_055450_V06,2023-04-07 05:54:50,2023-04-07 05:59:50
KTLX,s3://unidata-nexrad-level2/2023/04/07/KTLX/KTLX20230407_060152_V06,2023-04-07 06:01:52,2023-04-07 06:06:52
KTLX,s3://unidata-nexrad-level2/2023/04/07/KTLX/KTLX20230407_060853_V06,2023-04-07 06:08:53,2023-04-07 06:13:53
KTLX,s3://unidata-nexrad-level2/2023/04/07/KTLX/KTLX20230407_061555_V06,2023-04-07 06:15:55,2023-04-07 06:20:55
KTLX,s3://unidata-nexrad-level2/2023/04/07/KTLX/KTLX20230407_062257_V06,2023-04-07 06:22:57,2023-04-07 06:27:57
KTLX,s3://unidata-nexrad-level2/2023/04/07/KTLX/KTLX20230407_062958_V06,2023-04-07 06:29:58,2023-04-07 06:34:58
KTLX,s3://unidata-nexrad-level2/2023/04/07/KTLX/KTLX20230407_063700_V06,2023-04-07 06:37:00,2023-04-07 06:42:00
KTLX,s3://unidata-nexrad-level2/2023/04/07/KTLX/KTLX20230407_064401_V06,2023-04-07 06:44:01,2023-04-07 06:49:01
KTLX,s3://unidata-nexrad-level2/2023/04/07/KTLX/KTLX20230407_065103_V06,2023-04-07 06:51:03,2023-04-07 06:56:03
KTLX,s3://unidata-nexrad-level2/2023/04/07/KTLX/KTLX20230407_065805_V06,2023-04-07 06:58:05,2023-04-07 07:03:05
KTLX,s3://unidata-nexrad-level2/2023/04/07/KTLX/KTLX20230407_070506_V06,2023-04-07 07:05:06,2023-04-07 07:10:06
KTLX,s3://unidata-nexrad-level2/2023/04/07/KTLX/KTLX20230407_071208_V06,2023-04-07 07:12:08,2023-04-07 07:17:08
KTLX,s3://unidata-nexrad-level2/2023/04/07/KTLX/KTLX20230407_071910_V06,2023-04-07 07:19:10,2023-04-07 07:24:10
KTLX,s3://unidata-nexrad-level2/2023/04/07/KTLX/KTLX20230407_072612_V06,2023-04-07 07:26:12,2023-04-07 07:31:12
KTLX,s3://unidata-nexrad-level2/2023/04/07/KTLX/KTLX20230407_073313_V06,2023-04-07 07:33:13,2023-04-07 07:38:13
KTLX,s3://unidata-nexrad-level2/2023/04/07/KTLX/KTLX20230407_074015_V06,2023-04-07 07:40:15,2023-04-07 07:45:15
KTLX,s3://unidata-nexrad-level2/2023/04/07/KTLX/KTLX20230407_074716_V06,2023-04-07 07:47:16,2023-04-07 07:52:16
KTLX,s3://unidata-nexrad-level2/2023/04/07/KTLX/KTLX20230407_075418_V06,2023-04-07 07:54:18,2023-04-07 07:59:18
KTLX,s3://unidata-nexrad-level2/2023/04/07/KTLX/KTLX20230407_080119_V06,2023-04-07 08:01:19,2023-04-07 08:06:19
KTLX,s3://unidata-nexrad-level2/2023/04/07/KTLX/KTLX20230407_080821_V06,2023-04-07 08:08:21,2023-04-07 08:13:21
KTLX,s3://unidata-nexrad-level2/2023/04/07/KTLX/KTLX20230407_081522_V06,2023-04-07 08:15:22,2023-04-07 08:20:22
KTLX,s3://unidata-nexrad-level2/2023/04/07/KTLX/KTLX20230407_082336_V06,2023-04-07 08:23:36,2023-04-07 08:28:36
KTLX,s3://unidata-nexrad-level2/2023/04/07/KTLX/KTLX20230407_083039_V06,2023-04-07 08:30:39,2023-04-07 08:35:39
KTLX,s3://unidata-nexrad-level2/2023/04/07/KTLX/KTLX20230407_083741_V06,2023-04-07 08:37:41,2023-04-07 08:42:41
KTLX,s3://unidata-nexrad-level2/2023/04/07/KTLX/KTLX20230407_084443_V06,2023-04-07 08:44:43,2023-04-07 08:49:43
KTLX,s3://unidata-nexrad-level2/2023/04/07/KTLX/KTLX20230407_085145_V06,2023-04-07 08:51:45,2023-04-07 08:56:45
KTLX,s3://unidata-nexrad-level2/2023/04/07/KTLX/KTLX20230407_085847_V06,2023-04-07 08:58:47,2023-04-07 09:03:47
KTLX,s3://unidata-nexrad-level2/2023/04/07/KTLX/KTLX20230407_090548_V06,2023-04-07 09:05:48,2023-04-07 09:10:48
KTLX,s3://unidata-nexrad-level2/2023/04/07/KTLX/KTLX20230407_091250_V06,2023-04-07 09:12:50,2023-04-07 09:17:50
KTLX,s3://unidata-nexrad-level2/2023/04/07/KTLX/KTLX20230407_091952_V06,2023-04-07 09:19:52,2023-04-07 09:24:52
KTLX,s3://unidata-nexrad-level2/2023/04/07/KTLX/KTLX20230407_092654_V06,2023-04-07 09:26:54,2023-04-07 09:31:54
KTLX,s3://unidata-nexrad-level2/2023/04/07/KTLX/KTLX20230407_093355_V06,2023-04-07 09:33:55,2023-04-07 09:38:55
KTLX,s3://unidata-nexrad-level2/2023/04/07/KTLX/KTLX20230407_094057_V06,2023-04-07 09:40:57,2023-04-07 09:45:57
KTLX,s3://unidata-nexrad-level2/2023/04/07/KTLX/KTLX20230407_094759_V06,2023-04-07 09:47:59,2023-04-07 09:52:59
KTLX,s3://unidata-nexrad-level2/2023/04/07/KTLX/KTLX20230407_095502_V06,2023-04-07 09:55:02,2023-04-07 10:00:02
KTLX,s3://unidata-nexrad-level2/2023/04/07/KTLX/KTLX20230407_100203_V06,2023-04-07 10:02:03,2023-04-07 10:07:03
KTLX,s3://unidata-nexrad-level2/2023/04/07/KTLX/KTLX20230407_100905_V06,2023-04-07 10:09:05,2023-04-07 10:14:05
KTLX,s3://unidata-nexrad-level2/2023/04/07/KTLX/KTLX20230407_101607_V06,2023-04-07 10:16:07,2023-04-07 10:21:07
KTLX,s3://unidata-nexrad-level2/2023/04/07/KTLX/KTLX20230407_102303_V06,2023-04-07 10:23:03,2023-04-07 10:28:03
KTLX,s3://unidata-nexrad-level2/2023/04/07/KTLX/KTLX20230407_103004_V06,2023-04-07 10:30:04,2023-04-07 10:35:04
KTLX,s3://unidata-nexrad-level2/2023/04/07/KTLX/KTLX20230407_103705_V06,2023-04-07 10:37:05,2023-04-07 10:42:05
KTLX,s3://unidata-nexrad-level2/2023/04/07/KTLX/KTLX20230407_104407_V06,2023-04-07 10:44:07,2023-04-07 10:49:07
KTLX,s3://unidata-nexrad-level2/2023/04/07/KTLX/KTLX20230407_105054_V06,2023-04-07 10:50:54,2023-04-07 10:55:54
KTLX,s3://unidata-nexrad-level2/2023/04/07/KTLX/KTLX20230407_105741_V06,2023-04-07 10:57:41,2023-04-07 11:02:41
KTLX,s3://unidata-nexrad-level2/2023/04/07/KTLX/KTLX20230407_110427_V06,2023-04-07 11:04:27,2023-04-07 11:09:27
KTLX,s3://unidata-nexrad-level2/2023/04/07/KTLX/KTLX20230407_111114_V06,2023-04-07 11:11:14,2023-04-07 11:16:14
KTLX,s3://unidata-nexrad-level2/2023/04/07/KTLX/KTLX20230407_111801_V06,2023-04-07 11:18:01,2023-04-07 11:23:01
KTLX,s3://unidata-nexrad-level2/2023/04/07/KTLX/KTLX20230407_112452_V06,2023-04-07 11:24:52,2023-04-07 11:29:52
KTLX,s3://unidata-nexrad-level2/2023/04/07/KTLX/KTLX20230407_113138_V06,2023-04-07 11:31:38,2023-04-07 11:36:38
KTLX,s3://unidata-nexrad-level2/2023/04/07/KTLX/KTLX20230407_113834_V06,2023-04-07 11:38:34,2023-04-07 11:43:34
KTLX,s3://unidata-nexrad-level2/2023/04/07/KTLX/KTLX20230407_114531_V06,2023-04-07 11:45:31,2023-04-07 11:50:31
KTLX,s3://unidata-nexrad-level2/2023/04/07/KTLX/KTLX20230407_115227_V06,2023-04-07 11:52:27,2023-04-07 11:57:27
KTLX,s3://unidata-nexrad-level2/2023/04/07/KTLX/KTLX20230407_115917_V06,2023-04-07 11:59:17,2023-04-07 12:04:17
KTLX,s3://unidata-nexrad-level2/2023/04/07/KTLX/KTLX20230407_120619_V06,2023-04-07 12:06:19,2023-04-07 12:11:19
KTLX,s3://unidata-nexrad-level2/2023/04/07/KTLX/KTLX20230407_121316_V06,2023-04-07 12:13:16,2023-04-07 12:18:16
KTLX,s3://unidata-nexrad-level2/2023/04/07/KTLX/KTLX20230407_122007_V06,2023-04-07 12:20:07,2023-04-07 12:25:07
KTLX,s3://unidata-nexrad-level2/2023/04/07/KTLX/KTLX20230407_122709_V06,2023-04-07 12:27:09,2023-04-07 12:32:09
KTLX,s3://unidata-nexrad-level2/2023/04/07/KTLX/KTLX20230407_123405_V06,2023-04-07 12:34:05,2023-04-07 12:39:05
KTLX,s3://unidata-nexrad-level2/2023/04/07/KTLX/KTLX20230407_124101_V06,2023-04-07 12:41:01,2023-04-07 12:46:01
KTLX,s3://unidata-nexrad-level2/2023/04/07/KTLX/KTLX20230407_124747_V06,2023-04-07 12:47:47,2023-04-07 12:52:47
KTLX,s3://unidata-nexrad-level2/2023/04/07/KTLX/KTLX20230407_125448_V06,2023-04-07 12:54:48,2023-04-07 12:59:48
KTLX,s3://unidata-nexrad-level2/2023/04/07/KTLX/KTLX20230407_130136_V06,2023-04-07 13:01:36,2023-04-07 13:06:36
KTLX,s3://unidata-nexrad-level2/2023/04/07/KTLX/KTLX20230407_130827_V06,2023-04-07 13:08:27,2023-04-07 13:13:27
KTLX,s3://unidata-nexrad-level2/2023/04/07/KTLX/KTLX20230407_131524_V06,2023-04-07 13:15:24,2023-04-07 13:20:24
KTLX,s3://unidata-nexrad-level2/2023/04/07/KTLX/KTLX20230407_132220_V06,2023-04-07 13:22:20,2023-04-07 13:27:20
KTLX,s3://unidata-nexrad-level2/2023/04/07/KTLX/KTLX20230407_132912_V06,2023-04-07 13:29:12,2023-04-07 13:34:12
KTLX,s3://unidata-nexrad-level2/2023/04/07/KTLX/KTLX20230407_133604_V06,2023-04-07 13:36:04,2023-04-07 13:41:04
KTLX,s3://unidata-nexrad-level2/2023/04/07/KTLX/KTLX20230407_134300_V06,2023-04-07 13:43:00,2023-04-07 13:48:00
KTLX,s3://unidata-nexrad-level2/2023/04/07/KTLX/KTLX20230407_134948_V06,2023-04-07 13:49:48,2023-04-07 13:54:48
KTLX,s3://unidata-nexrad-level2/2023/04/07/KTLX/KTLX20230407_135640_V06,2023-04-07 13:56:40,2023-04-07 14:01:40
KTLX,s3://unidata-nexrad-level2/2023/04/07/KTLX/KTLX20230407_140327_V06,2023-04-07 14:03:27,2023-04-07 14:08:27
KTLX,s3://unidata-nexrad-level2/2023/04/07/KTLX/KTLX20230407_141023_V06,2023-04-07 14:10:23,2023-04-07 14:15:23
KTLX,s3://unidata-nexrad-level2/2023/04/07/KTLX/KTLX20230407_141715_V06,2023-04-07 14:17:15,2023-04-07 14:22:15
KTLX,s3://unidata-nexrad-level2/2023/04/07/KTLX/KTLX20230407_142418_V06,2023-04-07 14:24:18,2023-04-07 14:29:18
KTLX,s3://unidata-nexrad-level2/2023/04/07/KTLX/KTLX20230407_143105_V06,2023-04-07 14:31:05,2023-04-07 14:36:05
KTLX,s3://unidata-nexrad-level2/2023/04/07/KTLX/KTLX20230407_143752_V06,2023-04-07 14:37:52,2023-04-07 14:42:52
KTLX,s3://unidata-nexrad-level2/2023/04/07/KTLX/KTLX20230407_144453_V06,2023-04-07 14:44:53,2023-04-07 14:49:53
KTLX,s3://unidata-nexrad-level2/2023/04/07/KTLX/KTLX20230407_145150_V06,2023-04-07 14:51:50,2023-04-07 14:56:50
KTLX,s3://unidata-nexrad-level2/2023/04/07/KTLX/KTLX20230407_145853_V06,2023-04-07 14:58:53,2023-04-07 15:03:53
KTLX,s3://unidata-nexrad-level2/2023/04/07/KTLX/KTLX20230407_150555_V06,2023-04-07 15:05:55,2023-04-07 15:10:55
KTLX,s3://unidata-nexrad-level2/2023/04/07/KTLX/KTLX20230407_151259_V06,2023-04-07 15:12:59,2023-04-07 15:17:59
KTLX,s3://unidata-nexrad-level2/2023/04/07/KTLX/KTLX20230407_151950_V06,2023-04-07 15:19:50,2023-04-07 15:24:50
KTLX,s3://unidata-nexrad-level2/2023/04/07/KTLX/KTLX20230407_152652_V06,2023-04-07 15:26:52,2023-04-07 15:31:52
KTLX,s3://unidata-nexrad-level2/2023/04/07/KTLX/KTLX20230407_153355_V06,2023-04-07 15:33:55,2023-04-07 15:38:55
KTLX,s3://unidata-nexrad-level2/2023/04/07/KTLX/KTLX20230407_154057_V06,2023-04-07 15:40:57,2023-04-07 15:45:57
KTLX,s3://unidata-nexrad-level2/2023/04/07/KTLX/KTLX20230407_154740_V06,2023-04-07 15:47:40,2023-04-07 15:52:40
KTLX,s3://unidata-nexrad-level2/2023/04/07/KTLX/KTLX20230407_155433_V06,2023-04-07 15:54:33,2023-04-07 15:59:33
KTLX,s3://unidata-nexrad-level2/2023/04/07/KTLX/KTLX20230407_160125_V06,2023-04-07 16:01:25,2023-04-07 16:06:25
KTLX,s3://unidata-nexrad-level2/2023/04/07/KTLX/KTLX20230407_160821_V06,2023-04-07 16:08:21,2023-04-07 16:13:21
KTLX,s3://unidata-nexrad-level2/2023/04/07/KTLX/KTLX20230407_161508_V06,2023-04-07 16:15:08,2023-04-07 16:20:08
KTLX,s3://unidata-nexrad-level2/2023/04/07/KTLX/KTLX20230407_162151_V06,2023-04-07 16:21:51,2023-04-07 16:26:51
KTLX,s3://unidata-nexrad-level2/2023/04/07/KTLX/KTLX20230407_162951_V06,2023-04-07 16:29:51,2023-04-07 16:34:51
KTLX,s3://unidata-nexrad-level2/2023/04/07/KTLX/KTLX20230407_163636_V06,2023-04-07 16:36:36,2023-04-07 16:41:36
KTLX,s3://unidata-nexrad-level2/2023/04/07/KTLX/KTLX20230407_164319_V06,2023-04-07 16:43:19,2023-04-07 16:48:19
KTLX,s3://unidata-nexrad-level2/2023/04/07/KTLX/KTLX20230407_165002_V06,2023-04-07 16:50:02,2023-04-07 16:55:02
KTLX,s3://unidata-nexrad-level2/2023/04/07/KTLX/KTLX20230407_165644_V06,2023-04-07 16:56:44,2023-04-07 17:01:44
KTLX,s3://unidata-nexrad-level2/2023/04/07/KTLX/KTLX20230407_170347_V06,2023-04-07 17:03:47,2023-04-07 17:08:47
KTLX,s3://unidata-nexrad-level2/2023/04/07/KTLX/KTLX20230407_171031_V06,2023-04-07 17:10:31,2023-04-07 17:15:31
KTLX,s3://unidata-nexrad-level2/2023/04/07/KTLX/KTLX20230407_171713_V06,2023-04-07 17:17:13,2023-04-07 17:22:13
KTLX,s3://unidata-nexrad-level2/2023/04/07/KTLX/KTLX20230407_172406_V06,2023-04-07 17:24:06,2023-04-07 17:29:06
KTLX,s3://unidata-nexrad-level2/2023/04/07/KTLX/KTLX20230407_173102_V06,2023-04-07 17:31:02,2023-04-07 17:36:02
KTLX,s3://unidata-nexrad-level2/2023/04/07/KTLX/KTLX20230407_173754_V06,2023-04-07 17:37:54,2023-04-07 17:42:54
KTLX,s3://unidata-nexrad-level2/2023/04/07/KTLX/KTLX20230407_174445_V06,2023-04-07 17:44:45,2023-04-07 17:49:45
KTLX,s3://unidata-nexrad-level2/2023/04/07/KTLX/KTLX20230407_175137_V06,2023-04-07 17:51:37,2023-04-07 17:56:37
KTLX,s3://unidata-nexrad-level2/2023/04/07/KTLX/KTLX20230407_175821_V06,2023-04-07 17:58:21,2023-04-07 18:03:21
KTLX,s3://unidata-nexrad-level2/2023/04/07/KTLX/KTLX20230407_180505_V06,2023-04-07 18:05:05,2023-04-07 18:10:05
KTLX,s3://unidata-nexrad-level2/2023/04/07/KTLX/KTLX20230407_181202_V06,2023-04-07 18:12:02,2023-04-07 18:17:02
KTLX,s3://unidata-nexrad-level2/2023/04/07/KTLX/KTLX20230407_181857_V06,2023-04-07 18:18:57,2023-04-07 18:23:57
KTLX,s3://unidata-nexrad-level2/2023/04/07/KTLX/KTLX20230407_182544_V06,2023-04-07 18:25:44,2023-04-07 18:30:44
KTLX,s3://unidata-nexrad-level2/2023/04/07/KTLX/KTLX20230407_183237_V06,2023-04-07 18:32:37,2023-04-07 18:37:37
KTLX,s3://unidata-nexrad-level2/2023/04/07/KTLX/KTLX20230407_183925_V06,2023-04-07 18:39:25,2023-04-07 18:44:25
KTLX,s3://unidata-nexrad-level2/2023/04/07/KTLX/KTLX20230407_184620_V06,2023-04-07 18:46:20,2023-04-07 18:51:20
KTLX,s3://unidata-nexrad-level2/2023/04/07/KTLX/KTLX20230407_185316_V06,2023-04-07 18:53:16,2023-04-07 18:58:16
KTLX,s3://unidata-nexrad-level2/2023/04/07/KTLX/KTLX20230407_190012_V06,2023-04-07 19:00:12,2023-04-07 19:05:12
KTLX,s3://unidata-nexrad-level2/2023/04/07/KTLX/KTLX20230407_190708_V06,2023-04-07 19:07:08,2023-04-07 19:12:08
KTLX,s3://unidata-nexrad-level2/2023/04/07/KTLX/KTLX20230407_191410_V06,2023-04-07 19:14:10,2023-04-07 19:19:10
KTLX,s3://unidata-nexrad-level2/2023/04/07/KTLX/KTLX20230407_192112_V06,2023-04-07 19:21:12,2023-04-07 19:26:12
KTLX,s3://unidata-nexrad-level2/2023/04/07/KTLX/KTLX20230407_192804_V06,2023-04-07 19:28:04,2023-04-07 19:33:04
KTLX,s3://unidata-nexrad-level2/2023/04/07/KTLX/KTLX20230407_193451_V06,2023-04-07 19:34:51,2023-04-07 19:39:51
KTLX,s3://unidata-nexrad-level2/2023/04/07/KTLX/KTLX20230407_194153_V06,2023-04-07 19:41:53,2023-04-07 19:46:53
KTLX,s3://unidata-nexrad-level2/2023/04/07/KTLX/KTLX20230407_194843_V06,2023-04-07 19:48:43,2023-04-07 19:53:43
KTLX,s3://unidata-nexrad-level2/2023/04/07/KTLX/KTLX20230407_195545_V06,2023-04-07 19:55:45,2023-04-07 20:00:45
KTLX,s3://unidata-nexrad-level2/2023/04/07/KTLX/KTLX20230407_200237_V06,2023-04-07 20:02:37,2023-04-07 20:07:37
KTLX,s3://unidata-nexrad-level2/2023/04/07/KTLX/KTLX20230407_200933_V06,2023-04-07 20:09:33,2023-04-07 20:14:33
KTLX,s3://unidata-nexrad-level2/2023/04/07/KTLX/KTLX20230407_201634_V06,2023-04-07 20:16:34,2023-04-07 20:21:34
KTLX,s3://unidata-nexrad-level2/2023/04/07/KTLX/KTLX20230407_202336_V06,2023-04-07 20:23:36,2023-04-07 20:28:36
KTLX,s3://unidata-nexrad-level2/2023/04/07/KTLX/KTLX20230407_203028_V06,2023-04-07 20:30:28,2023-04-07 20:35:28
KTLX,s3://unidata-nexrad-level2/2023/04/07/KTLX/KTLX20230407_203730_V06,2023-04-07 20:37:30,2023-04-07 20:42:30
KTLX,s3://unidata-nexrad-level2/2023/04/07/KTLX/KTLX20230407_204432_V06,2023-04-07 20:44:32,2023-04-07 20:49:32
KTLX,s3://unidata-nexrad-level2/2023/04/07/KTLX/KTLX20230407_205133_V06,2023-04-07 20:51:33,2023-04-07 20:56:33
KTLX,s3://unidata-nexrad-level2/2023/04/07/KTLX/KTLX20230407_205835_V06,2023-04-07 20:58:35,2023-04-07 21:03:35
KTLX,s3://unidata-nexrad-level2/2023/04/07/KTLX/KTLX20230407_210538_V06,2023-04-07 21:05:38,2023-04-07 21:10:38
KTLX,s3://unidata-nexrad-level2/2023/04/07/KTLX/KTLX20230407_211233_V06,2023-04-07 21:12:33,2023-04-07 21:17:33
KTLX,s3://unidata-nexrad-level2/2023/04/07/KTLX/KTLX20230407_211935_V06,2023-04-07 21:19:35,2023-04-07 21:24:35
KTLX,s3://unidata-nexrad-level2/2023/04/07/KTLX/KTLX20230407_212637_V06,2023-04-07 21:26:37,2023-04-07 21:31:37
KTLX,s3://unidata-nexrad-level2/2023/04/07/KTLX/KTLX20230407_213339_V06,2023-04-07 21:33:39,2023-04-07 21:38:39
KTLX,s3://unidata-nexrad-level2/2023/04/07/KTLX/KTLX20230407_214042_V06,2023-04-07 21:40:42,2023-04-07 21:45:42
KTLX,s3://unidata-nexrad-level2/2023/04/07/KTLX/KTLX20230407_214743_V06,2023-04-07 21:47:43,2023-04-07 21:52:43
KTLX,s3://unidata-nexrad-level2/2023/04/07/KTLX/KTLX20230407_215430_V06,2023-04-07 21:54:30,2023-04-07 21:59:30
KTLX,s3://unidata-nexrad-level2/2023/04/07/KTLX/KTLX20230407_220132_V06,2023-04-07 22:01:32,2023-04-07 22:06:32
KTLX,s3://unidata-nexrad-level2/2023/04/07/KTLX/KTLX20230407_220823_V06,2023-04-07 22:08:23,2023-04-07 22:13:23
KTLX,s3://unidata-nexrad-level2/2023/04/07/KTLX/KTLX20230407_221513_V06,2023-04-07 22:15:13,2023-04-07 22:20:13
KTLX,s3://unidata-nexrad-level2/2023/04/07/KTLX/KTLX20230407_222205_V06,2023-04-07 22:22:05,2023-04-07 22:27:05
KTLX,s3://unidata-nexrad-level2/2023/04/07/KTLX/KTLX20230407_222900_V06,2023-04-07 22:29:00,2023-04-07 22:34:00
KTLX,s3://unidata-nexrad-level2/2023/04/07/KTLX/KTLX20230407_223547_V06,2023-04-07 22:35:47,2023-04-07 22:40:47
KTLX,s3://unidata-nexrad-level2/2023/04/07/KTLX/KTLX20230407_224238_V06,2023-04-07 22:42:38,2023-04-07 22:47:38
KTLX,s3://unidata-nexrad-level2/2023/04/07/KTLX/KTLX20230407_224928_V06,2023-04-07 22:49:28,2023-04-07 22:54:28
KTLX,s3://unidata-nexrad-level2/2023/04/07/KTLX/KTLX20230407_225619_V06,2023-04-07 22:56:19,2023-04-07 23:01:19
KTLX,s3://unidata-nexrad-level2/2023/04/07/KTLX/KTLX20230407_230309_V06,2023-04-07 23:03:09,2023-04-07 23:08:09
KTLX,s3://unidata-nexrad-level2/2023/04/07/KTLX/KTLX20230407_231000_V06,2023-04-07 23:10:00,2023-04-07 23:15:00
KTLX,s3://unidata-nexrad-level2/2023/04/07/KTLX/KTLX20230407_231643_V06,2023-04-07 23:16:43,2023-04-07 23:21:43
KTLX,s3://unidata-nexrad-level2/2023/04/07/KTLX/KTLX20230407_232331_V06,2023-04-07 23:23:31,2023-04-07 23:28:31
KTLX,s3://unidata-nexrad-level2/2023/04/07/KTLX/KTLX20230407_233028_V06,2023-04-07 23:30:28,2023-04-07 23:35:28
KTLX,s3://unidata-nexrad-level2/2023/04/07/KTLX/KTLX20230407_233712_V06,2023-04-07 23:37:12,2023-04-07 23:42:12
KTLX,s3://unidata-nexrad-level2/2023/04/07/KTLX/KTLX20230407_234356_V06,2023-04-07 23:43:56,2023-04-07 23:48:56
KTLX,s3://unidata-nexrad-level2/2023/04/07/KTLX/KTLX20230407_235043_V06,2023-04-07 23:50:43,2023-04-07 23:55:43
KTLX,s3://unidata-nexrad-level2/2023/04/07/KTLX/KTLX20230407_235734_V06,2023-04-07 23:57:34,2023-04-08 00:02:34
KTLX,s3://unidata-nexrad-level2/2023/04/08/KTLX/KTLX20230408_000430_V06,2023-04-08 00:04:30,2023-04-08 00:09:30
KTLX,s3://unidata-nexrad-level2/2023/04/08/KTLX/KTLX20230408_001117_V06,2023-04-08 00:11:17,2023-04-08 00:16:17
KTLX,s3://unidata-nexrad-level2/2023/04/08/KTLX/KTLX20230408_001759_V06,2023-04-08 00:17:59,2023-04-08 00:22:59
KTLX,s3://unidata-nexrad-level2/2023/04/08/KTLX/KTLX20230408_002442_V06,2023-04-08 00:24:42,2023-04-08 00:29:42
KTLX,s3://unidata-nexrad-level2/2023/04/08/KTLX/KTLX20230408_003256_V06,2023-04-08 00:32:56,2023-04-08 00:37:56
KTLX,s3://unidata-nexrad-level2/2023/04/08/KTLX/KTLX20230408_003939_V06,2023-04-08 00:39:39,2023-04-08 00:44:39
KTLX,s3://unidata-nexrad-level2/2023/04/08/KTLX/KTLX20230408_004634_V06,2023-04-08 00:46:34,2023-04-08 00:51:34
KTLX,s3://unidata-nexrad-level2/2023/04/08/KTLX/KTLX20230408_005330_V06,2023-04-08 00:53:30,2023-04-08 00:58:30
KTLX,s3://unidata-nexrad-level2/2023/04/08/KTLX/KTLX20230408_010026_V06,2023-04-08 01:00:26,2023-04-08 01:05:26
KTLX,s3://unidata-nexrad-level2/2023/04/08/KTLX/KTLX20230408_010714_V06,2023-04-08 01:07:14,2023-04-08 01:12:14
KTLX,s3://unidata-nexrad-level2/2023/04/08/KTLX/KTLX20230408_011415_V06,2023-04-08 01:14:15,2023-04-08 01:19:15
KTLX,s3://unidata-nexrad-level2/2023/04/08/KTLX/KTLX20230408_012058_V06,2023-04-08 01:20:58,2023-04-08 01:25:58
KTLX,s3://unidata-nexrad-level2/2023/04/08/KTLX/KTLX20230408_012759_V06,2023-04-08 01:27:59,2023-04-08 01:32:59
KTLX,s3://unidata-nexrad-level2/2023/04/08/KTLX/KTLX20230408_013446_V06,2023-04-08 01:34:46,2023-04-08 01:39:46
KTLX,s3://unidata-nexrad-level2/2023/04/08/KTLX/KTLX20230408_014148_V06,2023-04-08 01:41:48,2023-04-08 01:46:48
KTLX,s3://unidata-nexrad-level2/2023/04/08/KTLX/KTLX20230408_014850_V06,2023-04-08 01:48:50,2023-04-08 01:53:50
KTLX,s3://unidata-nexrad-level2/2023/04/08/KTLX/KTLX20230408_015546_V06,2023-04-08 01:55:46,2023-04-08 02:00:46
KTLX,s3://unidata-nexrad-level2/2023/04/08/KTLX/KTLX20230408_020248_V06,2023-04-08 02:02:48,2023-04-08 02:07:48
KTLX,s3://unidata-nexrad-level2/2023/04/08/KTLX/KTLX20230408_020949_V06,2023-04-08 02:09:49,2023-04-08 02:14:49
KTLX,s3://unidata-nexrad-level2/2023/04/08/KTLX/KTLX20230408_021649_V06,2023-04-08 02:16:49,2023-04-08 02:21:49
KTLX,s3://unidata-nexrad-level2/2023/04/08/KTLX/KTLX20230408_022350_V06,2023-04-08 02:23:50,2023-04-08 02:28:50
KTLX,s3://unidata-nexrad-level2/2023/04/08/KTLX/KTLX20230408_023053_V06,2023-04-08 02:30:53,2023-04-08 02:35:53
KTLX,s3://unidata-nexrad-level2/2023/04/08/KTLX/KTLX20230408_023755_V06,2023-04-08 02:37:55,2023-04-08 02:42:55
KTLX,s3://unidata-nexrad-level2/2023/04/08/KTLX/KTLX20230408_024456_V06,2023-04-08 02:44:56,2023-04-08 02:49:56
KTLX,s3://unidata-nexrad-level2/2023/04/08/KTLX/KTLX20230408_025158_V06,2023-04-08 02:51:58,2023-04-08 02:56:58
KTLX,s3://unidata-nexrad-level2/2023/04/08/KTLX/KTLX20230408_025900_V06,2023-04-08 02:59:00,2023-04-08 03:04:00
KTLX,s3://unidata-nexrad-level2/2023/04/08/KTLX/KTLX20230408_030602_V06,2023-04-08 03:06:02,2023-04-08 03:11:02
KTLX,s3://unidata-nexrad-level2/2023/04/08/KTLX/KTLX20230408_031303_V06,2023-04-08 03:13:03,2023-04-08 03:18:03
KTLX,s3://unidata-nexrad-level2/2023/04/08/KTLX/KTLX20230408_032006_V06,2023-04-08 03:20:06,2023-04-08 03:25:06
KTLX,s3://unidata-nexrad-level2/2023/04/08/KTLX/KTLX20230408_032708_V06,2023-04-08 03:27:08,2023-04-08 03:32:08
KTLX,s3://unidata-nexrad-level2/2023/04/08/KTLX/KTLX20230408_033410_V06,2023-04-08 03:34:10,2023-04-08 03:39:10
KTLX,s3://unidata-nexrad-level2/2023/04/08/KTLX/KTLX20230408_034111_V06,2023-04-08 03:41:11,2023-04-08 03:46:11
KTLX,s3://unidata-nexrad-level2/2023/04/08/KTLX/KTLX20230408_034813_V06,2023-04-08 03:48:13,2023-04-08 03:53:13
KTLX,s3://unidata-nexrad-level2/2023/04/08/KTLX/KTLX20230408_035515_V06,2023-04-08 03:55:15,2023-04-08 04:00:15
KTLX,s3://unidata-nexrad-level2/2023/04/08/KTLX/KTLX20230408_040218_V06,2023-04-08 04:02:18,2023-04-08 04:07:18
KTLX,s3://unidata-nexrad-level2/2023/04/08/KTLX/KTLX20230408_040921_V06,2023-04-08 04:09:21,2023-04-08 04:14:21
KTLX,s3://unidata-nexrad-level2/2023/04/08/KTLX/KTLX20230408_041623_V06,2023-04-08 04:16:23,2023-04-08 04:21:23
KTLX,s3://unidata-nexrad-level2/2023/04/08/KTLX/KTLX20230408_042325_V06,2023-04-08 04:23:25,2023-04-08 04:28:25
KTLX,s3://unidata-nexrad-level2/2023/04/08/KTLX/KTLX20230408_043026_V06,2023-04-08 04:30:26,2023-04-08 04:35:26
KTLX,s3://unidata-nexrad-level2/2023/04/08/KTLX/KTLX20230408_043728_V06,2023-04-08 04:37:28,2023-04-08 04:42:28
KTLX,s3://unidata-nexrad-level2/2023/04/08/KTLX/KTLX20230408_044429_V06,2023-04-08 04:44:29,2023-04-08 04:49:29
KTLX,s3://unidata-nexrad-level2/2023/04/08/KTLX/KTLX20230408_045131_V06,2023-04-08 04:51:31,2023-04-08 04:56:31
KTLX,s3://unidata-nexrad-level2/2023/04/08/KTLX/KTLX20230408_045834_V06,2023-04-08 04:58:34,2023-04-08 05:03:34
KTLX,s3://unidata-nexrad-level2/2023/04/08/KTLX/KTLX20230408_050537_V06,2023-04-08 05:05:37,2023-04-08 05:10:37
KTLX,s3://unidata-nexrad-level2/2023/04/08/KTLX/KTLX20230408_051239_V06,2023-04-08 05:12:39,2023-04-08 05:17:39
KTLX,s3://unidata-nexrad-level2/2023/04/08/KTLX/KTLX20230408_051941_V06,2023-04-08 05:19:41,2023-04-08 05:24:41
KTLX,s3://unidata-nexrad-level2/2023/04/08/KTLX/KTLX20230408_052643_V06,2023-04-08 05:26:43,2023-04-08 05:31:43
KTLX,s3://unidata-nexrad-level2/2023/04/08/KTLX/KTLX20230408_053345_V06,2023-04-08 05:33:45,2023-04-08 05:38:45
KTLX,s3://unidata-nexrad-level2/2023/04/08/KTLX/KTLX20230408_054047_V06,2023-04-08 05:40:47,2023-04-08 05:45:47
KTLX,s3://unidata-nexrad-level2/2023/04/08/KTLX/KTLX20230408_054749_V06,2023-04-08 05:47:49,2023-04-08 05:52:49
KTLX,s3://unidata-nexrad-level2/2023/04/08/KTLX/KTLX20230408_055451_V06,2023-04-08 05:54:51,2023-04-08 05:59:51
KTLX,s3://unidata-nexrad-level2/2023/04/08/KTLX/KTLX20230408_060153_V06,2023-04-08 06:01:53,2023-04-08 06:06:53
KTLX,s3://unidata-nexrad-level2/2023/04/08/KTLX/KTLX20230408_060854_V06,2023-04-08 06:08:54,2023-04-08 06:13:54
KTLX,s3://unidata-nexrad-level2/2023/04/08/KTLX/KTLX20230408_061555_V06,2023-04-08 06:15:55,2023-04-08 06:20:55
KTLX,s3://unidata-nexrad-level2/2023/04/08/KTLX/KTLX20230408_062257_V06,2023-04-08 06:22:57,2023-04-08 06:27:57
KTLX,s3://unidata-nexrad-level2/2023/04/08/KTLX/KTLX20230408_063000_V06,2023-04-08 06:30:00,2023-04-08 06:35:00
KTLX,s3://unidata-nexrad-level2/2023/04/08/KTLX/KTLX20230408_063702_V06,2023-04-08 06:37:02,2023-04-08 06:42:02
KTLX,s3://unidata-nexrad-level2/2023/04/08/KTLX/KTLX20230408_064404_V06,2023-04-08 06:44:04,2023-04-08 06:49:04
KTLX,s3://unidata-nexrad-level2/2023/04/08/KTLX/KTLX20230408_065105_V06,2023-04-08 06:51:05,2023-04-08 06:56:05
KTLX,s3://unidata-nexrad-level2/2023/04/08/KTLX/KTLX20230408_065806_V06,2023-04-08 06:58:06,2023-04-08 07:03:06
KTLX,s3://unidata-nexrad-level2/2023/04/08/KTLX/KTLX20230408_070507_V06,2023-04-08 07:05:07,2023-04-08 07:10:07
KTLX,s3://unidata-nexrad-level2/2023/04/08/KTLX/KTLX20230408_071208_V06,2023-04-08 07:12:08,2023-04-08 07:17:08
KTLX,s3://unidata-nexrad-level2/2023/04/08/KTLX/KTLX20230408_071910_V06,2023-04-08 07:19:10,2023-04-08 07:24:10
KTLX,s3://unidata-nexrad-level2/2023/04/08/KTLX/KTLX20230408_072612_V06,2023-04-08 07:26:12,2023-04-08 07:31:12
KTLX,s3://unidata-nexrad-level2/2023/04/08/KTLX/KTLX20230408_073313_V06,2023-04-08 07:33:13,2023-04-08 07:38:13
KTLX,s3://unidata-nexrad-level2/2023/04/08/KTLX/KTLX20230408_074014_V06,2023-04-08 07:40:14,2023-04-08 07:45:14
KTLX,s3://unidata-nexrad-level2/2023/04/08/KTLX/KTLX20230408_074716_V06,2023-04-08 07:47:16,2023-04-08 07:52:16
KTLX,s3://unidata-nexrad-level2/2023/04/08/KTLX/KTLX20230408_075419_V06,2023-04-08 07:54:19,2023-04-08 07:59:19
KTLX,s3://unidata-nexrad-level2/2023/04/08/KTLX/KTLX20230408_080122_V06,2023-04-08 08:01:22,2023-04-08 08:06:22
KTLX,s3://unidata-nexrad-level2/2023/04/08/KTLX/KTLX20230408_080825_V06,2023-04-08 08:08:25,2023-04-08 08:13:25
KTLX,s3://unidata-nexrad-level2/2023/04/08/KTLX/KTLX20230408_081527_V06,2023-04-08 08:15:27,2023-04-08 08:20:27
KTLX,s3://unidata-nexrad-level2/2023/04/08/KTLX/KTLX20230408_082229_V06,2023-04-08 08:22:29,2023-04-08 08:27:29
KTLX,s3://unidata-nexrad-level2/2023/04/08/KTLX/KTLX20230408_082931_V06,2023-04-08 08:29:31,2023-04-08 08:34:31
KTLX,s3://unidata-nexrad-level2/2023/04/08/KTLX/KTLX20230408_083742_V06,2023-04-08 08:37:42,2023-04-08 08:42:42
KTLX,s3://unidata-nexrad-level2/2023/04/08/KTLX/KTLX20230408_084444_V06,2023-04-08 08:44:44,2023-04-08 08:49:44
KTLX,s3://unidata-nexrad-level2/2023/04/08/KTLX/KTLX20230408_085146_V06,2023-04-08 08:51:46,2023-04-08 08:56:46
KTLX,s3://unidata-nexrad-level2/2023/04/08/KTLX/KTLX20230408_085848_V06,2023-04-08 08:58:48,2023-04-08 09:03:48
KTLX,s3://unidata-nexrad-level2/2023/04/08/KTLX/KTLX20230408_090550_V06,2023-04-08 09:05:50,2023-04-08 09:10:50
KTLX,s3://unidata-nexrad-level2/2023/04/08/KTLX/KTLX20230408_091251_V06,2023-04-08 09:12:51,2023-04-08 09:17:51
KTLX,s3://unidata-nexrad-level2/2023/04/08/KTLX/KTLX20230408_091954_V06,2023-04-08 09:19:54,2023-04-08 09:24:54
KTLX,s3://unidata-nexrad-level2/2023/04/08/KTLX/KTLX20230408_092656_V06,2023-04-08 09:26:56,2023-04-08 09:31:56
KTLX,s3://unidata-nexrad-level2/2023/04/08/KTLX/KTLX20230408_093357_V06,2023-04-08 09:33:57,2023-04-08 09:38:57
KTLX,s3://unidata-nexrad-level2/2023/04/08/KTLX/KTLX20230408_094100_V06,2023-04-08 09:41:00,2023-04-08 09:46:00
KTLX,s3://unidata-nexrad-level2/2023/04/08/KTLX/KTLX20230408_094803_V06,2023-04-08 09:48:03,2023-04-08 09:53:03
KTLX,s3://unidata-nexrad-level2/2023/04/08/KTLX/KTLX20230408_095506_V06,2023-04-08 09:55:06,2023-04-08 10:00:06
KTLX,s3://unidata-nexrad-level2/2023/04/08/KTLX/KTLX20230408_100207_V06,2023-04-08 10:02:07,2023-04-08 10:07:07
KTLX,s3://unidata-nexrad-level2/2023/04/08/KTLX/KTLX20230408_100909_V06,2023-04-08 10:09:09,2023-04-08 10:14:09
KTLX,s3://unidata-nexrad-level2/2023/04/08/KTLX/KTLX20230408_101611_V06,2023-04-08 10:16:11,2023-04-08 10:21:11
KTLX,s3://unidata-nexrad-level2/2023/04/08/KTLX/KTLX20230408_102314_V06,2023-04-08 10:23:14,2023-04-08 10:28:14
KTLX,s3://unidata-nexrad-level2/2023/04/08/KTLX/KTLX20230408_103016_V06,2023-04-08 10:30:16,2023-04-08 10:35:16
KTLX,s3://unidata-nexrad-level2/2023/04/08/KTLX/KTLX20230408_103718_V06,2023-04-08 10:37:18,2023-04-08 10:42:18
KTLX,s3://unidata-nexrad-level2/2023/04/08/KTLX/KTLX20230408_104420_V06,2023-04-08 10:44:20,2023-04-08 10:49:20
KTLX,s3://unidata-nexrad-level2/2023/04/08/KTLX/KTLX20230408_105123_V06,2023-04-08 10:51:23,2023-04-08 10:56:23
KTLX,s3://unidata-nexrad-level2/2023/04/08/KTLX/KTLX20230408_105826_V06,2023-04-08 10:58:26,2023-04-08 11:03:26
KTLX,s3://unidata-nexrad-level2/2023/04/08/KTLX/KTLX20230408_110527_V06,2023-04-08 11:05:27,2023-04-08 11:10:27
KTLX,s3://unidata-nexrad-level2/2023/04/08/KTLX/KTLX20230408_111229_V06,2023-04-08 11:12:29,2023-04-08 11:17:29
KTLX,s3://unidata-nexrad-level2/2023/04/08/KTLX/KTLX20230408_111925_V06,2023-04-08 11:19:25,2023-04-08 11:24:25
KTLX,s3://unidata-nexrad-level2/2023/04/08/KTLX/KTLX20230408_112628_V06,2023-04-08 11:26:28,2023-04-08 11:31:28
KTLX,s3://unidata-nexrad-level2/2023/04/08/KTLX/KTLX20230408_113329_V06,2023-04-08 11:33:29,2023-04-08 11:38:29
KTLX,s3://unidata-nexrad-level2/2023/04/08/KTLX/KTLX20230408_114032_V06,2023-04-08 11:40:32,2023-04-08 11:45:32
KTLX,s3://unidata-nexrad-level2/2023/04/08/KTLX/KTLX20230408_114734_V06,2023-04-08 11:47:34,2023-04-08 11:52:34
KTLX,s3://unidata-nexrad-level2/2023/04/08/KTLX/KTLX20230408_115436_V06,2023-04-08 11:54:36,2023-04-08 11:59:36
KTLX,s3://unidata-nexrad-level2/2023/04/08/KTLX/KTLX20230408_120138_V06,2023-04-08 12:01:38,2023-04-08 12:06:38
KTLX,s3://unidata-nexrad-level2/2023/04/08/KTLX/KTLX20230408_120840_V06,2023-04-08 12:08:40,2023-04-08 12:13:40
KTLX,s3://unidata-nexrad-level2/2023/04/08/KTLX/KTLX20230408_121542_V06,2023-04-08 12:15:42,2023-04-08 12:20:42
KTLX,s3://unidata-nexrad-level2/2023/04/08/KTLX/KTLX20230408_122244_V06,2023-04-08 12:22:44,2023-04-08 12:27:44
KTLX,s3://unidata-nexrad-level2/2023/04/08/KTLX/KTLX20230408_122946_V06,2023-04-08 12:29:46,2023-04-08 12:34:46
KTLX,s3://unidata-nexrad-level2/2023/04/08/KTLX/KTLX20230408_123647_V06,2023-04-08 12:36:47,2023-04-08 12:41:47
KTLX,s3://unidata-nexrad-level2/2023/04/08/KTLX/KTLX20230408_124349_V06,2023-04-08 12:43:49,2023-04-08 12:48:49
KTLX,s3://unidata-nexrad-level2/2023/04/08/KTLX/KTLX20230408_125052_V06,2023-04-08 12:50:52,2023-04-08 12:55:52
KTLX,s3://unidata-nexrad-level2/2023/04/08/KTLX/KTLX20230408_125753_V06,2023-04-08 12:57:53,2023-04-08 13:02:53
KTLX,s3://unidata-nexrad-level2/2023/04/08/KTLX/KTLX20230408_130455_V06,2023-04-08 13:04:55,2023-04-08 13:09:55
KTLX,s3://unidata-nexrad-level2/2023/04/08/KTLX/KTLX20230408_131158_V06,2023-04-08 13:11:58,2023-04-08 13:16:58
KTLX,s3://unidata-nexrad-level2/2023/04/08/KTLX/KTLX20230408_131900_V06,2023-04-08 13:19:00,2023-04-08 13:24:00
KTLX,s3://unidata-nexrad-level2/2023/04/08/KTLX/KTLX20230408_132603_V06,2023-04-08 13:26:03,2023-04-08 13:31:03
KTLX,s3://unidata-nexrad-level2/2023/04/08/KTLX/KTLX20230408_133304_V06,2023-04-08 13:33:04,2023-04-08 13:38:04
KTLX,s3://unidata-nexrad-level2/2023/04/08/KTLX/KTLX20230408_134006_V06,2023-04-08 13:40:06,2023-04-08 13:45:06
KTLX,s3://unidata-nexrad-level2/2023/04/08/KTLX/KTLX20230408_134708_V06,2023-04-08 13:47:08,2023-04-08 13:52:08
KTLX,s3://unidata-nexrad-level2/2023/04/08/KTLX/KTLX20230408_135410_V06,2023-04-08 13:54:10,2023-04-08 13:59:10
KTLX,s3://unidata-nexrad-level2/2023/04/08/KTLX/KTLX20230408_140111_V06,2023-04-08 14:01:11,2023-04-08 14:06:11
KTLX,s3://unidata-nexrad-level2/2023/04/08/KTLX/KTLX20230408_140813_V06,2023-04-08 14:08:13,2023-04-08 14:13:13
KTLX,s3://unidata-nexrad-level2/2023/04/08/KTLX/KTLX20230408_141515_V06,2023-04-08 14:15:15,2023-04-08 14:20:15
KTLX,s3://unidata-nexrad-level2/2023/04/08/KTLX/KTLX20230408_142217_V06,2023-04-08 14:22:17,2023-04-08 14:27:17
KTLX,s3://unidata-nexrad-level2/2023/04/08/KTLX/KTLX20230408_142918_V06,2023-04-08 14:29:18,2023-04-08 14:34:18
KTLX,s3://unidata-nexrad-level2/2023/04/08/KTLX/KTLX20230408_143620_V06,2023-04-08 14:36:20,2023-04-08 14:41:20
KTLX,s3://unidata-nexrad-level2/2023/04/08/KTLX/KTLX20230408_144322_V06,2023-04-08 14:43:22,2023-04-08 14:48:22
KTLX,s3://unidata-nexrad-level2/2023/04/08/KTLX/KTLX20230408_145024_V06,2023-04-08 14:50:24,2023-04-08 14:55:24
KTLX,s3://unidata-nexrad-level2/2023/04/08/KTLX/KTLX20230408_145726_V06,2023-04-08 14:57:26,2023-04-08 15:02:26
KTLX,s3://unidata-nexrad-level2/2023/04/08/KTLX/KTLX20230408_150427_V06,2023-04-08 15:04:27,2023-04-08 15:09:27
KTLX,s3://unidata-nexrad-level2/2023/04/08/KTLX/KTLX20230408_151129_V06,2023-04-08 15:11:29,2023-04-08 15:16:29
KTLX,s3://unidata-nexrad-level2/2023/04/08/KTLX/KTLX20230408_151832_V06,2023-04-08 15:18:32,2023-04-08 15:23:32
KTLX,s3://unidata-nexrad-level2/2023/04/08/KTLX/KTLX20230408_152534_V06,2023-04-08 15:25:34,2023-04-08 15:30:34
KTLX,s3://unidata-nexrad-level2/2023/04/08/KTLX/KTLX20230408_153235_V06,2023-04-08 15:32:35,2023-04-08 15:37:35
KTLX,s3://unidata-nexrad-level2/2023/04/08/KTLX/KTLX20230408_153937_V06,2023-04-08 15:39:37,2023-04-08 15:44:37
KTLX,s3://unidata-nexrad-level2/2023/04/08/KTLX/KTLX20230408_154639_V06,2023-04-08 15:46:39,2023-04-08 15:51:39
KTLX,s3://unidata-nexrad-level2/2023/04/08/KTLX/KTLX20230408_155341_V06,2023-04-08 15:53:41,2023-04-08 15:58:41
KTLX,s3://unidata-nexrad-level2/2023/04/08/KTLX/KTLX20230408_160042_V06,2023-04-08 16:00:42,2023-04-08 16:05:42
KTLX,s3://unidata-nexrad-level2/2023/04/08/KTLX/KTLX20230408_160744_V06,2023-04-08 16:07:44,2023-04-08 16:12:44
KTLX,s3://unidata-nexrad-level2/2023/04/08/KTLX/KTLX20230408_161446_V06,2023-04-08 16:14:46,2023-04-08 16:19:46
KTLX,s3://unidata-nexrad-level2/2023/04/08/KTLX/KTLX20230408_162149_V06,2023-04-08 16:21:49,2023-04-08 16:26:49
KTLX,s3://unidata-nexrad-level2/2023/04/08/KTLX/KTLX20230408_162851_V06,2023-04-08 16:28:51,2023-04-08 16:33:51
KTLX,s3://unidata-nexrad-level2/2023/04/08/KTLX/KTLX20230408_163552_V06,2023-04-08 16:35:52,2023-04-08 16:40:52
KTLX,s3://unidata-nexrad-level2/2023/04/08/KTLX/KTLX20230408_164405_V06,2023-04-08 16:44:05,2023-04-08 16:49:05
KTLX,s3://unidata-nexrad-level2/2023/04/08/KTLX/KTLX20230408_165108_V06,2023-04-08 16:51:08,2023-04-08 16:56:08
KTLX,s3://unidata-nexrad-level2/2023/04/08/KTLX/KTLX20230408_165809_V06,2023-04-08 16:58:09,2023-04-08 17:03:09
KTLX,s3://unidata-nexrad-level2/2023/04/08/KTLX/KTLX20230408_170511_V06,2023-04-08 17:05:11,2023-04-08 17:10:11
KTLX,s3://unidata-nexrad-level2/2023/04/08/KTLX/KTLX20230408_171213_V06,2023-04-08 17:12:13,2023-04-08 17:17:13
KTLX,s3://unidata-nexrad-level2/2023/04/08/KTLX/KTLX20230408_171915_V06,2023-04-08 17:19:15,2023-04-08 17:24:15
KTLX,s3://unidata-nexrad-level2/2023/04/08/KTLX/KTLX20230408_172617_V06,2023-04-08 17:26:17,2023-04-08 17:31:17
KTLX,s3://unidata-nexrad-level2/2023/04/08/KTLX/KTLX20230408_173317_V06,2023-04-08 17:33:17,2023-04-08 17:38:17
KTLX,s3://unidata-nexrad-level2/2023/04/08/KTLX/KTLX20230408_174018_V06,2023-04-08 17:40:18,2023-04-08 17:45:18
KTLX,s3://unidata-nexrad-level2/2023/04/08/KTLX/KTLX20230408_174719_V06,2023-04-08 17:47:19,2023-04-08 17:52:19
KTLX,s3://unidata-nexrad-level2/2023/04/08/KTLX/KTLX20230408_175421_V06,2023-04-08 17:54:21,2023-04-08 17:59:21
KTLX,s3://unidata-nexrad-level2/2023/04/08/KTLX/KTLX20230408_180122_V06,2023-04-08 18:01:22,2023-04-08 18:06:22
KTLX,s3://unidata-nexrad-level2/2023/04/08/KTLX/KTLX20230408_180824_V06,2023-04-08 18:08:24,2023-04-08 18:13:24
KTLX,s3://unidata-nexrad-level2/2023/04/08/KTLX/KTLX20230408_181527_V06,2023-04-08 18:15:27,2023-04-08 18:20:27
KTLX,s3://unidata-nexrad-level2/2023/04/08/KTLX/KTLX20230408_182230_V06,2023-04-08 18:22:30,2023-04-08 18:27:30
KTLX,s3://unidata-nexrad-level2/2023/04/08/KTLX/KTLX20230408_182931_V06,2023-04-08 18:29:31,2023-04-08 18:34:31
KTLX,s3://unidata-nexrad-level2/2023/04/08/KTLX/KTLX20230408_183627_V06,2023-04-08 18:36:27,2023-04-08 18:41:27
KTLX,s3://unidata-nexrad-level2/2023/04/08/KTLX/KTLX20230408_184329_V06,2023-04-08 18:43:29,2023-04-08 18:48:29
KTLX,s3://unidata-nexrad-level2/2023/04/08/KTLX/KTLX20230408_185031_V06,2023-04-08 18:50:31,2023-04-08 18:55:31
KTLX,s3://unidata-nexrad-level2/2023/04/08/KTLX/KTLX20230408_185732_V06,2023-04-08 18:57:32,2023-04-08 19:02:32
KTLX,s3://unidata-nexrad-level2/2023/04/08/KTLX/KTLX20230408_190434_V06,2023-04-08 19:04:34,2023-04-08 19:09:34
KTLX,s3://unidata-nexrad-level2/2023/04/08/KTLX/KTLX20230408_191137_V06,2023-04-08 19:11:37,2023-04-08 19:16:37
KTLX,s3://unidata-nexrad-level2/2023/04/08/KTLX/KTLX20230408_191840_V06,2023-04-08 19:18:40,2023-04-08 19:23:40
KTLX,s3://unidata-nexrad-level2/2023/04/08/KTLX/KTLX20230408_192541_V06,2023-04-08 19:25:41,2023-04-08 19:30:41
KTLX,s3://unidata-nexrad-level2/2023/04/08/KTLX/KTLX20230408_193244_V06,2023-04-08 19:32:44,2023-04-08 19:37:44
KTLX,s3://unidata-nexrad-level2/2023/04/08/KTLX/KTLX20230408_193946_V06,2023-04-08 19:39:46,2023-04-08 19:44:46
KTLX,s3://unidata-nexrad-level2/2023/04/08/KTLX/KTLX20230408_194642_V06,2023-04-08 19:46:42,2023-04-08 19:51:42
KTLX,s3://unidata-nexrad-level2/2023/04/08/KTLX/KTLX20230408_195337_V06,2023-04-08 19:53:37,2023-04-08 19:58:37
KTLX,s3://unidata-nexrad-level2/2023/04/08/KTLX/KTLX20230408_200039_V06,2023-04-08 20:00:39,2023-04-08 20:05:39
KTLX,s3://unidata-nexrad-level2/2023/04/08/KTLX/KTLX20230408_200741_V06,2023-04-08 20:07:41,2023-04-08 20:12:41
KTLX,s3://unidata-nexrad-level2/2023/04/08/KTLX/KTLX20230408_201444_V06,2023-04-08 20:14:44,2023-04-08 20:19:44
KTLX,s3://unidata-nexrad-level2/2023/04/08/KTLX/KTLX20230408_202145_V06,2023-04-08 20:21:45,2023-04-08 20:26:45
KTLX,s3://unidata-nexrad-level2/2023/04/08/KTLX/KTLX20230408_202847_V06,2023-04-08 20:28:47,2023-04-08 20:33:47
KTLX,s3://unidata-nexrad-level2/2023/04/08/KTLX/KTLX20230408_203550_V06,2023-04-08 20:35:50,2023-04-08 20:40:50
KTLX,s3://unidata-nexrad-level2/2023/04/08/KTLX/KTLX20230408_204253_V06,2023-04-08 20:42:53,2023-04-08 20:47:53
KTLX,s3://unidata-nexrad-level2/2023/04/08/KTLX/KTLX20230408_204955_V06,2023-04-08 20:49:55,2023-04-08 20:54:55
KTLX,s3://unidata-nexrad-level2/2023/04/08/KTLX/KTLX20230408_205658_V06,2023-04-08 20:56:58,2023-04-08 21:01:58
KTLX,s3://unidata-nexrad-level2/2023/04/08/KTLX/KTLX20230408_210359_V06,2023-04-08 21:03:59,2023-04-08 21:08:59
KTLX,s3://unidata-nexrad-level2/2023/04/08/KTLX/KTLX20230408_211102_V06,2023-04-08 21:11:02,2023-04-08 21:16:02
KTLX,s3://unidata-nexrad-level2/2023/04/08/KTLX/KTLX20230408_211758_V06,2023-04-08 21:17:58,2023-04-08 21:22:58
KTLX,s3://unidata-nexrad-level2/2023/04/08/KTLX/KTLX20230408_212500_V06,2023-04-08 21:25:00,2023-04-08 21:30:00
KTLX,s3://unidata-nexrad-level2/2023/04/08/KTLX/KTLX20230408_213156_V06,2023-04-08 21:31:56,2023-04-08 21:36:56
KTLX,s3://unidata-nexrad-level2/2023/04/08/KTLX/KTLX20230408_213858_V06,2023-04-08 21:38:58,2023-04-08 21:43:58
KTLX,s3://unidata-nexrad-level2/2023/04/08/KTLX/KTLX20230408_214554_V06,2023-04-08 21:45:54,2023-04-08 21:50:54
KTLX,s3://unidata-nexrad-level2/2023/04/08/KTLX/KTLX20230408_215249_V06,2023-04-08 21:52:49,2023-04-08 21:57:49
KTLX,s3://unidata-nexrad-level2/2023/04/08/KTLX/KTLX20230408_215952_V06,2023-04-08 21:59:52,2023-04-08 22:04:52
KTLX,s3://unidata-nexrad-level2/2023/04/08/KTLX/KTLX20230408_220654_V06,2023-04-08 22:06:54,2023-04-08 22:11:54
KTLX,s3://unidata-nexrad-level2/2023/04/08/KTLX/KTLX20230408_221356_V06,2023-04-08 22:13:56,2023-04-08 22:18:56
KTLX,s3://unidata-nexrad-level2/2023/04/08/KTLX/KTLX20230408_222053_V06,2023-04-08 22:20:53,2023-04-08 22:25:53
KTLX,s3://unidata-nexrad-level2/2023/04/08/KTLX/KTLX20230408_222754_V06,2023-04-08 22:27:54,2023-04-08 22:32:54
KTLX,s3://unidata-nexrad-level2/2023/04/08/KTLX/KTLX20230408_223456_V06,2023-04-08 22:34:56,2023-04-08 22:39:56
KTLX,s3://unidata-nexrad-level2/2023/04/08/KTLX/KTLX20230408_224159_V06,2023-04-08 22:41:59,2023-04-08 22:46:59
KTLX,s3://unidata-nexrad-level2/2023/04/08/KTLX/KTLX20230408_224902_V06,2023-04-08 22:49:02,2023-04-08 22:54:02
KTLX,s3://unidata-nexrad-level2/2023/04/08/KTLX/KTLX20230408_225604_V06,2023-04-08 22:56:04,2023-04-08 23:01:04
KTLX,s3://unidata-nexrad-level2/2023/04/08/KTLX/KTLX20230408_230307_V06,2023-04-08 23:03:07,2023-04-08 23:08:07
KTLX,s3://unidata-nexrad-level2/2023/04/08/KTLX/KTLX20230408_231009_V06,2023-04-08 23:10:09,2023-04-08 23:15:09
KTLX,s3://unidata-nexrad-level2/2023/04/08/KTLX/KTLX20230408_231711_V06,2023-04-08 23:17:11,2023-04-08 23:22:11
KTLX,s3://unidata-nexrad-level2/2023/04/08/KTLX/KTLX20230408_232412_V06,2023-04-08 23:24:12,2023-04-08 23:29:12
KTLX,s3://unidata-nexrad-level2/2023/04/08/KTLX/KTLX20230408_233115_V06,2023-04-08 23:31:15,2023-04-08 23:36:15
KTLX,s3://unidata-nexrad-level2/2023/04/08/KTLX/KTLX20230408_233817_V06,2023-04-08 23:38:17,2023-04-08 23:43:17
KTLX,s3://unidata-nexrad-level2/2023/04/08/KTLX/KTLX20230408_234520_V06,2023-04-08 23:45:20,2023-04-08 23:50:20
KTLX,s3://unidata-nexrad-level2/2023/04/08/KTLX/KTLX20230408_235222_V06,2023-04-08 23:52:22,2023-04-08 23:57:22
KTLX,s3://unidata-nexrad-level2/2023/04/08/KTLX/KTLX20230408_235924_V06,2023-04-08 23:59:24,2023-04-09 00:04:24
KTLX,s3://unidata-nexrad-level2/2023/04/09/KTLX/KTLX20230409_000626_V06,2023-04-09 00:06:26,2023-04-09 00:11:26
KTLX,s3://unidata-nexrad-level2/2023/04/09/KTLX/KTLX20230409_001328_V06,2023-04-09 00:13:28,2023-04-09 00:18:28
KTLX,s3://unidata-nexrad-level2/2023/04/09/KTLX/KTLX20230409_002030_V06,2023-04-09 00:20:30,2023-04-09 00:25:30
KTLX,s3://unidata-nexrad-level2/2023/04/09/KTLX/KTLX20230409_002732_V06,2023-04-09 00:27:32,2023-04-09 00:32:32
KTLX,s3://unidata-nexrad-level2/2023/04/09/KTLX/KTLX20230409_003434_V06,2023-04-09 00:34:34,2023-04-09 00:39:34
KTLX,s3://unidata-nexrad-level2/2023/04/09/KTLX/KTLX20230409_004137_V06,2023-04-09 00:41:37,2023-04-09 00:46:37
KTLX,s3://unidata-nexrad-level2/2023/04/09/KTLX/KTLX20230409_004948_V06,2023-04-09 00:49:48,2023-04-09 00:54:48
KTLX,s3://unidata-nexrad-level2/2023/04/09/KTLX/KTLX20230409_005649_V06,2023-04-09 00:56:49,2023-04-09 01:01:49
KTLX,s3://unidata-nexrad-level2/2023/04/09/KTLX/KTLX20230409_010352_V06,2023-04-09 01:03:52,2023-04-09 01:08:52
KTLX,s3://unidata-nexrad-level2/2023/04/09/KTLX/KTLX20230409_011055_V06,2023-04-09 01:10:55,2023-04-09 01:15:55
KTLX,s3://unidata-nexrad-level2/2023/04/09/KTLX/KTLX20230409_011757_V06,2023-04-09 01:17:57,2023-04-09 01:22:57
KTLX,s3://unidata-nexrad-level2/2023/04/09/KTLX/KTLX20230409_012458_V06,2023-04-09 01:24:58,2023-04-09 01:29:58
KTLX,s3://unidata-nexrad-level2/2023/04/09/KTLX/KTLX20230409_013200_V06,2023-04-09 01:32:00,2023-04-09 01:37:00
KTLX,s3://unidata-nexrad-level2/2023/04/09/KTLX/KTLX20230409_013902_V06,2023-04-09 01:39:02,2023-04-09 01:44:02
KTLX,s3://unidata-nexrad-level2/2023/04/09/KTLX/KTLX20230409_014604_V06,2023-04-09 01:46:04,2023-04-09 01:51:04
KTLX,s3://unidata-nexrad-level2/2023/04/09/KTLX/KTLX20230409_015306_V06,2023-04-09 01:53:06,2023-04-09 01:58:06
KTLX,s3://unidata-nexrad-level2/2023/04/09/KTLX/KTLX20230409_020007_V06,2023-04-09 02:00:07,2023-04-09 02:05:07
KTLX,s3://unidata-nexrad-level2/2023/04/09/KTLX/KTLX20230409_020709_V06,2023-04-09 02:07:09,2023-04-09 02:12:09
KTLX,s3://unidata-nexrad-level2/2023/04/09/KTLX/KTLX20230409_021412_V06,2023-04-09 02:14:12,2023-04-09 02:19:12
KTLX,s3://unidata-nexrad-level2/2023/04/09/KTLX/KTLX20230409_022114_V06,2023-04-09 02:21:14,2023-04-09 02:26:14
KTLX,s3://unidata-nexrad-level2/2023/04/09/KTLX/KTLX20230409_022816_V06,2023-04-09 02:28:16,2023-04-09 02:33:16
KTLX,s3://unidata-nexrad-level2/2023/04/09/KTLX/KTLX20230409_023518_V06,2023-04-09 02:35:18,2023-04-09 02:40:18
KTLX,s3://unidata-nexrad-level2/2023/04/09/KTLX/KTLX20230409_024220_V06,2023-04-09 02:42:20,2023-04-09 02:47:20
KTLX,s3://unidata-nexrad-level2/2023/04/09/KTLX/KTLX20230409_024921_V06,2023-04-09 02:49:21,2023-04-09 02:54:21
KTLX,s3://unidata-nexrad-level2/2023/04/09/KTLX/KTLX20230409_025623_V06,2023-04-09 02:56:23,2023-04-09 03:01:23
KTLX,s3://unidata-nexrad-level2/2023/04/09/KTLX/KTLX20230409_030324_V06,2023-04-09 03:03:24,2023-04-09 03:08:24
KTLX,s3://unidata-nexrad-level2/2023/04/09/KTLX/KTLX20230409_031025_V06,2023-04-09 03:10:25,2023-04-09 03:15:25
KTLX,s3://unidata-nexrad-level2/2023/04/09/KTLX/KTLX20230409_031726_V06,2023-04-09 03:17:26,2023-04-09 03:22:26
KTLX,s3://unidata-nexrad-level2/2023/04/09/KTLX/KTLX20230409_032429_V06,2023-04-09 03:24:29,2023-04-09 03:29:29
KTLX,s3://unidata-nexrad-level2/2023/04/09/KTLX/KTLX20230409_033131_V06,2023-04-09 03:31:31,2023-04-09 03:36:31
KTLX,s3://unidata-nexrad-level2/2023/04/09/KTLX/KTLX20230409_033833_V06,2023-04-09 03:38:33,2023-04-09 03:43:33
KTLX,s3://unidata-nexrad-level2/2023/04/09/KTLX/KTLX20230409_034535_V06,2023-04-09 03:45:35,2023-04-09 03:50:35
KTLX,s3://unidata-nexrad-level2/2023/04/09/KTLX/KTLX20230409_035236_V06,2023-04-09 03:52:36,2023-04-09 03:57:36
KTLX,s3://unidata-nexrad-level2/2023/04/09/KTLX/KTLX20230409_035938_V06,2023-04-09 03:59:38,2023-04-09 04:04:38
KTLX,s3://unidata-nexrad-level2/2023/04/09/KTLX/KTLX20230409_040640_V06,2023-04-09 04:06:40,2023-04-09 04:11:40
KTLX,s3://unidata-nexrad-level2/2023/04/09/KTLX/KTLX20230409_041342_V06,2023-04-09 04:13:42,2023-04-09 04:18:42
KTLX,s3://unidata-nexrad-level2/2023/04/09/KTLX/KTLX20230409_042043_V06,2023-04-09 04:20:43,2023-04-09 04:25:43
KTLX,s3://unidata-nexrad-level2/2023/04/09/KTLX/KTLX20230409_042745_V06,2023-04-09 04:27:45,2023-04-09 04:32:45
KTLX,s3://unidata-nexrad-level2/2023/04/09/KTLX/KTLX20230409_043447_V06,2023-04-09 04:34:47,2023-04-09 04:39:47
KTLX,s3://unidata-nexrad-level2/2023/04/09/KTLX/KTLX20230409_044149_V06,2023-04-09 04:41:49,2023-04-09 04:46:49
KTLX,s3://unidata-nexrad-level2/2023/04/09/KTLX/KTLX20230409_044849_V06,2023-04-09 04:48:49,2023-04-09 04:53:49
KTLX,s3://unidata-nexrad-level2/2023/04/09/KTLX/KTLX20230409_045551_V06,2023-04-09 04:55:51,2023-04-09 05:00:51
KTLX,s3://unidata-nexrad-level2/2023/04/09/KTLX/KTLX20230409_050253_V06,2023-04-09 05:02:53,2023-04-09 05:07:53
KTLX,s3://unidata-nexrad-level2/2023/04/09/KTLX/KTLX20230409_050954_V06,2023-04-09 05:09:54,2023-04-09 05:14:54
KTLX,s3://unidata-nexrad-level2/2023/04/09/KTLX/KTLX20230409_051655_V06,2023-04-09 05:16:55,2023-04-09 05:21:55
KTLX,s3://unidata-nexrad-level2/2023/04/09/KTLX/KTLX20230409_052355_V06,2023-04-09 05:23:55,2023-04-09 05:28:55
KTLX,s3://unidata-nexrad-level2/2023/04/09/KTLX/KTLX20230409_053057_V06,2023-04-09 05:30:57,2023-04-09 05:35:57
KTLX,s3://unidata-nexrad-level2/2023/04/09/KTLX/KTLX20230409_053759_V06,2023-04-09 05:37:59,2023-04-09 05:42:59
KTLX,s3://unidata-nexrad-level2/2023/04/09/KTLX/KTLX20230409_054501_V06,2023-04-09 05:45:01,2023-04-09 05:50:01
KTLX,s3://unidata-nexrad-level2/2023/04/09/KTLX/KTLX20230409_055203_V06,2023-04-09 05:52:03,2023-04-09 05:57:03
KTLX,s3://unidata-nexrad-level2/2023/04/09/KTLX/KTLX20230409_055905_V06,2023-04-09 05:59:05,2023-04-09 06:04:05
KTLX,s3://unidata-nexrad-level2/2023/04/09/KTLX/KTLX20230409_060607_V06,2023-04-09 06:06:07,2023-04-09 06:11:07
KTLX,s3://unidata-nexrad-level2/2023/04/09/KTLX/KTLX20230409_061309_V06,2023-04-09 06:13:09,2023-04-09 06:18:09
KTLX,s3://unidata-nexrad-level2/2023/04/09/KTLX/KTLX20230409_062011_V06,2023-04-09 06:20:11,2023-04-09 06:25:11
KTLX,s3://unidata-nexrad-level2/2023/04/09/KTLX/KTLX20230409_062713_V06,2023-04-09 06:27:13,2023-04-09 06:32:13
KTLX,s3://unidata-nexrad-level2/2023/04/09/KTLX/KTLX20230409_063415_V06,2023-04-09 06:34:15,2023-04-09 06:39:15
KTLX,s3://unidata-nexrad-level2/2023/04/09/KTLX/KTLX20230409_064118_V06,2023-04-09 06:41:18,2023-04-09 06:46:18
KTLX,s3://unidata-nexrad-level2/2023/04/09/KTLX/KTLX20230409_064820_V06,2023-04-09 06:48:20,2023-04-09 06:53:20
KTLX,s3://unidata-nexrad-level2/2023/04/09/KTLX/KTLX20230409_065522_V06,2023-04-09 06:55:22,2023-04-09 07:00:22
KTLX,s3://unidata-nexrad-level2/2023/04/09/KTLX/KTLX20230409_070224_V06,2023-04-09 07:02:24,2023-04-09 07:07:24
KTLX,s3://unidata-nexrad-level2/2023/04/09/KTLX/KTLX20230409_070927_V06,2023-04-09 07:09:27,2023-04-09 07:14:27
KTLX,s3://unidata-nexrad-level2/2023/04/09/KTLX/KTLX20230409_071628_V06,2023-04-09 07:16:28,2023-04-09 07:21:28
KTLX,s3://unidata-nexrad-level2/2023/04/09/KTLX/KTLX20230409_072330_V06,2023-04-09 07:23:30,2023-04-09 07:28:30
KTLX,s3://unidata-nexrad-level2/2023/04/09/KTLX/KTLX20230409_073032_V06,2023-04-09 07:30:32,2023-04-09 07:35:32
KTLX,s3://unidata-nexrad-level2/2023/04/09/KTLX/KTLX20230409_073734_V06,2023-04-09 07:37:34,2023-04-09 07:42:34
KTLX,s3://unidata-nexrad-level2/2023/04/09/KTLX/KTLX20230409_074434_V06,2023-04-09 07:44:34,2023-04-09 07:49:34
KTLX,s3://unidata-nexrad-level2/2023/04/09/KTLX/KTLX20230409_075135_V06,2023-04-09 07:51:35,2023-04-09 07:56:35
KTLX,s3://unidata-nexrad-level2/2023/04/09/KTLX/KTLX20230409_075836_V06,2023-04-09 07:58:36,2023-04-09 08:03:36
KTLX,s3://unidata-nexrad-level2/2023/04/09/KTLX/KTLX20230409_080538_V06,2023-04-09 08:05:38,2023-04-09 08:10:38
KTLX,s3://unidata-nexrad-level2/2023/04/09/KTLX/KTLX20230409_081241_V06,2023-04-09 08:12:41,2023-04-09 08:17:41
KTLX,s3://unidata-nexrad-level2/2023/04/09/KTLX/KTLX20230409_081942_V06,2023-04-09 08:19:42,2023-04-09 08:24:42
KTLX,s3://unidata-nexrad-level2/2023/04/09/KTLX/KTLX20230409_082645_V06,2023-04-09 08:26:45,2023-04-09 08:31:45
KTLX,s3://unidata-nexrad-level2/2023/04/09/KTLX/KTLX20230409_083348_V06,2023-04-09 08:33:48,2023-04-09 08:38:48
KTLX,s3://unidata-nexrad-level2/2023/04/09/KTLX/KTLX20230409_084048_V06,2023-04-09 08:40:48,2023-04-09 08:45:48
KTLX,s3://unidata-nexrad-level2/2023/04/09/KTLX/KTLX20230409_084750_V06,2023-04-09 08:47:50,2023-04-09 08:52:50
KTLX,s3://unidata-nexrad-level2/2023/04/09/KTLX/KTLX20230409_085602_V06,2023-04-09 08:56:02,2023-04-09 09:01:02
KTLX,s3://unidata-nexrad-level2/2023/04/09/KTLX/KTLX20230409_090304_V06,2023-04-09 09:03:04,2023-04-09 09:08:04
KTLX,s3://unidata-nexrad-level2/2023/04/09/KTLX/KTLX20230409_091005_V06,2023-04-09 09:10:05,2023-04-09 09:15:05
KTLX,s3://unidata-nexrad-level2/2023/04/09/KTLX/KTLX20230409_091707_V06,2023-04-09 09:17:07,2023-04-09 09:22:07
KTLX,s3://unidata-nexrad-level2/2023/04/09/KTLX/KTLX20230409_092409_V06,2023-04-09 09:24:09,2023-04-09 09:29:09
KTLX,s3://unidata-nexrad-level2/2023/04/09/KTLX/KTLX20230409_093111_V06,2023-04-09 09:31:11,2023-04-09 09:36:11
KTLX,s3://unidata-nexrad-level2/2023/04/09/KTLX/KTLX20230409_093813_V06,2023-04-09 09:38:13,2023-04-09 09:43:13
KTLX,s3://unidata-nexrad-level2/2023/04/09/KTLX/KTLX20230409_094513_V06,2023-04-09 09:45:13,2023-04-09 09:50:13
KTLX,s3://unidata-nexrad-level2/2023/04/09/KTLX/KTLX20230409_095214_V06,2023-04-09 09:52:14,2023-04-09 09:57:14
KTLX,s3://unidata-nexrad-level2/2023/04/09/KTLX/KTLX20230409_095916_V06,2023-04-09 09:59:16,2023-04-09 10:04:16
KTLX,s3://unidata-nexrad-level2/2023/04/09/KTLX/KTLX20230409_100618_V06,2023-04-09 10:06:18,2023-04-09 10:11:18
KTLX,s3://unidata-nexrad-level2/2023/04/09/KTLX/KTLX20230409_101320_V06,2023-04-09 10:13:20,2023-04-09 10:18:20
KTLX,s3://unidata-nexrad-level2/2023/04/09/KTLX/KTLX20230409_102021_V06,2023-04-09 10:20:21,2023-04-09 10:25:21
KTLX,s3://unidata-nexrad-level2/2023/04/09/KTLX/KTLX20230409_102722_V06,2023-04-09 10:27:22,2023-04-09 10:32:22
KTLX,s3://unidata-nexrad-level2/2023/04/09/KTLX/KTLX20230409_103424_V06,2023-04-09 10:34:24,2023-04-09 10:39:24
KTLX,s3://unidata-nexrad-level2/2023/04/09/KTLX/KTLX20230409_104124_V06,2023-04-09 10:41:24,2023-04-09 10:46:24
KTLX,s3://unidata-nexrad-level2/2023/04/09/KTLX/KTLX20230409_104825_V06,2023-04-09 10:48:25,2023-04-09 10:53:25
KTLX,s3://unidata-nexrad-level2/2023/04/09/KTLX/KTLX20230409_105527_V06,2023-04-09 10:55:27,2023-04-09 11:00:27
KTLX,s3://unidata-nexrad-level2/2023/04/09/KTLX/KTLX20230409_110229_V06,2023-04-09 11:02:29,2023-04-09 11:07:29
KTLX,s3://unidata-nexrad-level2/2023/04/09/KTLX/KTLX20230409_110932_V06,2023-04-09 11:09:32,2023-04-09 11:14:32
KTLX,s3://unidata-nexrad-level2/2023/04/09/KTLX/KTLX20230409_111633_V06,2023-04-09 11:16:33,2023-04-09 11:21:33
KTLX,s3://unidata-nexrad-level2/2023/04/09/KTLX/KTLX20230409_112335_V06,2023-04-09 11:23:35,2023-04-09 11:28:35
KTLX,s3://unidata-nexrad-level2/2023/04/09/KTLX/KTLX20230409_113036_V06,2023-04-09 11:30:36,2023-04-09 11:35:36
KTLX,s3://unidata-nexrad-level2/2023/04/09/KTLX/KTLX20230409_113733_V06,2023-04-09 11:37:33,2023-04-09 11:42:33
KTLX,s3://unidata-nexrad-level2/2023/04/09/KTLX/KTLX20230409_114428_V06,2023-04-09 11:44:28,2023-04-09 11:49:28
KTLX,s3://unidata-nexrad-level2/2023/04/09/KTLX/KTLX20230409_115124_V06,2023-04-09 11:51:24,2023-04-09 11:56:24
KTLX,s3://unidata-nexrad-level2/2023/04/09/KTLX/KTLX20230409_115820_V06,2023-04-09 11:58:20,2023-04-09 12:03:20
KTLX,s3://unidata-nexrad-level2/2023/04/09/KTLX/KTLX20230409_120515_V06,2023-04-09 12:05:15,2023-04-09 12:10:15
KTLX,s3://unidata-nexrad-level2/2023/04/09/KTLX/KTLX20230409_121217_V06,2023-04-09 12:12:17,2023-04-09 12:17:17
KTLX,s3://unidata-nexrad-level2/2023/04/09/KTLX/KTLX20230409_121912_V06,2023-04-09 12:19:12,2023-04-09 12:24:12
KTLX,s3://unidata-nexrad-level2/2023/04/09/KTLX/KTLX20230409_122603_V06,2023-04-09 12:26:03,2023-04-09 12:31:03
KTLX,s3://unidata-nexrad-level2/2023/04/09/KTLX/KTLX20230409_123254_V06,2023-04-09 12:32:54,2023-04-09 12:37:54
KTLX,s3://unidata-nexrad-level2/2023/04/09/KTLX/KTLX20230409_123944_V06,2023-04-09 12:39:44,2023-04-09 12:44:44
KTLX,s3://unidata-nexrad-level2/2023/04/09/KTLX/KTLX20230409_124633_V06,2023-04-09 12:46:33,2023-04-09 12:51:33
KTLX,s3://unidata-nexrad-level2/2023/04/09/KTLX/KTLX20230409_125323_V06,2023-04-09 12:53:23,2023-04-09 12:58:23
KTLX,s3://unidata-nexrad-level2/2023/04/09/KTLX/KTLX20230409_130014_V06,2023-04-09 13:00:14,2023-04-09 13:05:14
KTLX,s3://unidata-nexrad-level2/2023/04/09/KTLX/KTLX20230409_130705_V06,2023-04-09 13:07:05,2023-04-09 13:12:05
KTLX,s3://unidata-nexrad-level2/2023/04/09/KTLX/KTLX20230409_131355_V06,2023-04-09 13:13:55,2023-04-09 13:18:55
KTLX,s3://unidata-nexrad-level2/2023/04/09/KTLX/KTLX20230409_132046_V06,2023-04-09 13:20:46,2023-04-09 13:25:46
KTLX,s3://unidata-nexrad-level2/2023/04/09/KTLX/KTLX20230409_132729_V06,2023-04-09 13:27:29,2023-04-09 13:32:29
KTLX,s3://unidata-nexrad-level2/2023/04/09/KTLX/KTLX20230409_133411_V06,2023-04-09 13:34:11,2023-04-09 13:39:11
KTLX,s3://unidata-nexrad-level2/2023/04/09/KTLX/KTLX20230409_134058_V06,2023-04-09 13:40:58,2023-04-09 13:45:58
KTLX,s3://unidata-nexrad-level2/2023/04/09/KTLX/KTLX20230409_134740_V06,2023-04-09 13:47:40,2023-04-09 13:52:40
KTLX,s3://unidata-nexrad-level2/2023/04/09/KTLX/KTLX20230409_135422_V06,2023-04-09 13:54:22,2023-04-09 13:59:22
KTLX,s3://unidata-nexrad-level2/2023/04/09/KTLX/KTLX20230409_140105_V06,2023-04-09 14:01:05,2023-04-09 14:06:05
KTLX,s3://unidata-nexrad-level2/2023/04/09/KTLX/KTLX20230409_140751_V06,2023-04-09 14:07:51,2023-04-09 14:12:51
KTLX,s3://unidata-nexrad-level2/2023/04/09/KTLX/KTLX20230409_141437_V06,2023-04-09 14:14:37,2023-04-09 14:19:37
KTLX,s3://unidata-nexrad-level2/2023/04/09/KTLX/KTLX20230409_142123_V06,2023-04-09 14:21:23,2023-04-09 14:26:23
KTLX,s3://unidata-nexrad-level2/2023/04/09/KTLX/KTLX20230409_142810_V06,2023-04-09 14:28:10,2023-04-09 14:33:10
KTLX,s3://unidata-nexrad-level2/2023/04/09/KTLX/KTLX20230409_143452_V06,2023-04-09 14:34:52,2023-04-09 14:39:52
KTLX,s3://unidata-nexrad-level2/2023/04/09/KTLX/KTLX20230409_144134_V06,2023-04-09 14:41:34,2023-04-09 14:46:34
KTLX,s3://unidata-nexrad-level2/2023/04/09/KTLX/KTLX20230409_144817_V06,2023-04-09 14:48:17,2023-04-09 14:53:17
KTLX,s3://unidata-nexrad-level2/2023/04/09/KTLX/KTLX20230409_145459_V06,2023-04-09 14:54:59,2023-04-09 14:59:59
KTLX,s3://unidata-nexrad-level2/2023/04/09/KTLX/KTLX20230409_150141_V06,2023-04-09 15:01:41,2023-04-09 15:06:41
KTLX,s3://unidata-nexrad-level2/2023/04/09/KTLX/KTLX20230409_150823_V06,2023-04-09 15:08:23,2023-04-09 15:13:23
KTLX,s3://unidata-nexrad-level2/2023/04/09/KTLX/KTLX20230409_151505_V06,2023-04-09 15:15:05,2023-04-09 15:20:05
KTLX,s3://unidata-nexrad-level2/2023/04/09/KTLX/KTLX20230409_152147_V06,2023-04-09 15:21:47,2023-04-09 15:26:47
KTLX,s3://unidata-nexrad-level2/2023/04/09/KTLX/KTLX20230409_152829_V06,2023-04-09 15:28:29,2023-04-09 15:33:29
KTLX,s3://unidata-nexrad-level2/2023/04/09/KTLX/KTLX20230409_153511_V06,2023-04-09 15:35:11,2023-04-09 15:40:11
KTLX,s3://unidata-nexrad-level2/2023/04/09/KTLX/KTLX20230409_154152_V06,2023-04-09 15:41:52,2023-04-09 15:46:52
KTLX,s3://unidata-nexrad-level2/2023/04/09/KTLX/KTLX20230409_154834_V06,2023-04-09 15:48:34,2023-04-09 15:53:34
KTLX,s3://unidata-nexrad-level2/2023/04/09/KTLX/KTLX20230409_155516_V06,2023-04-09 15:55:16,2023-04-09 16:00:16
KTLX,s3://unidata-nexrad-level2/2023/04/09/KTLX/KTLX20230409_160158_V06,2023-04-09 16:01:58,2023-04-09 16:06:58
KTLX,s3://unidata-nexrad-level2/2023/04/09/KTLX/KTLX20230409_160839_V06,2023-04-09 16:08:39,2023-04-09 16:13:39
KTLX,s3://unidata-nexrad-level2/2023/04/09/KTLX/KTLX20230409_161522_V06,2023-04-09 16:15:22,2023-04-09 16:20:22
KTLX,s3://unidata-nexrad-level2/2023/04/09/KTLX/KTLX20230409_162205_V06,2023-04-09 16:22:05,2023-04-09 16:27:05
KTLX,s3://unidata-nexrad-level2/2023/04/09/KTLX/KTLX20230409_162848_V06,2023-04-09 16:28:48,2023-04-09 16:33:48
KTLX,s3://unidata-nexrad-level2/2023/04/09/KTLX/KTLX20230409_163530_V06,2023-04-09 16:35:30,2023-04-09 16:40:30
KTLX,s3://unidata-nexrad-level2/2023/04/09/KTLX/KTLX20230409_164213_V06,2023-04-09 16:42:13,2023-04-09 16:47:13
KTLX,s3://unidata-nexrad-level2/2023/04/09/KTLX/KTLX20230409_164855_V06,2023-04-09 16:48:55,2023-04-09 16:53:55
KTLX,s3://unidata-nexrad-level2/2023/04/09/KTLX/KTLX20230409_165650_V06,2023-04-09 16:56:50,2023-04-09 17:01:50
KTLX,s3://unidata-nexrad-level2/2023/04/09/KTLX/KTLX20230409_170333_V06,2023-04-09 17:03:33,2023-04-09 17:08:33
KTLX,s3://unidata-nexrad-level2/2023/04/09/KTLX/KTLX20230409_171015_V06,2023-04-09 17:10:15,2023-04-09 17:15:15
KTLX,s3://unidata-nexrad-level2/2023/04/09/KTLX/KTLX20230409_171658_V06,2023-04-09 17:16:58,2023-04-09 17:21:58
KTLX,s3://unidata-nexrad-level2/2023/04/09/KTLX/KTLX20230409_172341_V06,2023-04-09 17:23:41,2023-04-09 17:28:41
KTLX,s3://unidata-nexrad-level2/2023/04/09/KTLX/KTLX20230409_173025_V06,2023-04-09 17:30:25,2023-04-09 17:35:25
KTLX,s3://unidata-nexrad-level2/2023/04/09/KTLX/KTLX20230409_173708_V06,2023-04-09 17:37:08,2023-04-09 17:42:08
KTLX,s3://unidata-nexrad-level2/2023/04/09/KTLX/KTLX20230409_174350_V06,2023-04-09 17:43:50,2023-04-09 17:48:50
KTLX,s3://unidata-nexrad-level2/2023/04/09/KTLX/KTLX20230409_175033_V06,2023-04-09 17:50:33,2023-04-09 17:55:33
KTLX,s3://unidata-nexrad-level2/2023/04/09/KTLX/KTLX20230409_175715_V06,2023-04-09 17:57:15,2023-04-09 18:02:15
KTLX,s3://unidata-nexrad-level2/2023/04/09/KTLX/KTLX20230409_180358_V06,2023-04-09 18:03:58,2023-04-09 18:08:58
KTLX,s3://unidata-nexrad-level2/2023/04/09/KTLX/KTLX20230409_181040_V06,2023-04-09 18:10:40,2023-04-09 18:15:40
KTLX,s3://unidata-nexrad-level2/2023/04/09/KTLX/KTLX20230409_181723_V06,2023-04-09 18:17:23,2023-04-09 18:22:23
KTLX,s3://unidata-nexrad-level2/2023/04/09/KTLX/KTLX20230409_182405_V06,2023-04-09 18:24:05,2023-04-09 18:29:05
KTLX,s3://unidata-nexrad-level2/2023/04/09/KTLX/KTLX20230409_183048_V06,2023-04-09 18:30:48,2023-04-09 18:35:48
KTLX,s3://unidata-nexrad-level2/2023/04/09/KTLX/KTLX20230409_183730_V06,2023-04-09 18:37:30,2023-04-09 18:42:30
KTLX,s3://unidata-nexrad-level2/2023/04/09/KTLX/KTLX20230409_184412_V06,2023-04-09 18:44:12,2023-04-09 18:49:12
KTLX,s3://unidata-nexrad-level2/2023/04/09/KTLX/KTLX20230409_185056_V06,2023-04-09 18:50:56,2023-04-09 18:55:56
KTLX,s3://unidata-nexrad-level2/2023/04/09/KTLX/KTLX20230409_185739_V06,2023-04-09 18:57:39,2023-04-09 19:02:39
KTLX,s3://unidata-nexrad-level2/2023/04/09/KTLX/KTLX20230409_190421_V06,2023-04-09 19:04:21,2023-04-09 19:09:21
KTLX,s3://unidata-nexrad-level2/2023/04/09/KTLX/KTLX20230409_191104_V06,2023-04-09 19:11:04,2023-04-09 19:16:04
KTLX,s3://unidata-nexrad-level2/2023/04/09/KTLX/KTLX20230409_191747_V06,2023-04-09 19:17:47,2023-04-09 19:22:47
KTLX,s3://unidata-nexrad-level2/2023/04/09/KTLX/KTLX20230409_192430_V06,2023-04-09 19:24:30,2023-04-09 19:29:30
KTLX,s3://unidata-nexrad-level2/2023/04/09/KTLX/KTLX20230409_193113_V06,2023-04-09 19:31:13,2023-04-09 19:36:13
KTLX,s3://unidata-nexrad-level2/2023/04/09/KTLX/KTLX20230409_193754_V06,2023-04-09 19:37:54,2023-04-09 19:42:54
KTLX,s3://unidata-nexrad-level2/2023/04/09/KTLX/KTLX20230409_194437_V06,2023-04-09 19:44:37,2023-04-09 19:49:37
KTLX,s3://unidata-nexrad-level2/2023/04/09/KTLX/KTLX20230409_195121_V06,2023-04-09 19:51:21,2023-04-09 19:56:21
KTLX,s3://unidata-nexrad-level2/2023/04/09/KTLX/KTLX20230409_195803_V06,2023-04-09 19:58:03,2023-04-09 20:03:03
KTLX,s3://unidata-nexrad-level2/2023/04/09/KTLX/KTLX20230409_200447_V06,2023-04-09 20:04:47,2023-04-09 20:09:47
KTLX,s3://unidata-nexrad-level2/2023/04/09/KTLX/KTLX20230409_201130_V06,2023-04-09 20:11:30,2023-04-09 20:16:30
KTLX,s3://unidata-nexrad-level2/2023/04/09/KTLX/KTLX20230409_201813_V06,2023-04-09 20:18:13,2023-04-09 20:23:13
KTLX,s3://unidata-nexrad-level2/2023/04/09/KTLX/KTLX20230409_202515_V06,2023-04-09 20:25:15,2023-04-09 20:30:15
KTLX,s3://unidata-nexrad-level2/2023/04/09/KTLX/KTLX20230409_203217_V06,2023-04-09 20:32:17,2023-04-09 20:37:17
KTLX,s3://unidata-nexrad-level2/2023/04/09/KTLX/KTLX20230409_203919_V06,2023-04-09 20:39:19,2023-04-09 20:44:19
KTLX,s3://unidata-nexrad-level2/2023/04/09/KTLX/KTLX20230409_204622_V06,2023-04-09 20:46:22,2023-04-09 20:51:22
KTLX,s3://unidata-nexrad-level2/2023/04/09/KTLX/KTLX20230409_205324_V06,2023-04-09 20:53:24,2023-04-09 20:58:24
KTLX,s3://unidata-nexrad-level2/2023/04/09/KTLX/KTLX20230409_210025_V06,2023-04-09 21:00:25,2023-04-09 21:05:25
KTLX,s3://unidata-nexrad-level2/2023/04/09/KTLX/KTLX20230409_210721_V06,2023-04-09 21:07:21,2023-04-09 21:12:21
KTLX,s3://unidata-nexrad-level2/2023/04/09/KTLX/KTLX20230409_211408_V06,2023-04-09 21:14:08,2023-04-09 21:19:08
KTLX,s3://unidata-nexrad-level2/2023/04/09/KTLX/KTLX20230409_212059_V06,2023-04-09 21:20:59,2023-04-09 21:25:59
KTLX,s3://unidata-nexrad-level2/2023/04/09/KTLX/KTLX20230409_212751_V06,2023-04-09 21:27:51,2023-04-09 21:32:51
KTLX,s3://unidata-nexrad-level2/2023/04/09/KTLX/KTLX20230409_213442_V06,2023-04-09 21:34:42,2023-04-09 21:39:42
KTLX,s3://unidata-nexrad-level2/2023/04/09/KTLX/KTLX20230409_214132_V06,2023-04-09 21:41:32,2023-04-09 21:44:56
KTLX,s3://unidata-nexrad-level2/2023/04/09/KTLX/KTLX20230409_214456_V06,2023-04-09 21:44:56,2023-04-09 21:48:10
KTLX,s3://unidata-nexrad-level2/2023/04/09/KTLX/KTLX20230409_214810_V06,2023-04-09 21:48:10,2023-04-09 21:51:37
KTLX,s3://unidata-nexrad-level2/2023/04/09/KTLX/KTLX20230409_215137_V06,2023-04-09 21:51:37,2023-04-09 21:55:03
KTLX,s3://unidata-nexrad-level2/2023/04/09/KTLX/KTLX20230409_215503_V06,2023-04-09 21:55:03,2023-04-09 21:58:31
KTLX,s3://unidata-nexrad-level2/2023/04/09/KTLX/KTLX20230409_215831_V06,2023-04-09 21:58:31,2023-04-09 22:02:20
KTLX,s3://unidata-nexrad-level2/2023/04/09/KTLX/KTLX20230409_220220_V06,2023-04-09 22:02:20,2023-04-09 22:06:09
KTLX,s3://unidata-nexrad-level2/2023/04/09/KTLX/KTLX20230409_220609_V06,2023-04-09 22:06:09,2023-04-09 22:09:40
KTLX,s3://unidata-nexrad-level2/2023/04/09/KTLX/KTLX20230409_220940_V06,2023-04-09 22:09:40,2023-04-09 22:13:42
KTLX,s3://unidata-nexrad-level2/2023/04/09/KTLX/KTLX20230409_221342_V06,2023-04-09 22:13:42,2023-04-09 22:17:30
KTLX,s3://unidata-nexrad-level2/2023/04/09/KTLX/KTLX20230409_221730_V06,2023-04-09 22:17:30,2023-04-09 22:21:32
KTLX,s3://unidata-nexrad-level2/2023/04/09/KTLX/KTLX20230409_222132_V06,2023-04-09 22:21:32,2023-04-09 22:25:33
KTLX,s3://unidata-nexrad-level2/2023/04/09/KTLX/KTLX20230409_222533_V06,2023-04-09 22:25:33,2023-04-09 22:29:17
KTLX,s3://unidata-nexrad-level2/2023/04/09/KTLX/KTLX20230409_222917_V06,2023-04-09 22:29:17,2023-04-09 22:33:18
KTLX,s3://unidata-nexrad-level2/2023/04/09/KTLX/KTLX20230409_223318_V06,2023-04-09 22:33:18,2023-04-09 22:37:32
KTLX,s3://unidata-nexrad-level2/2023/04/09/KTLX/KTLX20230409_223732_V06,2023-04-09 22:37:32,2023-04-09 22:41:32
KTLX,s3://unidata-nexrad-level2/2023/04/09/KTLX/KTLX20230409_224132_V06,2023-04-09 22:41:32,2023-04-09 22:45:48
KTLX,s3://unidata-nexrad-level2/2023/04/09/KTLX/KTLX20230409_224548_V06,2023-04-09 22:45:48,2023-04-09 22:49:54
KTLX,s3://unidata-nexrad-level2/2023/04/09/KTLX/KTLX20230409_224954_V06,2023-04-09 22:49:54,2023-04-09 22:54:01
KTLX,s3://unidata-nexrad-level2/2023/04/09/KTLX/KTLX20230409_225401_V06,2023-04-09 22:54:01,2023-04-09 22:58:08
KTLX,s3://unidata-nexrad-level2/2023/04/09/KTLX/KTLX20230409_225808_V06,2023-04-09 22:58:08,2023-04-09 23:02:19
KTLX,s3://unidata-nexrad-level2/2023/04/09/KTLX/KTLX20230409_230219_V06,2023-04-09 23:02:19,2023-04-09 23:06:16
KTLX,s3://unidata-nexrad-level2/2023/04/09/KTLX/KTLX20230409_230616_V06,2023-04-09 23:06:16,2023-04-09 23:10:23
KTLX,s3://unidata-nexrad-level2/2023/04/09/KTLX/KTLX20230409_231023_V06,2023-04-09 23:10:23,2023-04-09 23:14:29
KTLX,s3://unidata-nexrad-level2/2023/04/09/KTLX/KTLX20230409_231429_V06,2023-04-09 23:14:29,2023-04-09 23:18:39
KTLX,s3://unidata-nexrad-level2/2023/04/09/KTLX/KTLX20230409_231839_V06,2023-04-09 23:18:39,2023-04-09 23:22:46
KTLX,s3://unidata-nexrad-level2/2023/04/09/KTLX/KTLX20230409_232246_V06,2023-04-09 23:22:46,2023-04-09 23:26:53
KTLX,s3://unidata-nexrad-level2/2023/04/09/KTLX/KTLX20230409_232653_V06,2023-04-09 23:26:53,2023-04-09 23:31:01
KTLX,s3://unidata-nexrad-level2/2023/04/09/KTLX/KTLX20230409_233101_V06,2023-04-09 23:31:01,2023-04-09 23:35:08
KTLX,s3://unidata-nexrad-level2/2023/04/09/KTLX/KTLX20230409_233508_V06,2023-04-09 23:35:08,2023-04-09 23:39:15
KTLX,s3://unidata-nexrad-level2/2023/04/09/KTLX/KTLX20230409_233915_V06,2023-04-09 23:39:15,2023-04-09 23:43:23
KTLX,s3://unidata-nexrad-level2/2023/04/09/KTLX/KTLX20230409_234323_V06,2023-04-09 23:43:23,2023-04-09 23:47:30
KTLX,s3://unidata-nexrad-level2/2023/04/09/KTLX/KTLX20230409_234730_V06,2023-04-09 23:47:30,2023-04-09 23:51:38
KTLX,s3://unidata-nexrad-level2/2023/04/09/KTLX/KTLX20230409_235138_V06,2023-04-09 23:51:38,2023-04-09 23:55:44
KTLX,s3://unidata-nexrad-level2/2023/04/09/KTLX/KTLX20230409_235544_V06,2023-04-09 23:55:44,2023-04-09 23:59:52
KTLX,s3://unidata-nexrad-level2/2023/04/09/KTLX/KTLX20230409_235952_V06,2023-04-09 23:59:52,2023-04-10 00:03:59
KTLX,s3://unidata-nexrad-level2/2023/04/10/KTLX/KTLX20230410_000359_V06,2023-04-10 00:03:59,2023-04-10 00:08:07
KTLX,s3://unidata-nexrad-level2/2023/04/10/KTLX/KTLX20230410_000807_V06,2023-04-10 00:08:07,2023-04-10 00:12:16
KTLX,s3://unidata-nexrad-level2/2023/04/10/KTLX/KTLX20230410_001216_V06,2023-04-10 00:12:16,2023-04-10 00:16:22
KTLX,s3://unidata-nexrad-level2/2023/04/10/KTLX/KTLX20230410_001622_V06,2023-04-10 00:16:22,2023-04-10 00:20:29
KTLX,s3://unidata-nexrad-level2/2023/04/10/KTLX/KTLX20230410_002029_V06,2023-04-10 00:20:29,2023-04-10 00:24:36
KTLX,s3://unidata-nexrad-level2/2023/04/10/KTLX/KTLX20230410_002436_V06,2023-04-10 00:24:36,2023-04-10 00:28:44
KTLX,s3://unidata-nexrad-level2/2023/04/10/KTLX/KTLX20230410_002844_V06,2023-04-10 00:28:44,2023-04-10 00:32:51
KTLX,s3://unidata-nexrad-level2/2023/04/10/KTLX/KTLX20230410_003251_V06,2023-04-10 00:32:51,2023-04-10 00:36:58
KTLX,s3://unidata-nexrad-level2/2023/04/10/KTLX/KTLX20230410_003658_V06,2023-04-10 00:36:58,2023-04-10 00:41:05
KTLX,s3://unidata-nexrad-level2/2023/04/10/KTLX/KTLX20230410_004105_V06,2023-04-10 00:41:05,2023-04-10 00:45:20
KTLX,s3://unidata-nexrad-level2/2023/04/10/KTLX/KTLX20230410_004520_V06,2023-04-10 00:45:20,2023-04-10 00:49:33
KTLX,s3://unidata-nexrad-level2/2023/04/10/KTLX/KTLX20230410_004933_V06,2023-04-10 00:49:33,2023-04-10 00:53:48
KTLX,s3://unidata-nexrad-level2/2023/04/10/KTLX/KTLX20230410_005348_V06,2023-04-10 00:53:48,2023-04-10 00:58:48
KTLX,s3://unidata-nexrad-level2/2023/04/10/KTLX/KTLX20230410_005917_V06,2023-04-10 00:59:17,2023-04-10 01:03:32
KTLX,s3://unidata-nexrad-level2/2023/04/10/KTLX/KTLX20230410_010332_V06,2023-04-10 01:03:32,2023-04-10 01:07:47
KTLX,s3://unidata-nexrad-level2/2023/04/10/KTLX/KTLX20230410_010747_V06,2023-04-10 01:07:47,2023-04-10 01:12:01
KTLX,s3://unidata-nexrad-level2/2023/04/10/KTLX/KTLX20230410_011201_V06,2023-04-10 01:12:01,2023-04-10 01:16:16
KTLX,s3://unidata-nexrad-level2/2023/04/10/KTLX/KTLX20230410_011616_V06,2023-04-10 01:16:16,2023-04-10 01:20:30
KTLX,s3://unidata-nexrad-level2/2023/04/10/KTLX/KTLX20230410_012030_V06,2023-04-10 01:20:30,2023-04-10 01:24:44
KTLX,s3://unidata-nexrad-level2/2023/04/10/KTLX/KTLX20230410_012444_V06,2023-04-10 01:24:44,2023-04-10 01:28:58
KTLX,s3://unidata-nexrad-level2/2023/04/10/KTLX/KTLX20230410_012858_V06,2023-04-10 01:28:58,2023-04-10 01:33:12
KTLX,s3://unidata-nexrad-level2/2023/04/10/KTLX/KTLX20230410_013312_V06,2023-04-10 01:33:12,2023-04-10 01:37:19
KTLX,s3://unidata-nexrad-level2/2023/04/10/KTLX/KTLX20230410_013719_V06,2023-04-10 01:37:19,2023-04-10 01:41:27
KTLX,s3://unidata-nexrad-level2/2023/04/10/KTLX/KTLX20230410_014127_V06,2023-04-10 01:41:27,2023-04-10 01:45:33
KTLX,s3://unidata-nexrad-level2/2023/04/10/KTLX/KTLX20230410_014533_V06,2023-04-10 01:45:33,2023-04-10 01:49:40
KTLX,s3://unidata-nexrad-level2/2023/04/10/KTLX/KTLX20230410_014940_V06,2023-04-10 01:49:40,2023-04-10 01:53:47
KTLX,s3://unidata-nexrad-level2/2023/04/10/KTLX/KTLX20230410_015347_V06,2023-04-10 01:53:47,2023-04-10 01:57:54
KTLX,s3://unidata-nexrad-level2/2023/04/10/KTLX/KTLX20230410_015754_V06,2023-04-10 01:57:54,2023-04-10 02:01:48
KTLX,s3://unidata-nexrad-level2/2023/04/10/KTLX/KTLX20230410_020148_V06,2023-04-10 02:01:48,2023-04-10 02:05:43
KTLX,s3://unidata-nexrad-level2/2023/04/10/KTLX/KTLX20230410_020543_V06,2023-04-10 02:05:43,2023-04-10 02:09:39
KTLX,s3://unidata-nexrad-level2/2023/04/10/KTLX/KTLX20230410_020939_V06,2023-04-10 02:09:39,2023-04-10 02:14:39
KTLX,s3://unidata-nexrad-level2/2023/04/10/KTLX/KTLX20230410_021634_V06,2023-04-10 02:16:34,2023-04-10 02:21:34
KTLX,s3://unidata-nexrad-level2/2023/04/10/KTLX/KTLX20230410_022324_V06,2023-04-10 02:23:24,2023-04-10 02:28:24
KTLX,s3://unidata-nexrad-level2/2023/04/10/KTLX/KTLX20230410_023017_V06,2023-04-10 02:30:17,2023-04-10 02:35:17
KTLX,s3://unidata-nexrad-level2/2023/04/10/KTLX/KTLX20230410_023712_V06,2023-04-10 02:37:12,2023-04-10 02:42:12
KTLX,s3://unidata-nexrad-level2/2023/04/10/KTLX/KTLX20230410_024406_V06,2023-04-10 02:44:06,2023-04-10 02:49:06
KTLX,s3://unidata-nexrad-level2/2023/04/10/KTLX/KTLX20230410_025100_V06,2023-04-10 02:51:00,2023-04-10 02:56:00
KTLX,s3://unidata-nexrad-level2/2023/04/10/KTLX/KTLX20230410_025755_V06,2023-04-10 02:57:55,2023-04-10 03:02:55
KTLX,s3://unidata-nexrad-level2/2023/04/10/KTLX/KTLX20230410_030455_V06,2023-04-10 03:04:55,2023-04-10 03:09:55
KTLX,s3://unidata-nexrad-level2/2023/04/10/KTLX/KTLX20230410_031157_V06,2023-04-10 03:11:57,2023-04-10 03:16:57
KTLX,s3://unidata-nexrad-level2/2023/04/10/KTLX/KTLX20230410_031858_V06,2023-04-10 03:18:58,2023-04-10 03:23:58
KTLX,s3://unidata-nexrad-level2/2023/04/10/KTLX/KTLX20230410_032558_V06,2023-04-10 03:25:58,2023-04-10 03:30:58
KTLX,s3://unidata-nexrad-level2/2023/04/10/KTLX/KTLX20230410_033300_V06,2023-04-10 03:33:00,2023-04-10 03:38:00
KTLX,s3://unidata-nexrad-level2/2023/04/10/KTLX/KTLX20230410_034001_V06,2023-04-10 03:40:01,2023-04-10 03:45:01
KTLX,s3://unidata-nexrad-level2/2023/04/10/KTLX/KTLX20230410_034704_V06,2023-04-10 03:47:04,2023-04-10 03:52:04
KTLX,s3://unidata-nexrad-level2/2023/04/10/KTLX/KTLX20230410_035406_V06,2023-04-10 03:54:06,2023-04-10 03:59:06
KTLX,s3://unidata-nexrad-level2/2023/04/10/KTLX/KTLX20230410_040106_V06,2023-04-10 04:01:06,2023-04-10 04:06:06
KTLX,s3://unidata-nexrad-level2/2023/04/10/KTLX/KTLX20230410_040807_V06,2023-04-10 04:08:07,2023-04-10 04:13:07
KTLX,s3://unidata-nexrad-level2/2023/04/10/KTLX/KTLX20230410_041509_V06,2023-04-10 04:15:09,2023-04-10 04:20:09
KTLX,s3://unidata-nexrad-level2/2023/04/10/KTLX/KTLX20230410_042211_V06,2023-04-10 04:22:11,2023-04-10 04:27:11
KTLX,s3://unidata-nexrad-level2/2023/04/10/KTLX/KTLX20230410_042912_V06,2023-04-10 04:29:12,2023-04-10 04:34:12
KTLX,s3://unidata-nexrad-level2/2023/04/10/KTLX/KTLX20230410_043615_V06,2023-04-10 04:36:15,2023-04-10 04:41:15
KTLX,s3://unidata-nexrad-level2/2023/04/10/KTLX/KTLX20230410_044317_V06,2023-04-10 04:43:17,2023-04-10 04:48:17
KTLX,s3://unidata-nexrad-level2/2023/04/10/KTLX/KTLX20230410_045019_V06,2023-04-10 04:50:19,2023-04-10 04:55:19
KTLX,s3://unidata-nexrad-level2/2023/04/10/KTLX/KTLX20230410_045721_V06,2023-04-10 04:57:21,2023-04-10 05:02:21
KTLX,s3://unidata-nexrad-level2/2023/04/10/KTLX/KTLX20230410_050423_V06,2023-04-10 05:04:23,2023-04-10 05:09:23
KTLX,s3://unidata-nexrad-level2/2023/04/10/KTLX/KTLX20230410_051124_V06,2023-04-10 05:11:24,2023-04-10 05:16:24
KTLX,s3://unidata-nexrad-level2/2023/04/10/KTLX/KTLX20230410_051826_V06,2023-04-10 05:18:26,2023-04-10 05:23:26
KTLX,s3://unidata-nexrad-level2/2023/04/10/KTLX/KTLX20230410_052529_V06,2023-04-10 05:25:29,2023-04-10 05:30:29
KTLX,s3://unidata-nexrad-level2/2023/04/10/KTLX/KTLX20230410_053230_V06,2023-04-10 05:32:30,2023-04-10 05:37:30
KTLX,s3://unidata-nexrad-level2/2023/04/10/KTLX/KTLX20230410_053933_V06,2023-04-10 05:39:33,2023-04-10 05:44:33
KTLX,s3://unidata-nexrad-level2/2023/04/10/KTLX/KTLX20230410_054634_V06,2023-04-10 05:46:34,2023-04-10 05:51:34
KTLX,s3://unidata-nexrad-level2/2023/04/10/KTLX/KTLX20230410_055337_V06,2023-04-10 05:53:37,2023-04-10 05:58:37
KTLX,s3://unidata-nexrad-level2/2023/04/10/KTLX/KTLX20230410_060039_V06,2023-04-10 06:00:39,2023-04-10 06:05:39
KTLX,s3://unidata-nexrad-level2/2023/04/10/KTLX/KTLX20230410_060741_V06,2023-04-10 06:07:41,2023-04-10 06:12:41
KTLX,s3://unidata-nexrad-level2/2023/04/10/KTLX/KTLX20230410_061443_V06,2023-04-10 06:14:43,2023-04-10 06:19:43
KTLX,s3://unidata-nexrad-level2/2023/04/10/KTLX/KTLX20230410_062144_V06,2023-04-10 06:21:44,2023-04-10 06:26:44
KTLX,s3://unidata-nexrad-level2/2023/04/10/KTLX/KTLX20230410_062844_V06,2023-04-10 06:28:44,2023-04-10 06:33:44
KTLX,s3://unidata-nexrad-level2/2023/04/10/KTLX/KTLX20230410_063546_V06,2023-04-10 06:35:46,2023-04-10 06:40:46
KTLX,s3://unidata-nexrad-level2/2023/04/10/KTLX/KTLX20230410_064248_V06,2023-04-10 06:42:48,2023-04-10 06:47:48
KTLX,s3://unidata-nexrad-level2/2023/04/10/KTLX/KTLX20230410_064949_V06,2023-04-10 06:49:49,2023-04-10 06:54:49
KTLX,s3://unidata-nexrad-level2/2023/04/10/KTLX/KTLX20230410_065651_V06,2023-04-10 06:56:51,2023-04-10 07:01:51
KTLX,s3://unidata-nexrad-level2/2023/04/10/KTLX/KTLX20230410_070352_V06,2023-04-10 07:03:52,2023-04-10 07:08:52
KTLX,s3://unidata-nexrad-level2/2023/04/10/KTLX/KTLX20230410_071054_V06,2023-04-10 07:10:54,2023-04-10 07:15:54
KTLX,s3://unidata-nexrad-level2/2023/04/10/KTLX/KTLX20230410_071755_V06,2023-04-10 07:17:55,2023-04-10 07:22:55
KTLX,s3://unidata-nexrad-level2/2023/04/10/KTLX/KTLX20230410_072457_V06,2023-04-10 07:24:57,2023-04-10 07:29:57
KTLX,s3://unidata-nexrad-level2/2023/04/10/KTLX/KTLX20230410_073159_V06,2023-04-10 07:31:59,2023-04-10 07:36:59
KTLX,s3://unidata-nexrad-level2/2023/04/10/KTLX/KTLX20230410_073901_V06,2023-04-10 07:39:01,2023-04-10 07:44:01
KTLX,s3://unidata-nexrad-level2/2023/04/10/KTLX/KTLX20230410_074601_V06,2023-04-10 07:46:01,2023-04-10 07:51:01
KTLX,s3://unidata-nexrad-level2/2023/04/10/KTLX/KTLX20230410_075302_V06,2023-04-10 07:53:02,2023-04-10 07:58:02
KTLX,s3://unidata-nexrad-level2/2023/04/10/KTLX/KTLX20230410_080005_V06,2023-04-10 08:00:05,2023-04-10 08:05:05
KTLX,s3://unidata-nexrad-level2/2023/04/10/KTLX/KTLX20230410_080706_V06,2023-04-10 08:07:06,2023-04-10 08:12:06
KTLX,s3://unidata-nexrad-level2/2023/04/10/KTLX/KTLX20230410_081407_V06,2023-04-10 08:14:07,2023-04-10 08:19:07
KTLX,s3://unidata-nexrad-level2/2023/04/10/KTLX/KTLX20230410_082110_V06,2023-04-10 08:21:10,2023-04-10 08:26:10
KTLX,s3://unidata-nexrad-level2/2023/04/10/KTLX/KTLX20230410_082811_V06,2023-04-10 08:28:11,2023-04-10 08:33:11
KTLX,s3://unidata-nexrad-level2/2023/04/10/KTLX/KTLX20230410_083511_V06,2023-04-10 08:35:11,2023-04-10 08:40:11
KTLX,s3://unidata-nexrad-level2/2023/04/10/KTLX/KTLX20230410_084212_V06,2023-04-10 08:42:12,2023-04-10 08:47:12
KTLX,s3://unidata-nexrad-level2/2023/04/10/KTLX/KTLX20230410_084915_V06,2023-04-10 08:49:15,2023-04-10 08:54:15
KTLX,s3://unidata-nexrad-level2/2023/04/10/KTLX/KTLX20230410_085618_V06,2023-04-10 08:56:18,2023-04-10 09:01:18
KTLX,s3://unidata-nexrad-level2/2023/04/10/KTLX/KTLX20230410_090431_V06,2023-04-10 09:04:31,2023-04-10 09:09:31
KTLX,s3://unidata-nexrad-level2/2023/04/10/KTLX/KTLX20230410_091134_V06,2023-04-10 09:11:34,2023-04-10 09:16:34
KTLX,s3://unidata-nexrad-level2/2023/04/10/KTLX/KTLX20230410_091835_V06,2023-04-10 09:18:35,2023-04-10 09:23:35
KTLX,s3://unidata-nexrad-level2/2023/04/10/KTLX/KTLX20230410_092537_V06,2023-04-10 09:25:37,2023-04-10 09:30:37
KTLX,s3://unidata-nexrad-level2/2023/04/10/KTLX/KTLX20230410_093239_V06,2023-04-10 09:32:39,2023-04-10 09:37:39
KTLX,s3://unidata-nexrad-level2/2023/04/10/KTLX/KTLX20230410_093939_V06,2023-04-10 09:39:39,2023-04-10 09:44:39
KTLX,s3://unidata-nexrad-level2/2023/04/10/KTLX/KTLX20230410_094641_V06,2023-04-10 09:46:41,2023-04-10 09:51:41
KTLX,s3://unidata-nexrad-level2/2023/04/10/KTLX/KTLX20230410_095343_V06,2023-04-10 09:53:43,2023-04-10 09:58:43
KTLX,s3://unidata-nexrad-level2/2023/04/10/KTLX/KTLX20230410_100044_V06,2023-04-10 10:00:44,2023-04-10 10:05:44
KTLX,s3://unidata-nexrad-level2/2023/04/10/KTLX/KTLX20230410_100745_V06,2023-04-10 10:07:45,2023-04-10 10:12:45
KTLX,s3://unidata-nexrad-level2/2023/04/10/KTLX/KTLX20230410_101447_V06,2023-04-10 10:14:47,2023-04-10 10:19:47
KTLX,s3://unidata-nexrad-level2/2023/04/10/KTLX/KTLX20230410_102148_V06,2023-04-10 10:21:48,2023-04-10 10:26:48
KTLX,s3://unidata-nexrad-level2/2023/04/10/KTLX/KTLX20230410_102850_V06,2023-04-10 10:28:50,2023-04-10 10:33:50
KTLX,s3://unidata-nexrad-level2/2023/04/10/KTLX/KTLX20230410_103552_V06,2023-04-10 10:35:52,2023-04-10 10:40:52
KTLX,s3://unidata-nexrad-level2/2023/04/10/KTLX/KTLX20230410_104253_V06,2023-04-10 10:42:53,2023-04-10 10:47:53
KTLX,s3://unidata-nexrad-level2/2023/04/10/KTLX/KTLX20230410_104955_V06,2023-04-10 10:49:55,2023-04-10 10:54:55
KTLX,s3://unidata-nexrad-level2/2023/04/10/KTLX/KTLX20230410_105656_V06,2023-04-10 10:56:56,2023-04-10 11:01:56
KTLX,s3://unidata-nexrad-level2/2023/04/10/KTLX/KTLX20230410_110357_V06,2023-04-10 11:03:57,2023-04-10 11:08:57
KTLX,s3://unidata-nexrad-level2/2023/04/10/KTLX/KTLX20230410_111058_V06,2023-04-10 11:10:58,2023-04-10 11:15:58
KTLX,s3://unidata-nexrad-level2/2023/04/10/KTLX/KTLX20230410_111759_V06,2023-04-10 11:17:59,2023-04-10 11:22:59
KTLX,s3://unidata-nexrad-level2/2023/04/10/KTLX/KTLX20230410_112500_V06,2023-04-10 11:25:00,2023-04-10 11:30:00
KTLX,s3://unidata-nexrad-level2/2023/04/10/KTLX/KTLX20230410_113200_V06,2023-04-10 11:32:00,2023-04-10 11:37:00
KTLX,s3://unidata-nexrad-level2/2023/04/10/KTLX/KTLX20230410_113901_V06,2023-04-10 11:39:01,2023-04-10 11:44:01
KTLX,s3://unidata-nexrad-level2/2023/04/10/KTLX/KTLX20230410_114602_V06,2023-04-10 11:46:02,2023-04-10 11:51:02
KTLX,s3://unidata-nexrad-level2/2023/04/10/KTLX/KTLX20230410_115248_V06,2023-04-10 11:52:48,2023-04-10 11:57:48
KTLX,s3://unidata-nexrad-level2/2023/04/10/KTLX/KTLX20230410_115930_V06,2023-04-10 11:59:30,2023-04-10 12:04:30
KTLX,s3://unidata-nexrad-level2/2023/04/10/KTLX/KTLX20230410_120617_V06,2023-04-10 12:06:17,2023-04-10 12:11:17
KTLX,s3://unidata-nexrad-level2/2023/04/10/KTLX/KTLX20230410_121312_V06,2023-04-10 12:13:12,2023-04-10 12:18:12
KTLX,s3://unidata-nexrad-level2/2023/04/10/KTLX/KTLX20230410_122007_V06,2023-04-10 12:20:07,2023-04-10 12:25:07
KTLX,s3://unidata-nexrad-level2/2023/04/10/KTLX/KTLX20230410_122654_V06,2023-04-10 12:26:54,2023-04-10 12:31:54
KTLX,s3://unidata-nexrad-level2/2023/04/10/KTLX/KTLX20230410_123348_V06,2023-04-10 12:33:48,2023-04-10 12:38:48
KTLX,s3://unidata-nexrad-level2/2023/04/10/KTLX/KTLX20230410_124051_V06,2023-04-10 12:40:51,2023-04-10 12:45:51
KTLX,s3://unidata-nexrad-level2/2023/04/10/KTLX/KTLX20230410_124747_V06,2023-04-10 12:47:47,2023-04-10 12:52:47
KTLX,s3://unidata-nexrad-level2/2023/04/10/KTLX/KTLX20230410_125449_V06,2023-04-10 12:54:49,2023-04-10 12:59:49
KTLX,s3://unidata-nexrad-level2/2023/04/10/KTLX/KTLX20230410_130134_V06,2023-04-10 13:01:34,2023-04-10 13:06:34
KTLX,s3://unidata-nexrad-level2/2023/04/10/KTLX/KTLX20230410_130824_V06,2023-04-10 13:08:24,2023-04-10 13:13:24
KTLX,s3://unidata-nexrad-level2/2023/04/10/KTLX/KTLX20230410_131515_V06,2023-04-10 13:15:15,2023-04-10 13:20:15
KTLX,s3://unidata-nexrad-level2/2023/04/10/KTLX/KTLX20230410_132157_V06,2023-04-10 13:21:57,2023-04-10 13:26:57
KTLX,s3://unidata-nexrad-level2/2023/04/10/KTLX/KTLX20230410_132847_V06,2023-04-10 13:28:47,2023-04-10 13:33:47
KTLX,s3://unidata-nexrad-level2/2023/04/10/KTLX/KTLX20230410_133534_V06,2023-04-10 13:35:34,2023-04-10 13:40:34
KTLX,s3://unidata-nexrad-level2/2023/04/10/KTLX/KTLX20230410_134236_V06,2023-04-10 13:42:36,2023-04-10 13:47:36
KTLX,s3://unidata-nexrad-level2/2023/04/10/KTLX/KTLX20230410_134938_V06,2023-04-10 13:49:38,2023-04-10 13:54:38
KTLX,s3://unidata-nexrad-level2/2023/04/10/KTLX/KTLX20230410_135634_V06,2023-04-10 13:56:34,2023-04-10 14:01:34
KTLX,s3://unidata-nexrad-level2/2023/04/10/KTLX/KTLX20230410_140320_V06,2023-04-10 14:03:20,2023-04-10 14:08:20
KTLX,s3://unidata-nexrad-level2/2023/04/10/KTLX/KTLX20230410_141006_V06,2023-04-10 14:10:06,2023-04-10 14:15:06
KTLX,s3://unidata-nexrad-level2/2023/04/10/KTLX/KTLX20230410_141707_V06,2023-04-10 14:17:07,2023-04-10 14:22:07
KTLX,s3://unidata-nexrad-level2/2023/04/10/KTLX/KTLX20230410_142358_V06,2023-04-10 14:23:58,2023-04-10 14:28:58
KTLX,s3://unidata-nexrad-level2/2023/04/10/KTLX/KTLX20230410_143059_V06,2023-04-10 14:30:59,2023-04-10 14:35:59
KTLX,s3://unidata-nexrad-level2/2023/04/10/KTLX/KTLX20230410_143800_V06,2023-04-10 14:38:00,2023-04-10 14:43:00
KTLX,s3://unidata-nexrad-level2/2023/04/10/KTLX/KTLX20230410_144451_V06,2023-04-10 14:44:51,2023-04-10 14:49:51
KTLX,s3://unidata-nexrad-level2/2023/04/10/KTLX/KTLX20230410_145143_V06,2023-04-10 14:51:43,2023-04-10 14:56:43
KTLX,s3://unidata-nexrad-level2/2023/04/10/KTLX/KTLX20230410_145838_V06,2023-04-10 14:58:38,2023-04-10 15:03:38
KTLX,s3://unidata-nexrad-level2/2023/04/10/KTLX/KTLX20230410_150540_V06,2023-04-10 15:05:40,2023-04-10 15:10:40
KTLX,s3://unidata-nexrad-level2/2023/04/10/KTLX/KTLX20230410_151243_V06,2023-04-10 15:12:43,2023-04-10 15:17:43
KTLX,s3://unidata-nexrad-level2/2023/04/10/KTLX/KTLX20230410_151946_V06,2023-04-10 15:19:46,2023-04-10 15:24:46
KTLX,s3://unidata-nexrad-level2/2023/04/10/KTLX/KTLX20230410_152632_V06,2023-04-10 15:26:32,2023-04-10 15:31:32
KTLX,s3://unidata-nexrad-level2/2023/04/10/KTLX/KTLX20230410_153334_V06,2023-04-10 15:33:34,2023-04-10 15:38:34
KTLX,s3://unidata-nexrad-level2/2023/04/10/KTLX/KTLX20230410_154020_V06,2023-04-10 15:40:20,2023-04-10 15:45:20
KTLX,s3://unidata-nexrad-level2/2023/04/10/KTLX/KTLX20230410_154717_V06,2023-04-10 15:47:17,2023-04-10 15:52:17
KTLX,s3://unidata-nexrad-level2/2023/04/10/KTLX/KTLX20230410_155405_V06,2023-04-10 15:54:05,2023-04-10 15:59:05
KTLX,s3://unidata-nexrad-level2/2023/04/10/KTLX/KTLX20230410_160055_V06,2023-04-10 16:00:55,2023-04-10 16:05:55
KTLX,s3://unidata-nexrad-level2/2023/04/10/KTLX/KTLX20230410_160743_V06,2023-04-10 16:07:43,2023-04-10 16:12:43
KTLX,s3://unidata-nexrad-level2/2023/04/10/KTLX/KTLX20230410_161446_V06,2023-04-10 16:14:46,2023-04-10 16:19:46
KTLX,s3://unidata-nexrad-level2/2023/04/10/KTLX/KTLX20230410_162129_V06,2023-04-10 16:21:29,2023-04-10 16:26:29
KTLX,s3://unidata-nexrad-level2/2023/04/10/KTLX/KTLX20230410_162815_V06,2023-04-10 16:28:15,2023-04-10 16:33:15
KTLX,s3://unidata-nexrad-level2/2023/04/10/KTLX/KTLX20230410_163501_V06,2023-04-10 16:35:01,2023-04-10 16:40:01
KTLX,s3://unidata-nexrad-level2/2023/04/10/KTLX/KTLX20230410_164144_V06,2023-04-10 16:41:44,2023-04-10 16:46:44
KTLX,s3://unidata-nexrad-level2/2023/04/10/KTLX/KTLX20230410_164846_V06,2023-04-10 16:48:46,2023-04-10 16:53:46
KTLX,s3://unidata-nexrad-level2/2023/04/10/KTLX/KTLX20230410_165532_V06,2023-04-10 16:55:32,2023-04-10 17:00:32
KTLX,s3://unidata-nexrad-level2/2023/04/10/KTLX/KTLX20230410_170226_V06,2023-04-10 17:02:26,2023-04-10 17:07:26
KTLX,s3://unidata-nexrad-level2/2023/04/10/KTLX/KTLX20230410_171027_V06,2023-04-10 17:10:27,2023-04-10 17:15:27
KTLX,s3://unidata-nexrad-level2/2023/04/10/KTLX/KTLX20230410_171729_V06,2023-04-10 17:17:29,2023-04-10 17:22:29
KTLX,s3://unidata-nexrad-level2/2023/04/10/KTLX/KTLX20230410_172411_V06,2023-04-10 17:24:11,2023-04-10 17:29:11
KTLX,s3://unidata-nexrad-level2/2023/04/10/KTLX/KTLX20230410_173112_V06,2023-04-10 17:31:12,2023-04-10 17:36:12
KTLX,s3://unidata-nexrad-level2/2023/04/10/KTLX/KTLX20230410_173815_V06,2023-04-10 17:38:15,2023-04-10 17:43:15
KTLX,s3://unidata-nexrad-level2/2023/04/10/KTLX/KTLX20230410_174517_V06,2023-04-10 17:45:17,2023-04-10 17:50:17
KTLX,s3://unidata-nexrad-level2/2023/04/10/KTLX/KTLX20230410_175213_V06,2023-04-10 17:52:13,2023-04-10 17:57:13
KTLX,s3://unidata-nexrad-level2/2023/04/10/KTLX/KTLX20230410_175909_V06,2023-04-10 17:59:09,2023-04-10 18:04:09
KTLX,s3://unidata-nexrad-level2/2023/04/10/KTLX/KTLX20230410_180556_V06,2023-04-10 18:05:56,2023-04-10 18:10:56
KTLX,s3://unidata-nexrad-level2/2023/04/10/KTLX/KTLX20230410_181247_V06,2023-04-10 18:12:47,2023-04-10 18:17:47
KTLX,s3://unidata-nexrad-level2/2023/04/10/KTLX/KTLX20230410_181943_V06,2023-04-10 18:19:43,2023-04-10 18:24:43
KTLX,s3://unidata-nexrad-level2/2023/04/10/KTLX/KTLX20230410_182645_V06,2023-04-10 18:26:45,2023-04-10 18:31:45
KTLX,s3://unidata-nexrad-level2/2023/04/10/KTLX/KTLX20230410_183347_V06,2023-04-10 18:33:47,2023-04-10 18:38:47
KTLX,s3://unidata-nexrad-level2/2023/04/10/KTLX/KTLX20230410_184043_V06,2023-04-10 18:40:43,2023-04-10 18:45:43
KTLX,s3://unidata-nexrad-level2/2023/04/10/KTLX/KTLX20230410_184727_V06,2023-04-10 18:47:27,2023-04-10 18:52:27
KTLX,s3://unidata-nexrad-level2/2023/04/10/KTLX/KTLX20230410_185428_V06,2023-04-10 18:54:28,2023-04-10 18:59:28
KTLX,s3://unidata-nexrad-level2/2023/04/10/KTLX/KTLX20230410_190130_V06,2023-04-10 19:01:30,2023-04-10 19:06:30
KTLX,s3://unidata-nexrad-level2/2023/04/10/KTLX/KTLX20230410_190832_V06,2023-04-10 19:08:32,2023-04-10 19:13:32
KTLX,s3://unidata-nexrad-level2/2023/04/10/KTLX/KTLX20230410_191535_V06,2023-04-10 19:15:35,2023-04-10 19:20:35
KTLX,s3://unidata-nexrad-level2/2023/04/10/KTLX/KTLX20230410_192238_V06,2023-04-10 19:22:38,2023-04-10 19:27:38
KTLX,s3://unidata-nexrad-level2/2023/04/10/KTLX/KTLX20230410_192941_V06,2023-04-10 19:29:41,2023-04-10 19:34:41
KTLX,s3://unidata-nexrad-level2/2023/04/10/KTLX/KTLX20230410_193644_V06,2023-04-10 19:36:44,2023-04-10 19:41:44
KTLX,s3://unidata-nexrad-level2/2023/04/10/KTLX/KTLX20230410_194346_V06,2023-04-10 19:43:46,2023-04-10 19:48:46
KTLX,s3://unidata-nexrad-level2/2023/04/10/KTLX/KTLX20230410_195047_V06,2023-04-10 19:50:47,2023-04-10 19:54:12
KTLX,s3://unidata-nexrad-level2/2023/04/10/KTLX/KTLX20230410_195412_V06,2023-04-10 19:54:12,2023-04-10 19:57:26
KTLX,s3://unidata-nexrad-level2/2023/04/10/KTLX/KTLX20230410_195726_V06,2023-04-10 19:57:26,2023-04-10 20:00:39
KTLX,s3://unidata-nexrad-level2/2023/04/10/KTLX/KTLX20230410_200039_V06,2023-04-10 20:00:39,2023-04-10 20:03:52
KTLX,s3://unidata-nexrad-level2/2023/04/10/KTLX/KTLX20230410_200352_V06,2023-04-10 20:03:52,2023-04-10 20:07:05
KTLX,s3://unidata-nexrad-level2/2023/04/10/KTLX/KTLX20230410_200705_V06,2023-04-10 20:07:05,2023-04-10 20:10:18
KTLX,s3://unidata-nexrad-level2/2023/04/10/KTLX/KTLX20230410_201018_V06,2023-04-10 20:10:18,2023-04-10 20:13:31
KTLX,s3://unidata-nexrad-level2/2023/04/10/KTLX/KTLX20230410_201331_V06,2023-04-10 20:13:31,2023-04-10 20:16:45
KTLX,s3://unidata-nexrad-level2/2023/04/10/KTLX/KTLX20230410_201645_V06,2023-04-10 20:16:45,2023-04-10 20:20:20
KTLX,s3://unidata-nexrad-level2/2023/04/10/KTLX/KTLX20230410_202020_V06,2023-04-10 20:20:20,2023-04-10 20:23:56
KTLX,s3://unidata-nexrad-level2/2023/04/10/KTLX/KTLX20230410_202356_V06,2023-04-10 20:23:56,2023-04-10 20:27:33
KTLX,s3://unidata-nexrad-level2/2023/04/10/KTLX/KTLX20230410_202733_V06,2023-04-10 20:27:33,2023-04-10 20:31:08
KTLX,s3://unidata-nexrad-level2/2023/04/10/KTLX/KTLX20230410_203108_V06,2023-04-10 20:31:08,2023-04-10 20:34:22
KTLX,s3://unidata-nexrad-level2/2023/04/10/KTLX/KTLX20230410_203422_V06,2023-04-10 20:34:22,2023-04-10 20:37:57
KTLX,s3://unidata-nexrad-level2/2023/04/10/KTLX/KTLX20230410_203757_V06,2023-04-10 20:37:57,2023-04-10 20:41:32
KTLX,s3://unidata-nexrad-level2/2023/04/10/KTLX/KTLX20230410_204132_V06,2023-04-10 20:41:32,2023-04-10 20:45:01
KTLX,s3://unidata-nexrad-level2/2023/04/10/KTLX/KTLX20230410_204501_V06,2023-04-10 20:45:01,2023-04-10 20:48:29
KTLX,s3://unidata-nexrad-level2/2023/04/10/KTLX/KTLX20230410_204829_V06,2023-04-10 20:48:29,2023-04-10 20:51:57
KTLX,s3://unidata-nexrad-level2/2023/04/10/KTLX/KTLX20230410_205157_V06,2023-04-10 20:51:57,2023-04-10 20:55:26
KTLX,s3://unidata-nexrad-level2/2023/04/10/KTLX/KTLX20230410_205526_V06,2023-04-10 20:55:26,2023-04-10 20:58:38
KTLX,s3://unidata-nexrad-level2/2023/04/10/KTLX/KTLX20230410_205838_V06,2023-04-10 20:58:38,2023-04-10 21:02:07
KTLX,s3://unidata-nexrad-level2/2023/04/10/KTLX/KTLX20230410_210207_V06,2023-04-10 21:02:07,2023-04-10 21:05:42
KTLX,s3://unidata-nexrad-level2/2023/04/10/KTLX/KTLX20230410_210542_V06,2023-04-10 21:05:42,2023-04-10 21:09:11
KTLX,s3://unidata-nexrad-level2/2023/04/10/KTLX/KTLX20230410_210911_V06,2023-04-10 21:09:11,2023-04-10 21:12:39
KTLX,s3://unidata-nexrad-level2/2023/04/10/KTLX/KTLX20230410_211239_V06,2023-04-10 21:12:39,2023-04-10 21:16:08
KTLX,s3://unidata-nexrad-level2/2023/04/10/KTLX/KTLX20230410_211608_V06,2023-04-10 21:16:08,2023-04-10 21:19:36
KTLX,s3://unidata-nexrad-level2/2023/04/10/KTLX/KTLX20230410_211936_V06,2023-04-10 21:19:36,2023-04-10 21:23:12
KTLX,s3://unidata-nexrad-level2/2023/04/10/KTLX/KTLX20230410_212312_V06,2023-04-10 21:23:12,2023-04-10 21:26:41
KTLX,s3://unidata-nexrad-level2/2023/04/10/KTLX/KTLX20230410_212641_V06,2023-04-10 21:26:41,2023-04-10 21:30:15
KTLX,s3://unidata-nexrad-level2/2023/04/10/KTLX/KTLX20230410_213015_V06,2023-04-10 21:30:15,2023-04-10 21:34:05
KTLX,s3://unidata-nexrad-level2/2023/04/10/KTLX/KTLX20230410_213405_V06,2023-04-10 21:34:05,2023-04-10 21:37:52
KTLX,s3://unidata-nexrad-level2/2023/04/10/KTLX/KTLX20230410_213752_V06,2023-04-10 21:37:52,2023-04-10 21:41:40
KTLX,s3://unidata-nexrad-level2/2023/04/10/KTLX/KTLX20230410_214140_V06,2023-04-10 21:41:40,2023-04-10 21:45:28
KTLX,s3://unidata-nexrad-level2/2023/04/10/KTLX/KTLX20230410_214528_V06,2023-04-10 21:45:28,2023-04-10 21:49:16
KTLX,s3://unidata-nexrad-level2/2023/04/10/KTLX/KTLX20230410_214916_V06,2023-04-10 21:49:16,2023-04-10 21:53:04
KTLX,s3://unidata-nexrad-level2/2023/04/10/KTLX/KTLX20230410_215304_V06,2023-04-10 21:53:04,2023-04-10 21:56:52
KTLX,s3://unidata-nexrad-level2/2023/04/10/KTLX/KTLX20230410_215652_V06,2023-04-10 21:56:52,2023-04-10 22:00:52
KTLX,s3://unidata-nexrad-level2/2023/04/10/KTLX/KTLX20230410_220052_V06,2023-04-10 22:00:52,2023-04-10 22:04:51
KTLX,s3://unidata-nexrad-level2/2023/04/10/KTLX/KTLX20230410_220451_V06,2023-04-10 22:04:51,2023-04-10 22:08:52
KTLX,s3://unidata-nexrad-level2/2023/04/10/KTLX/KTLX20230410_220852_V06,2023-04-10 22:08:52,2023-04-10 22:12:53
KTLX,s3://unidata-nexrad-level2/2023/04/10/KTLX/KTLX20230410_221253_V06,2023-04-10 22:12:53,2023-04-10 22:16:55
KTLX,s3://unidata-nexrad-level2/2023/04/10/KTLX/KTLX20230410_221655_V06,2023-04-10 22:16:55,2023-04-10 22:20:38
KTLX,s3://unidata-nexrad-level2/2023/04/10/KTLX/KTLX20230410_222038_V06,2023-04-10 22:20:38,2023-04-10 22:24:35
KTLX,s3://unidata-nexrad-level2/2023/04/10/KTLX/KTLX20230410_222435_V06,2023-04-10 22:24:35,2023-04-10 22:28:37
KTLX,s3://unidata-nexrad-level2/2023/04/10/KTLX/KTLX20230410_222837_V06,2023-04-10 22:28:37,2023-04-10 22:32:34
KTLX,s3://unidata-nexrad-level2/2023/04/10/KTLX/KTLX20230410_223234_V06,2023-04-10 22:32:34,2023-04-10 22:36:30
KTLX,s3://unidata-nexrad-level2/2023/04/10/KTLX/KTLX20230410_223630_V06,2023-04-10 22:36:30,2023-04-10 22:40:51
KTLX,s3://unidata-nexrad-level2/2023/04/10/KTLX/KTLX20230410_224051_V06,2023-04-10 22:40:51,2023-04-10 22:45:06
KTLX,s3://unidata-nexrad-level2/2023/04/10/KTLX/KTLX20230410_224506_V06,2023-04-10 22:45:06,2023-04-10 22:49:21
KTLX,s3://unidata-nexrad-level2/2023/04/10/KTLX/KTLX20230410_224921_V06,2023-04-10 22:49:21,2023-04-10 22:53:31
KTLX,s3://unidata-nexrad-level2/2023/04/10/KTLX/KTLX20230410_225331_V06,2023-04-10 22:53:31,2023-04-10 22:57:47
KTLX,s3://unidata-nexrad-level2/2023/04/10/KTLX/KTLX20230410_225747_V06,2023-04-10 22:57:47,2023-04-10 23:02:07
KTLX,s3://unidata-nexrad-level2/2023/04/10/KTLX/KTLX20230410_230207_V06,2023-04-10 23:02:07,2023-04-10 23:06:33
KTLX,s3://unidata-nexrad-level2/2023/04/10/KTLX/KTLX20230410_230633_V06,2023-04-10 23:06:33,2023-04-10 23:11:00
KTLX,s3://unidata-nexrad-level2/2023/04/10/KTLX/KTLX20230410_231100_V06,2023-04-10 23:11:00,2023-04-10 23:15:26
KTLX,s3://unidata-nexrad-level2/2023/04/10/KTLX/KTLX20230410_231526_V06,2023-04-10 23:15:26,2023-04-10 23:19:41
KTLX,s3://unidata-nexrad-level2/2023/04/10/KTLX/KTLX20230410_231941_V06,2023-04-10 23:19:41,2023-04-10 23:24:01
KTLX,s3://unidata-nexrad-level2/2023/04/10/KTLX/KTLX20230410_232401_V06,2023-04-10 23:24:01,2023-04-10 23:28:29
KTLX,s3://unidata-nexrad-level2/2023/04/10/KTLX/KTLX20230410_232829_V06,2023-04-10 23:28:29,2023-04-10 23:33:10
KTLX,s3://unidata-nexrad-level2/2023/04/10/KTLX/KTLX20230410_233310_V06,2023-04-10 23:33:10,2023-04-10 23:37:39
KTLX,s3://unidata-nexrad-level2/2023/04/10/KTLX/KTLX20230410_233739_V06,2023-04-10 23:37:39,2023-04-10 23:42:13
KTLX,s3://unidata-nexrad-level2/2023/04/10/KTLX/KTLX20230410_234213_V06,2023-04-10 23:42:13,2023-04-10 23:46:53
KTLX,s3://unidata-nexrad-level2/2023/04/10/KTLX/KTLX20230410_234653_V06,2023-04-10 23:46:53,2023-04-10 23:51:27
KTLX,s3://unidata-nexrad-level2/2023/04/10/KTLX/KTLX20230410_235127_V06,2023-04-10 23:51:27,2023-04-10 23:56:08
KTLX,s3://unidata-nexrad-level2/2023/04/10/KTLX/KTLX20230410_235608_V06,2023-04-10 23:56:08,2023-04-11 00:00:50
KTLX,s3://unidata-nexrad-level2/2023/04/11/KTLX/KTLX20230411_000050_V06,2023-04-11 00:00:50,2023-04-11 00:05:31
KTLX,s3://unidata-nexrad-level2/2023/04/11/KTLX/KTLX20230411_000531_V06,2023-04-11 00:05:31,2023-04-11 00:10:13
KTLX,s3://unidata-nexrad-level2/2023/04/11/KTLX/KTLX20230411_001013_V06,2023-04-11 00:10:13,2023-04-11 00:14:54
KTLX,s3://unidata-nexrad-level2/2023/04/11/KTLX/KTLX20230411_001454_V06,2023-04-11 00:14:54,2023-04-11 00:19:35
KTLX,s3://unidata-nexrad-level2/2023/04/11/KTLX/KTLX20230411_001935_V06,2023-04-11 00:19:35,2023-04-11 00:24:16
KTLX,s3://unidata-nexrad-level2/2023/04/11/KTLX/KTLX20230411_002416_V06,2023-04-11 00:24:16,2023-04-11 00:28:35
KTLX,s3://unidata-nexrad-level2/2023/04/11/KTLX/KTLX20230411_002835_V06,2023-04-11 00:28:35,2023-04-11 00:32:55
KTLX,s3://unidata-nexrad-level2/2023/04/11/KTLX/KTLX20230411_003255_V06,2023-04-11 00:32:55,2023-04-11 00:37:14
KTLX,s3://unidata-nexrad-level2/2023/04/11/KTLX/KTLX20230411_003714_V06,2023-04-11 00:37:14,2023-04-11 00:41:33
KTLX,s3://unidata-nexrad-level2/2023/04/11/KTLX/KTLX20230411_004133_V06,2023-04-11 00:41:33,2023-04-11 00:45:53
KTLX,s3://unidata-nexrad-level2/2023/04/11/KTLX/KTLX20230411_004553_V06,2023-04-11 00:45:53,2023-04-11 00:50:12
KTLX,s3://unidata-nexrad-level2/2023/04/11/KTLX/KTLX20230411_005012_V06,2023-04-11 00:50:12,2023-04-11 00:54:32
KTLX,s3://unidata-nexrad-level2/2023/04/11/KTLX/KTLX20230411_005432_V06,2023-04-11 00:54:32,2023-04-11 00:58:51
KTLX,s3://unidata-nexrad-level2/2023/04/11/KTLX/KTLX20230411_005851_V06,2023-04-11 00:58:51,2023-04-11 01:03:10
KTLX,s3://unidata-nexrad-level2/2023/04/11/KTLX/KTLX20230411_010310_V06,2023-04-11 01:03:10,2023-04-11 01:07:29
KTLX,s3://unidata-nexrad-level2/2023/04/11/KTLX/KTLX20230411_010729_V06,2023-04-11 01:07:29,2023-04-11 01:12:29
KTLX,s3://unidata-nexrad-level2/2023/04/11/KTLX/KTLX20230411_011257_V06,2023-04-11 01:12:57,2023-04-11 01:17:16
KTLX,s3://unidata-nexrad-level2/2023/04/11/KTLX/KTLX20230411_011716_V06,2023-04-11 01:17:16,2023-04-11 01:21:35
KTLX,s3://unidata-nexrad-level2/2023/04/11/KTLX/KTLX20230411_012135_V06,2023-04-11 01:21:35,2023-04-11 01:25:55
KTLX,s3://unidata-nexrad-level2/2023/04/11/KTLX/KTLX20230411_012555_V06,2023-04-11 01:25:55,2023-04-11 01:30:14
KTLX,s3://unidata-nexrad-level2/2023/04/11/KTLX/KTLX20230411_013014_V06,2023-04-11 01:30:14,2023-04-11 01:34:34
KTLX,s3://unidata-nexrad-level2/2023/04/11/KTLX/KTLX20230411_013434_V06,2023-04-11 01:34:34,2023-04-11 01:38:53
KTLX,s3://unidata-nexrad-level2/2023/04/11/KTLX/KTLX20230411_013853_V06,2023-04-11 01:38:53,2023-04-11 01:43:12
KTLX,s3://unidata-nexrad-level2/2023/04/11/KTLX/KTLX20230411_014312_V06,2023-04-11 01:43:12,2023-04-11 01:47:30
KTLX,s3://unidata-nexrad-level2/2023/04/11/KTLX/KTLX20230411_014730_V06,2023-04-11 01:47:30,2023-04-11 01:51:49
KTLX,s3://unidata-nexrad-level2/2023/04/11/KTLX/KTLX20230411_015149_V06,2023-04-11 01:51:49,2023-04-11 01:56:30
KTLX,s3://unidata-nexrad-level2/2023/04/11/KTLX/KTLX20230411_015630_V06,2023-04-11 01:56:30,2023-04-11 02:01:11
KTLX,s3://unidata-nexrad-level2/2023/04/11/KTLX/KTLX20230411_020111_V06,2023-04-11 02:01:11,2023-04-11 02:05:53
KTLX,s3://unidata-nexrad-level2/2023/04/11/KTLX/KTLX20230411_020553_V06,2023-04-11 02:05:53,2023-04-11 02:10:33
KTLX,s3://unidata-nexrad-level2/2023/04/11/KTLX/KTLX20230411_021033_V06,2023-04-11 02:10:33,2023-04-11 02:15:13
KTLX,s3://unidata-nexrad-level2/2023/04/11/KTLX/KTLX20230411_021513_V06,2023-04-11 02:15:13,2023-04-11 02:19:54
KTLX,s3://unidata-nexrad-level2/2023/04/11/KTLX/KTLX20230411_021954_V06,2023-04-11 02:19:54,2023-04-11 02:24:35
KTLX,s3://unidata-nexrad-level2/2023/04/11/KTLX/KTLX20230411_022435_V06,2023-04-11 02:24:35,2023-04-11 02:29:16
KTLX,s3://unidata-nexrad-level2/2023/04/11/KTLX/KTLX20230411_022916_V06,2023-04-11 02:29:16,2023-04-11 02:33:43
KTLX,s3://unidata-nexrad-level2/2023/04/11/KTLX/KTLX20230411_023343_V06,2023-04-11 02:33:43,2023-04-11 02:38:09
KTLX,s3://unidata-nexrad-level2/2023/04/11/KTLX/KTLX20230411_023809_V06,2023-04-11 02:38:09,2023-04-11 02:42:36
KTLX,s3://unidata-nexrad-level2/2023/04/11/KTLX/KTLX20230411_024236_V06,2023-04-11 02:42:36,2023-04-11 02:47:02
KTLX,s3://unidata-nexrad-level2/2023/04/11/KTLX/KTLX20230411_024702_V06,2023-04-11 02:47:02,2023-04-11 02:51:15
KTLX,s3://unidata-nexrad-level2/2023/04/11/KTLX/KTLX20230411_025115_V06,2023-04-11 02:51:15,2023-04-11 02:55:29
KTLX,s3://unidata-nexrad-level2/2023/04/11/KTLX/KTLX20230411_025529_V06,2023-04-11 02:55:29,2023-04-11 02:59:44
KTLX,s3://unidata-nexrad-level2/2023/04/11/KTLX/KTLX20230411_025944_V06,2023-04-11 02:59:44,2023-04-11 03:03:39
KTLX,s3://unidata-nexrad-level2/2023/04/11/KTLX/KTLX20230411_030339_V06,2023-04-11 03:03:39,2023-04-11 03:07:32
KTLX,s3://unidata-nexrad-level2/2023/04/11/KTLX/KTLX20230411_030732_V06,2023-04-11 03:07:32,2023-04-11 03:11:26
KTLX,s3://unidata-nexrad-level2/2023/04/11/KTLX/KTLX20230411_031126_V06,2023-04-11 03:11:26,2023-04-11 03:15:07
KTLX,s3://unidata-nexrad-level2/2023/04/11/KTLX/KTLX20230411_031507_V06,2023-04-11 03:15:07,2023-04-11 03:18:48
KTLX,s3://unidata-nexrad-level2/2023/04/11/KTLX/KTLX20230411_031848_V06,2023-04-11 03:18:48,2023-04-11 03:22:42
KTLX,s3://unidata-nexrad-level2/2023/04/11/KTLX/KTLX20230411_032242_V06,2023-04-11 03:22:42,2023-04-11 03:26:49
KTLX,s3://unidata-nexrad-level2/2023/04/11/KTLX/KTLX20230411_032649_V06,2023-04-11 03:26:49,2023-04-11 03:30:42
KTLX,s3://unidata-nexrad-level2/2023/04/11/KTLX/KTLX20230411_033042_V06,2023-04-11 03:30:42,2023-04-11 03:34:44
KTLX,s3://unidata-nexrad-level2/2023/04/11/KTLX/KTLX20230411_033444_V06,2023-04-11 03:34:44,2023-04-11 03:38:44
KTLX,s3://unidata-nexrad-level2/2023/04/11/KTLX/KTLX20230411_033844_V06,2023-04-11 03:38:44,2023-04-11 03:42:32
KTLX,s3://unidata-nexrad-level2/2023/04/11/KTLX/KTLX20230411_034232_V06,2023-04-11 03:42:32,2023-04-11 03:46:20
KTLX,s3://unidata-nexrad-level2/2023/04/11/KTLX/KTLX20230411_034620_V06,2023-04-11 03:46:20,2023-04-11 03:50:08
KTLX,s3://unidata-nexrad-level2/2023/04/11/KTLX/KTLX20230411_035008_V06,2023-04-11 03:50:08,2023-04-11 03:53:57
KTLX,s3://unidata-nexrad-level2/2023/04/11/KTLX/KTLX20230411_035357_V06,2023-04-11 03:53:57,2023-04-11 03:57:45
KTLX,s3://unidata-nexrad-level2/2023/04/11/KTLX/KTLX20230411_035745_V06,2023-04-11 03:57:45,2023-04-11 04:01:34
KTLX,s3://unidata-nexrad-level2/2023/04/11/KTLX/KTLX20230411_040134_V06,2023-04-11 04:01:34,2023-04-11 04:05:21
KTLX,s3://unidata-nexrad-level2/2023/04/11/KTLX/KTLX20230411_040521_V06,2023-04-11 04:05:21,2023-04-11 04:09:10
KTLX,s3://unidata-nexrad-level2/2023/04/11/KTLX/KTLX20230411_040910_V06,2023-04-11 04:09:10,2023-04-11 04:12:58
KTLX,s3://unidata-nexrad-level2/2023/04/11/KTLX/KTLX20230411_041258_V06,2023-04-11 04:12:58,2023-04-11 04:16:47
KTLX,s3://unidata-nexrad-level2/2023/04/11/KTLX/KTLX20230411_041647_V06,2023-04-11 04:16:47,2023-04-11 04:20:36
KTLX,s3://unidata-nexrad-level2/2023/04/11/KTLX/KTLX20230411_042036_V06,2023-04-11 04:20:36,2023-04-11 04:24:24
KTLX,s3://unidata-nexrad-level2/2023/04/11/KTLX/KTLX20230411_042424_V06,2023-04-11 04:24:24,2023-04-11 04:28:25
KTLX,s3://unidata-nexrad-level2/2023/04/11/KTLX/KTLX20230411_042825_V06,2023-04-11 04:28:25,2023-04-11 04:32:13
KTLX,s3://unidata-nexrad-level2/2023/04/11/KTLX/KTLX20230411_043213_V06,2023-04-11 04:32:13,2023-04-11 04:36:13
KTLX,s3://unidata-nexrad-level2/2023/04/11/KTLX/KTLX20230411_043613_V06,2023-04-11 04:36:13,2023-04-11 04:40:07
KTLX,s3://unidata-nexrad-level2/2023/04/11/KTLX/KTLX20230411_044007_V06,2023-04-11 04:40:07,2023-04-11 04:44:08
KTLX,s3://unidata-nexrad-level2/2023/04/11/KTLX/KTLX20230411_044408_V06,2023-04-11 04:44:08,2023-04-11 04:48:09
KTLX,s3://unidata-nexrad-level2/2023/04/11/KTLX/KTLX20230411_044809_V06,2023-04-11 04:48:09,2023-04-11 04:52:10
KTLX,s3://unidata-nexrad-level2/2023/04/11/KTLX/KTLX20230411_045210_V06,2023-04-11 04:52:10,2023-04-11 04:56:11
KTLX,s3://unidata-nexrad-level2/2023/04/11/KTLX/KTLX20230411_045611_V06,2023-04-11 04:56:11,2023-04-11 05:00:13
KTLX,s3://unidata-nexrad-level2/2023/04/11/KTLX/KTLX20230411_050013_V06,2023-04-11 05:00:13,2023-04-11 05:04:13
KTLX,s3://unidata-nexrad-level2/2023/04/11/KTLX/KTLX20230411_050413_V06,2023-04-11 05:04:13,2023-04-11 05:08:15
KTLX,s3://unidata-nexrad-level2/2023/04/11/KTLX/KTLX20230411_050815_V06,2023-04-11 05:08:15,2023-04-11 05:12:17
KTLX,s3://unidata-nexrad-level2/2023/04/11/KTLX/KTLX20230411_051217_V06,2023-04-11 05:12:17,2023-04-11 05:16:18
KTLX,s3://unidata-nexrad-level2/2023/04/11/KTLX/KTLX20230411_051618_V06,2023-04-11 05:16:18,2023-04-11 05:20:06
KTLX,s3://unidata-nexrad-level2/2023/04/11/KTLX/KTLX20230411_052006_V06,2023-04-11 05:20:06,2023-04-11 05:23:54
KTLX,s3://unidata-nexrad-level2/2023/04/11/KTLX/KTLX20230411_052354_V06,2023-04-11 05:23:54,2023-04-11 05:27:42
KTLX,s3://unidata-nexrad-level2/2023/04/11/KTLX/KTLX20230411_052742_V06,2023-04-11 05:27:42,2023-04-11 05:31:29
KTLX,s3://unidata-nexrad-level2/2023/04/11/KTLX/KTLX20230411_053129_V06,2023-04-11 05:31:29,2023-04-11 05:35:16
KTLX,s3://unidata-nexrad-level2/2023/04/11/KTLX/KTLX20230411_053516_V06,2023-04-11 05:35:16,2023-04-11 05:39:17
KTLX,s3://unidata-nexrad-level2/2023/04/11/KTLX/KTLX20230411_053917_V06,2023-04-11 05:39:17,2023-04-11 05:43:04
KTLX,s3://unidata-nexrad-level2/2023/04/11/KTLX/KTLX20230411_054304_V06,2023-04-11 05:43:04,2023-04-11 05:46:53
KTLX,s3://unidata-nexrad-level2/2023/04/11/KTLX/KTLX20230411_054653_V06,2023-04-11 05:46:53,2023-04-11 05:50:42
KTLX,s3://unidata-nexrad-level2/2023/04/11/KTLX/KTLX20230411_055042_V06,2023-04-11 05:50:42,2023-04-11 05:54:31
KTLX,s3://unidata-nexrad-level2/2023/04/11/KTLX/KTLX20230411_055431_V06,2023-04-11 05:54:31,2023-04-11 05:58:20
KTLX,s3://unidata-nexrad-level2/2023/04/11/KTLX/KTLX20230411_055820_V06,2023-04-11 05:58:20,2023-04-11 06:02:10
KTLX,s3://unidata-nexrad-level2/2023/04/11/KTLX/KTLX20230411_060210_V06,2023-04-11 06:02:10,2023-04-11 06:07:10
KTLX,s3://unidata-nexrad-level2/2023/04/11/KTLX/KTLX20230411_060905_V06,2023-04-11 06:09:05,2023-04-11 06:14:05
KTLX,s3://unidata-nexrad-level2/2023/04/11/KTLX/KTLX20230411_061604_V06,2023-04-11 06:16:04,2023-04-11 06:21:04
KTLX,s3://unidata-nexrad-level2/2023/04/11/KTLX/KTLX20230411_062306_V06,2023-04-11 06:23:06,2023-04-11 06:28:06
KTLX,s3://unidata-nexrad-level2/2023/04/11/KTLX/KTLX20230411_063007_V06,2023-04-11 06:30:07,2023-04-11 06:35:07
KTLX,s3://unidata-nexrad-level2/2023/04/11/KTLX/KTLX20230411_063708_V06,2023-04-11 06:37:08,2023-04-11 06:42:08
KTLX,s3://unidata-nexrad-level2/2023/04/11/KTLX/KTLX20230411_064410_V06,2023-04-11 06:44:10,2023-04-11 06:49:10
KTLX,s3://unidata-nexrad-level2/2023/04/11/KTLX/KTLX20230411_065111_V06,2023-04-11 06:51:11,2023-04-11 06:56:11
KTLX,s3://unidata-nexrad-level2/2023/04/11/KTLX/KTLX20230411_065812_V06,2023-04-11 06:58:12,2023-04-11 07:03:12
KTLX,s3://unidata-nexrad-level2/2023/04/11/KTLX/KTLX20230411_070514_V06,2023-04-11 07:05:14,2023-04-11 07:10:14
KTLX,s3://unidata-nexrad-level2/2023/04/11/KTLX/KTLX20230411_071215_V06,2023-04-11 07:12:15,2023-04-11 07:17:15
KTLX,s3://unidata-nexrad-level2/2023/04/11/KTLX/KTLX20230411_071915_V06,2023-04-11 07:19:15,2023-04-11 07:24:15
KTLX,s3://unidata-nexrad-level2/2023/04/11/KTLX/KTLX20230411_072616_V06,2023-04-11 07:26:16,2023-04-11 07:31:16
KTLX,s3://unidata-nexrad-level2/2023/04/11/KTLX/KTLX20230411_073317_V06,2023-04-11 07:33:17,2023-04-11 07:38:17
KTLX,s3://unidata-nexrad-level2/2023/04/11/KTLX/KTLX20230411_074019_V06,2023-04-11 07:40:19,2023-04-11 07:45:19
KTLX,s3://unidata-nexrad-level2/2023/04/11/KTLX/KTLX20230411_074720_V06,2023-04-11 07:47:20,2023-04-11 07:52:20
KTLX,s3://unidata-nexrad-level2/2023/04/11/KTLX/KTLX20230411_075421_V06,2023-04-11 07:54:21,2023-04-11 07:59:21
KTLX,s3://unidata-nexrad-level2/2023/04/11/KTLX/KTLX20230411_080122_V06,2023-04-11 08:01:22,2023-04-11 08:06:22
KTLX,s3://unidata-nexrad-level2/2023/04/11/KTLX/KTLX20230411_080824_V06,2023-04-11 08:08:24,2023-04-11 08:13:24
KTLX,s3://unidata-nexrad-level2/2023/04/11/KTLX/KTLX20230411_081524_V06,2023-04-11 08:15:24,2023-04-11 08:20:24
KTLX,s3://unidata-nexrad-level2/2023/04/11/KTLX/KTLX20230411_082225_V06,2023-04-11 08:22:25,2023-04-11 08:27:25
KTLX,s3://unidata-nexrad-level2/2023/04/11/KTLX/KTLX20230411_082926_V06,2023-04-11 08:29:26,2023-04-11 08:34:26
KTLX,s3://unidata-nexrad-level2/2023/04/11/KTLX/KTLX20230411_083628_V06,2023-04-11 08:36:28,2023-04-11 08:41:28
KTLX,s3://unidata-nexrad-level2/2023/04/11/KTLX/KTLX20230411_084330_V06,2023-04-11 08:43:30,2023-04-11 08:48:30
KTLX,s3://unidata-nexrad-level2/2023/04/11/KTLX/KTLX20230411_085031_V06,2023-04-11 08:50:31,2023-04-11 08:55:31
KTLX,s3://unidata-nexrad-level2/2023/04/11/KTLX/KTLX20230411_085732_V06,2023-04-11 08:57:32,2023-04-11 09:02:32
KTLX,s3://unidata-nexrad-level2/2023/04/11/KTLX/KTLX20230411_090433_V06,2023-04-11 09:04:33,2023-04-11 09:09:33
KTLX,s3://unidata-nexrad-level2/2023/04/11/KTLX/KTLX20230411_091134_V06,2023-04-11 09:11:34,2023-04-11 09:16:34
KTLX,s3://unidata-nexrad-level2/2023/04/11/KTLX/KTLX20230411_091950_V06,2023-04-11 09:19:50,2023-04-11 09:24:50
KTLX,s3://unidata-nexrad-level2/2023/04/11/KTLX/KTLX20230411_092651_V06,2023-04-11 09:26:51,2023-04-11 09:31:51
KTLX,s3://unidata-nexrad-level2/2023/04/11/KTLX/KTLX20230411_093352_V06,2023-04-11 09:33:52,2023-04-11 09:38:52
KTLX,s3://unidata-nexrad-level2/2023/04/11/KTLX/KTLX20230411_094054_V06,2023-04-11 09:40:54,2023-04-11 09:45:54
KTLX,s3://unidata-nexrad-level2/2023/04/11/KTLX/KTLX20230411_094757_V06,2023-04-11 09:47:57,2023-04-11 09:52:57
KTLX,s3://unidata-nexrad-level2/2023/04/11/KTLX/KTLX20230411_095459_V06,2023-04-11 09:54:59,2023-04-11 09:59:59
KTLX,s3://unidata-nexrad-level2/2023/04/11/KTLX/KTLX20230411_100159_V06,2023-04-11 10:01:59,2023-04-11 10:06:59
KTLX,s3://unidata-nexrad-level2/2023/04/11/KTLX/KTLX20230411_100900_V06,2023-04-11 10:09:00,2023-04-11 10:14:00
KTLX,s3://unidata-nexrad-level2/2023/04/11/KTLX/KTLX20230411_101603_V06,2023-04-11 10:16:03,2023-04-11 10:21:03
KTLX,s3://unidata-nexrad-level2/2023/04/11/KTLX/KTLX20230411_102303_V06,2023-04-11 10:23:03,2023-04-11 10:28:03
KTLX,s3://unidata-nexrad-level2/2023/04/11/KTLX/KTLX20230411_103004_V06,2023-04-11 10:30:04,2023-04-11 10:35:04
KTLX,s3://unidata-nexrad-level2/2023/04/11/KTLX/KTLX20230411_103705_V06,2023-04-11 10:37:05,2023-04-11 10:42:05
KTLX,s3://unidata-nexrad-level2/2023/04/11/KTLX/KTLX20230411_104406_V06,2023-04-11 10:44:06,2023-04-11 10:49:06
KTLX,s3://unidata-nexrad-level2/2023/04/11/KTLX/KTLX20230411_105107_V06,2023-04-11 10:51:07,2023-04-11 10:56:07
KTLX,s3://unidata-nexrad-level2/2023/04/11/KTLX/KTLX20230411_105809_V06,2023-04-11 10:58:09,2023-04-11 11:03:09
KTLX,s3://unidata-nexrad-level2/2023/04/11/KTLX/KTLX20230411_110511_V06,2023-04-11 11:05:11,2023-04-11 11:10:11
KTLX,s3://unidata-nexrad-level2/2023/04/11/KTLX/KTLX20230411_111212_V06,2023-04-11 11:12:12,2023-04-11 11:17:12
KTLX,s3://unidata-nexrad-level2/2023/04/11/KTLX/KTLX20230411_111913_V06,2023-04-11 11:19:13,2023-04-11 11:24:13
KTLX,s3://unidata-nexrad-level2/2023/04/11/KTLX/KTLX20230411_112614_V06,2023-04-11 11:26:14,2023-04-11 11:31:14
KTLX,s3://unidata-nexrad-level2/2023/04/11/KTLX/KTLX20230411_113316_V06,2023-04-11 11:33:16,2023-04-11 11:38:16
KTLX,s3://unidata-nexrad-level2/2023/04/11/KTLX/KTLX20230411_114018_V06,2023-04-11 11:40:18,2023-04-11 11:45:18
KTLX,s3://unidata-nexrad-level2/2023/04/11/KTLX/KTLX20230411_114708_V06,2023-04-11 11:47:08,2023-04-11 11:52:08
KTLX,s3://unidata-nexrad-level2/2023/04/11/KTLX/KTLX20230411_115411_V06,2023-04-11 11:54:11,2023-04-11 11:59:11
KTLX,s3://unidata-nexrad-level2/2023/04/11/KTLX/KTLX20230411_120106_V06,2023-04-11 12:01:06,2023-04-11 12:06:06
KTLX,s3://unidata-nexrad-level2/2023/04/11/KTLX/KTLX20230411_120807_V06,2023-04-11 12:08:07,2023-04-11 12:13:07
KTLX,s3://unidata-nexrad-level2/2023/04/11/KTLX/KTLX20230411_121508_V06,2023-04-11 12:15:08,2023-04-11 12:20:08
KTLX,s3://unidata-nexrad-level2/2023/04/11/KTLX/KTLX20230411_122200_V06,2023-04-11 12:22:00,2023-04-11 12:27:00
KTLX,s3://unidata-nexrad-level2/2023/04/11/KTLX/KTLX20230411_122901_V06,2023-04-11 12:29:01,2023-04-11 12:34:01
KTLX,s3://unidata-nexrad-level2/2023/04/11/KTLX/KTLX20230411_123552_V06,2023-04-11 12:35:52,2023-04-11 12:40:52
KTLX,s3://unidata-nexrad-level2/2023/04/11/KTLX/KTLX20230411_124243_V06,2023-04-11 12:42:43,2023-04-11 12:47:43
KTLX,s3://unidata-nexrad-level2/2023/04/11/KTLX/KTLX20230411_124932_V06,2023-04-11 12:49:32,2023-04-11 12:54:32
KTLX,s3://unidata-nexrad-level2/2023/04/11/KTLX/KTLX20230411_125633_V06,2023-04-11 12:56:33,2023-04-11 13:01:33
KTLX,s3://unidata-nexrad-level2/2023/04/11/KTLX/KTLX20230411_130328_V06,2023-04-11 13:03:28,2023-04-11 13:08:28
KTLX,s3://unidata-nexrad-level2/2023/04/11/KTLX/KTLX20230411_131018_V06,2023-04-11 13:10:18,2023-04-11 13:15:18
KTLX,s3://unidata-nexrad-level2/2023/04/11/KTLX/KTLX20230411_131714_V06,2023-04-11 13:17:14,2023-04-11 13:22:14
KTLX,s3://unidata-nexrad-level2/2023/04/11/KTLX/KTLX20230411_132409_V06,2023-04-11 13:24:09,2023-04-11 13:29:09
KTLX,s3://unidata-nexrad-level2/2023/04/11/KTLX/KTLX20230411_133105_V06,2023-04-11 13:31:05,2023-04-11 13:36:05
KTLX,s3://unidata-nexrad-level2/2023/04/11/KTLX/KTLX20230411_133801_V06,2023-04-11 13:38:01,2023-04-11 13:43:01
KTLX,s3://unidata-nexrad-level2/2023/04/11/KTLX/KTLX20230411_134453_V06,2023-04-11 13:44:53,2023-04-11 13:49:53
KTLX,s3://unidata-nexrad-level2/2023/04/11/KTLX/KTLX20230411_135154_V06,2023-04-11 13:51:54,2023-04-11 13:56:54
KTLX,s3://unidata-nexrad-level2/2023/04/11/KTLX/KTLX20230411_135851_V06,2023-04-11 13:58:51,2023-04-11 14:03:51
KTLX,s3://unidata-nexrad-level2/2023/04/11/KTLX/KTLX20230411_140539_V06,2023-04-11 14:05:39,2023-04-11 14:10:39
KTLX,s3://unidata-nexrad-level2/2023/04/11/KTLX/KTLX20230411_141239_V06,2023-04-11 14:12:39,2023-04-11 14:17:39
KTLX,s3://unidata-nexrad-level2/2023/04/11/KTLX/KTLX20230411_141940_V06,2023-04-11 14:19:40,2023-04-11 14:24:40
KTLX,s3://unidata-nexrad-level2/2023/04/11/KTLX/KTLX20230411_142631_V06,2023-04-11 14:26:31,2023-04-11 14:31:31
KTLX,s3://unidata-nexrad-level2/2023/04/11/KTLX/KTLX20230411_143318_V06,2023-04-11 14:33:18,2023-04-11 14:38:18
KTLX,s3://unidata-nexrad-level2/2023/04/11/KTLX/KTLX20230411_144019_V06,2023-04-11 14:40:19,2023-04-11 14:45:19
KTLX,s3://unidata-nexrad-level2/2023/04/11/KTLX/KTLX20230411_144720_V06,2023-04-11 14:47:20,2023-04-11 14:52:20
KTLX,s3://unidata-nexrad-level2/2023/04/11/KTLX/KTLX20230411_145422_V06,2023-04-11 14:54:22,2023-04-11 14:59:22
KTLX,s3://unidata-nexrad-level2/2023/04/11/KTLX/KTLX20230411_150124_V06,2023-04-11 15:01:24,2023-04-11 15:06:24
KTLX,s3://unidata-nexrad-level2/2023/04/11/KTLX/KTLX20230411_150811_V06,2023-04-11 15:08:11,2023-04-11 15:13:11
KTLX,s3://unidata-nexrad-level2/2023/04/11/KTLX/KTLX20230411_151512_V06,2023-04-11 15:15:12,2023-04-11 15:20:12
KTLX,s3://unidata-nexrad-level2/2023/04/11/KTLX/KTLX20230411_152208_V06,2023-04-11 15:22:08,2023-04-11 15:27:08
KTLX,s3://unidata-nexrad-level2/2023/04/11/KTLX/KTLX20230411_152910_V06,2023-04-11 15:29:10,2023-04-11 15:34:10
KTLX,s3://unidata-nexrad-level2/2023/04/11/KTLX/KTLX20230411_153605_V06,2023-04-11 15:36:05,2023-04-11 15:41:05
KTLX,s3://unidata-nexrad-level2/2023/04/11/KTLX/KTLX20230411_154249_V06,2023-04-11 15:42:49,2023-04-11 15:47:49
KTLX,s3://unidata-nexrad-level2/2023/04/11/KTLX/KTLX20230411_154950_V06,2023-04-11 15:49:50,2023-04-11 15:54:50
KTLX,s3://unidata-nexrad-level2/2023/04/11/KTLX/KTLX20230411_155636_V06,2023-04-11 15:56:36,2023-04-11 16:01:36
KTLX,s3://unidata-nexrad-level2/2023/04/11/KTLX/KTLX20230411_160323_V06,2023-04-11 16:03:23,2023-04-11 16:08:23
KTLX,s3://unidata-nexrad-level2/2023/04/11/KTLX/KTLX20230411_161014_V06,2023-04-11 16:10:14,2023-04-11 16:15:14
KTLX,s3://unidata-nexrad-level2/2023/04/11/KTLX/KTLX20230411_161656_V06,2023-04-11 16:16:56,2023-04-11 16:21:56
KTLX,s3://unidata-nexrad-level2/2023/04/11/KTLX/KTLX20230411_162351_V06,2023-04-11 16:23:51,2023-04-11 16:28:51
KTLX,s3://unidata-nexrad-level2/2023/04/11/KTLX/KTLX20230411_163033_V06,2023-04-11 16:30:33,2023-04-11 16:35:33
KTLX,s3://unidata-nexrad-level2/2023/04/11/KTLX/KTLX20230411_163719_V06,2023-04-11 16:37:19,2023-04-11 16:42:19
KTLX,s3://unidata-nexrad-level2/2023/04/11/KTLX/KTLX20230411_164420_V06,2023-04-11 16:44:20,2023-04-11 16:49:20
KTLX,s3://unidata-nexrad-level2/2023/04/11/KTLX/KTLX20230411_165120_V06,2023-04-11 16:51:20,2023-04-11 16:56:20
KTLX,s3://unidata-nexrad-level2/2023/04/11/KTLX/KTLX20230411_165812_V06,2023-04-11 16:58:12,2023-04-11 17:03:12
KTLX,s3://unidata-nexrad-level2/2023/04/11/KTLX/KTLX20230411_170515_V06,2023-04-11 17:05:15,2023-04-11 17:10:15
KTLX,s3://unidata-nexrad-level2/2023/04/11/KTLX/KTLX20230411_171207_V06,2023-04-11 17:12:07,2023-04-11 17:17:07
KTLX,s3://unidata-nexrad-level2/2023/04/11/KTLX/KTLX20230411_172018_V06,2023-04-11 17:20:18,2023-04-11 17:25:18
KTLX,s3://unidata-nexrad-level2/2023/04/11/KTLX/KTLX20230411_172710_V06,2023-04-11 17:27:10,2023-04-11 17:32:10
KTLX,s3://unidata-nexrad-level2/2023/04/11/KTLX/KTLX20230411_173357_V06,2023-04-11 17:33:57,2023-04-11 17:38:57
KTLX,s3://unidata-nexrad-level2/2023/04/11/KTLX/KTLX20230411_174057_V06,2023-04-11 17:40:57,2023-04-11 17:45:57
KTLX,s3://unidata-nexrad-level2/2023/04/11/KTLX/KTLX20230411_174745_V06,2023-04-11 17:47:45,2023-04-11 17:52:45
KTLX,s3://unidata-nexrad-level2/2023/04/11/KTLX/KTLX20230411_175446_V06,2023-04-11 17:54:46,2023-04-11 17:59:46
KTLX,s3://unidata-nexrad-level2/2023/04/11/KTLX/KTLX20230411_180138_V06,2023-04-11 18:01:38,2023-04-11 18:06:38
KTLX,s3://unidata-nexrad-level2/2023/04/11/KTLX/KTLX20230411_180829_V06,2023-04-11 18:08:29,2023-04-11 18:13:29
KTLX,s3://unidata-nexrad-level2/2023/04/11/KTLX/KTLX20230411_181519_V06,2023-04-11 18:15:19,2023-04-11 18:20:19
KTLX,s3://unidata-nexrad-level2/2023/04/11/KTLX/KTLX20230411_182214_V06,2023-04-11 18:22:14,2023-04-11 18:27:14
KTLX,s3://unidata-nexrad-level2/2023/04/11/KTLX/KTLX20230411_182904_V06,2023-04-11 18:29:04,2023-04-11 18:34:04
KTLX,s3://unidata-nexrad-level2/2023/04/11/KTLX/KTLX20230411_183605_V06,2023-04-11 18:36:05,2023-04-11 18:41:05
KTLX,s3://unidata-nexrad-level2/2023/04/11/KTLX/KTLX20230411_184255_V06,2023-04-11 18:42:55,2023-04-11 18:47:55
KTLX,s3://unidata-nexrad-level2/2023/04/11/KTLX/KTLX20230411_184957_V06,2023-04-11 18:49:57,2023-04-11 18:54:57
KTLX,s3://unidata-nexrad-level2/2023/04/11/KTLX/KTLX20230411_185652_V06,2023-04-11 18:56:52,2023-04-11 19:01:52
KTLX,s3://unidata-nexrad-level2/2023/04/11/KTLX/KTLX20230411_190354_V06,2023-04-11 19:03:54,2023-04-11 19:08:54
KTLX,s3://unidata-nexrad-level2/2023/04/11/KTLX/KTLX20230411_191044_V06,2023-04-11 19:10:44,2023-04-11 19:15:44
KTLX,s3://unidata-nexrad-level2/2023/04/11/KTLX/KTLX20230411_191745_V06,2023-04-11 19:17:45,2023-04-11 19:22:45
KTLX,s3://unidata-nexrad-level2/2023/04/11/KTLX/KTLX20230411_192436_V06,2023-04-11 19:24:36,2023-04-11 19:29:36
KTLX,s3://unidata-nexrad-level2/2023/04/11/KTLX/KTLX20230411_193137_V06,2023-04-11 19:31:37,2023-04-11 19:36:37
KTLX,s3://unidata-nexrad-level2/2023/04/11/KTLX/KTLX20230411_193826_V06,2023-04-11 19:38:26,2023-04-11 19:43:26
KTLX,s3://unidata-nexrad-level2/2023/04/11/KTLX/KTLX20230411_194521_V06,2023-04-11 19:45:21,2023-04-11 19:50:21
KTLX,s3://unidata-nexrad-level2/2023/04/11/KTLX/KTLX20230411_195211_V06,2023-04-11 19:52:11,2023-04-11 19:57:11
KTLX,s3://unidata-nexrad-level2/2023/04/11/KTLX/KTLX20230411_195902_V06,2023-04-11 19:59:02,2023-04-11 20:04:02
KTLX,s3://unidata-nexrad-level2/2023/04/11/KTLX/KTLX20230411_200604_V06,2023-04-11 20:06:04,2023-04-11 20:11:04
KTLX,s3://unidata-nexrad-level2/2023/04/11/KTLX/KTLX20230411_201255_V06,2023-04-11 20:12:55,2023-04-11 20:17:55
KTLX,s3://unidata-nexrad-level2/2023/04/11/KTLX/KTLX20230411_201958_V06,2023-04-11 20:19:58,2023-04-11 20:24:58
KTLX,s3://unidata-nexrad-level2/2023/04/11/KTLX/KTLX20230411_202700_V06,2023-04-11 20:27:00,2023-04-11 20:32:00
KTLX,s3://unidata-nexrad-level2/2023/04/11/KTLX/KTLX20230411_203356_V06,2023-04-11 20:33:56,2023-04-11 20:38:56
KTLX,s3://unidata-nexrad-level2/2023/04/11/KTLX/KTLX20230411_204051_V06,2023-04-11 20:40:51,2023-04-11 20:45:51
KTLX,s3://unidata-nexrad-level2/2023/04/11/KTLX/KTLX20230411_204753_V06,2023-04-11 20:47:53,2023-04-11 20:52:53
KTLX,s3://unidata-nexrad-level2/2023/04/11/KTLX/KTLX20230411_205456_V06,2023-04-11 20:54:56,2023-04-11 20:59:56
KTLX,s3://unidata-nexrad-level2/2023/04/11/KTLX/KTLX20230411_210153_V06,2023-04-11 21:01:53,2023-04-11 21:06:53
KTLX,s3://unidata-nexrad-level2/2023/04/11/KTLX/KTLX20230411_210845_V06,2023-04-11 21:08:45,2023-04-11 21:13:45
KTLX,s3://unidata-nexrad-level2/2023/04/11/KTLX/KTLX20230411_211535_V06,2023-04-11 21:15:35,2023-04-11 21:20:35
KTLX,s3://unidata-nexrad-level2/2023/04/11/KTLX/KTLX20230411_212237_V06,2023-04-11 21:22:37,2023-04-11 21:27:37
KTLX,s3://unidata-nexrad-level2/2023/04/11/KTLX/KTLX20230411_212934_V06,2023-04-11 21:29:34,2023-04-11 21:34:34
KTLX,s3://unidata-nexrad-level2/2023/04/11/KTLX/KTLX20230411_213635_V06,2023-04-11 21:36:35,2023-04-11 21:41:35
KTLX,s3://unidata-nexrad-level2/2023/04/11/KTLX/KTLX20230411_214325_V06,2023-04-11 21:43:25,2023-04-11 21:48:25
KTLX,s3://unidata-nexrad-level2/2023/04/11/KTLX/KTLX20230411_215028_V06,2023-04-11 21:50:28,2023-04-11 21:55:28
KTLX,s3://unidata-nexrad-level2/2023/04/11/KTLX/KTLX20230411_215730_V06,2023-04-11 21:57:30,2023-04-11 22:02:30
KTLX,s3://unidata-nexrad-level2/2023/04/11/KTLX/KTLX20230411_220426_V06,2023-04-11 22:04:26,2023-04-11 22:09:26
KTLX,s3://unidata-nexrad-level2/2023/04/11/KTLX/KTLX20230411_221120_V06,2023-04-11 22:11:20,2023-04-11 22:16:20
KTLX,s3://unidata-nexrad-level2/2023/04/11/KTLX/KTLX20230411_221821_V06,2023-04-11 22:18:21,2023-04-11 22:23:21
KTLX,s3://unidata-nexrad-level2/2023/04/11/KTLX/KTLX20230411_222516_V06,2023-04-11 22:25:16,2023-04-11 22:30:16
KTLX,s3://unidata-nexrad-level2/2023/04/11/KTLX/KTLX20230411_223211_V06,2023-04-11 22:32:11,2023-04-11 22:37:11
KTLX,s3://unidata-nexrad-level2/2023/04/11/KTLX/KTLX20230411_223858_V06,2023-04-11 22:38:58,2023-04-11 22:43:58
KTLX,s3://unidata-nexrad-level2/2023/04/11/KTLX/KTLX20230411_224553_V06,2023-04-11 22:45:53,2023-04-11 22:50:53
KTLX,s3://unidata-nexrad-level2/2023/04/11/KTLX/KTLX20230411_225254_V06,2023-04-11 22:52:54,2023-04-11 22:57:54
KTLX,s3://unidata-nexrad-level2/2023/04/11/KTLX/KTLX20230411_225956_V06,2023-04-11 22:59:56,2023-04-11 23:04:56
KTLX,s3://unidata-nexrad-level2/2023/04/11/KTLX/KTLX20230411_230644_V06,2023-04-11 23:06:44,2023-04-11 23:11:44
KTLX,s3://unidata-nexrad-level2/2023/04/11/KTLX/KTLX20230411_231335_V06,2023-04-11 23:13:35,2023-04-11 23:18:35
KTLX,s3://unidata-nexrad-level2/2023/04/11/KTLX/KTLX20230411_232031_V06,2023-04-11 23:20:31,2023-04-11 23:25:31
KTLX,s3://unidata-nexrad-level2/2023/04/11/KTLX/KTLX20230411_232721_V06,2023-04-11 23:27:21,2023-04-11 23:32:21
KTLX,s3://unidata-nexrad-level2/2023/04/11/KTLX/KTLX20230411_233409_V06,2023-04-11 23:34:09,2023-04-11 23:39:09
KTLX,s3://unidata-nexrad-level2/2023/04/11/KTLX/KTLX20230411_234105_V06,2023-04-11 23:41:05,2023-04-11 23:46:05
KTLX,s3://unidata-nexrad-level2/2023/04/11/KTLX/KTLX20230411_234759_V06,2023-04-11 23:47:59,2023-04-11 23:52:59
KTLX,s3://unidata-nexrad-level2/2023/04/11/KTLX/KTLX20230411_235455_V06,2023-04-11 23:54:55,2023-04-11 23:59:55
KTLX,s3://unidata-nexrad-level2/2023/04/12/KTLX/KTLX20230412_000150_V06,2023-04-12 00:01:50,2023-04-12 00:06:50
KTLX,s3://unidata-nexrad-level2/2023/04/12/KTLX/KTLX20230412_000832_V06,2023-04-12 00:08:32,2023-04-12 00:13:32
KTLX,s3://unidata-nexrad-level2/2023/04/12/KTLX/KTLX20230412_001519_V06,2023-04-12 00:15:19,2023-04-12 00:20:19
KTLX,s3://unidata-nexrad-level2/2023/04/12/KTLX/KTLX20230412_002205_V06,2023-04-12 00:22:05,2023-04-12 00:27:05
KTLX,s3://unidata-nexrad-level2/2023/04/12/KTLX/KTLX20230412_002852_V06,2023-04-12 00:28:52,2023-04-12 00:33:52
KTLX,s3://unidata-nexrad-level2/2023/04/12/KTLX/KTLX20230412_003554_V06,2023-04-12 00:35:54,2023-04-12 00:40:54
KTLX,s3://unidata-nexrad-level2/2023/04/12/KTLX/KTLX20230412_004256_V06,2023-04-12 00:42:56,2023-04-12 00:47:56
KTLX,s3://unidata-nexrad-level2/2023/04/12/KTLX/KTLX20230412_004956_V06,2023-04-12 00:49:56,2023-04-12 00:54:56
KTLX,s3://unidata-nexrad-level2/2023/04/12/KTLX/KTLX20230412_005657_V06,2023-04-12 00:56:57,2023-04-12 01:01:57
KTLX,s3://unidata-nexrad-level2/2023/04/12/KTLX/KTLX20230412_010358_V06,2023-04-12 01:03:58,2023-04-12 01:08:58
KTLX,s3://unidata-nexrad-level2/2023/04/12/KTLX/KTLX20230412_011059_V06,2023-04-12 01:10:59,2023-04-12 01:15:59
KTLX,s3://unidata-nexrad-level2/2023/04/12/KTLX/KTLX20230412_011759_V06,2023-04-12 01:17:59,2023-04-12 01:22:59
KTLX,s3://unidata-nexrad-level2/2023/04/12/KTLX/KTLX20230412_012613_V06,2023-04-12 01:26:13,2023-04-12 01:31:13
KTLX,s3://unidata-nexrad-level2/2023/04/12/KTLX/KTLX20230412_013314_V06,2023-04-12 01:33:14,2023-04-12 01:38:14
KTLX,s3://unidata-nexrad-level2/2023/04/12/KTLX/KTLX20230412_014006_V06,2023-04-12 01:40:06,2023-04-12 01:45:06
KTLX,s3://unidata-nexrad-level2/2023/04/12/KTLX/KTLX20230412_014701_V06,2023-04-12 01:47:01,2023-04-12 01:52:01
KTLX,s3://unidata-nexrad-level2/2023/04/12/KTLX/KTLX20230412_015403_V06,2023-04-12 01:54:03,2023-04-12 01:59:03
KTLX,s3://unidata-nexrad-level2/2023/04/12/KTLX/KTLX20230412_020104_V06,2023-04-12 02:01:04,2023-04-12 02:06:04
KTLX,s3://unidata-nexrad-level2/2023/04/12/KTLX/KTLX20230412_020804_V06,2023-04-12 02:08:04,2023-04-12 02:13:04
KTLX,s3://unidata-nexrad-level2/2023/04/12/KTLX/KTLX20230412_021506_V06,2023-04-12 02:15:06,2023-04-12 02:20:06
KTLX,s3://unidata-nexrad-level2/2023/04/12/KTLX/KTLX20230412_022208_V06,2023-04-12 02:22:08,2023-04-12 02:27:08
KTLX,s3://unidata-nexrad-level2/2023/04/12/KTLX/KTLX20230412_022909_V06,2023-04-12 02:29:09,2023-04-12 02:34:09
KTLX,s3://unidata-nexrad-level2/2023/04/12/KTLX/KTLX20230412_023611_V06,2023-04-12 02:36:11,2023-04-12 02:41:11
KTLX,s3://unidata-nexrad-level2/2023/04/12/KTLX/KTLX20230412_024311_V06,2023-04-12 02:43:11,2023-04-12 02:48:11
KTLX,s3://unidata-nexrad-level2/2023/04/12/KTLX/KTLX20230412_025012_V06,2023-04-12 02:50:12,2023-04-12 02:55:12
KTLX,s3://unidata-nexrad-level2/2023/04/12/KTLX/KTLX20230412_025714_V06,2023-04-12 02:57:14,2023-04-12 03:02:14
KTLX,s3://unidata-nexrad-level2/2023/04/12/KTLX/KTLX20230412_030416_V06,2023-04-12 03:04:16,2023-04-12 03:09:16
KTLX,s3://unidata-nexrad-level2/2023/04/12/KTLX/KTLX20230412_031116_V06,2023-04-12 03:11:16,2023-04-12 03:16:16
KTLX,s3://unidata-nexrad-level2/2023/04/12/KTLX/KTLX20230412_031818_V06,2023-04-12 03:18:18,2023-04-12 03:23:18
KTLX,s3://unidata-nexrad-level2/2023/04/12/KTLX/KTLX20230412_032519_V06,2023-04-12 03:25:19,2023-04-12 03:30:19
KTLX,s3://unidata-nexrad-level2/2023/04/12/KTLX/KTLX20230412_033221_V06,2023-04-12 03:32:21,2023-04-12 03:37:21
KTLX,s3://unidata-nexrad-level2/2023/04/12/KTLX/KTLX20230412_033922_V06,2023-04-12 03:39:22,2023-04-12 03:44:22
KTLX,s3://unidata-nexrad-level2/2023/04/12/KTLX/KTLX20230412_034622_V06,2023-04-12 03:46:22,2023-04-12 03:51:22
KTLX,s3://unidata-nexrad-level2/2023/04/12/KTLX/KTLX20230412_035323_V06,2023-04-12 03:53:23,2023-04-12 03:58:23
KTLX,s3://unidata-nexrad-level2/2023/04/12/KTLX/KTLX20230412_040025_V06,2023-04-12 04:00:25,2023-04-12 04:05:25
KTLX,s3://unidata-nexrad-level2/2023/04/12/KTLX/KTLX20230412_040727_V06,2023-04-12 04:07:27,2023-04-12 04:12:27
KTLX,s3://unidata-nexrad-level2/2023/04/12/KTLX/KTLX20230412_041428_V06,2023-04-12 04:14:28,2023-04-12 04:19:28
KTLX,s3://unidata-nexrad-level2/2023/04/12/KTLX/KTLX20230412_042129_V06,2023-04-12 04:21:29,2023-04-12 04:26:29
KTLX,s3://unidata-nexrad-level2/2023/04/12/KTLX/KTLX20230412_042830_V06,2023-04-12 04:28:30,2023-04-12 04:33:30
KTLX,s3://unidata-nexrad-level2/2023/04/12/KTLX/KTLX20230412_043533_V06,2023-04-12 04:35:33,2023-04-12 04:40:33
KTLX,s3://unidata-nexrad-level2/2023/04/12/KTLX/KTLX20230412_044234_V06,2023-04-12 04:42:34,2023-04-12 04:47:34
KTLX,s3://unidata-nexrad-level2/2023/04/12/KTLX/KTLX20230412_044935_V06,2023-04-12 04:49:35,2023-04-12 04:54:35
KTLX,s3://unidata-nexrad-level2/2023/04/12/KTLX/KTLX20230412_045637_V06,2023-04-12 04:56:37,2023-04-12 05:01:37
KTLX,s3://unidata-nexrad-level2/2023/04/12/KTLX/KTLX20230412_050339_V06,2023-04-12 05:03:39,2023-04-12 05:08:39
KTLX,s3://unidata-nexrad-level2/2023/04/12/KTLX/KTLX20230412_051040_V06,2023-04-12 05:10:40,2023-04-12 05:15:40
KTLX,s3://unidata-nexrad-level2/2023/04/12/KTLX/KTLX20230412_051743_V06,2023-04-12 05:17:43,2023-04-12 05:22:43
KTLX,s3://unidata-nexrad-level2/2023/04/12/KTLX/KTLX20230412_052444_V06,2023-04-12 05:24:44,2023-04-12 05:29:44
KTLX,s3://unidata-nexrad-level2/2023/04/12/KTLX/KTLX20230412_053145_V06,2023-04-12 05:31:45,2023-04-12 05:36:45
KTLX,s3://unidata-nexrad-level2/2023/04/12/KTLX/KTLX20230412_053847_V06,2023-04-12 05:38:47,2023-04-12 05:43:47
KTLX,s3://unidata-nexrad-level2/2023/04/12/KTLX/KTLX20230412_054547_V06,2023-04-12 05:45:47,2023-04-12 05:50:47
KTLX,s3://unidata-nexrad-level2/2023/04/12/KTLX/KTLX20230412_055248_V06,2023-04-12 05:52:48,2023-04-12 05:57:48
KTLX,s3://unidata-nexrad-level2/2023/04/12/KTLX/KTLX20230412_055950_V06,2023-04-12 05:59:50,2023-04-12 06:04:50
KTLX,s3://unidata-nexrad-level2/2023/04/12/KTLX/KTLX20230412_060651_V06,2023-04-12 06:06:51,2023-04-12 06:11:51
KTLX,s3://unidata-nexrad-level2/2023/04/12/KTLX/KTLX20230412_061352_V06,2023-04-12 06:13:52,2023-04-12 06:18:52
KTLX,s3://unidata-nexrad-level2/2023/04/12/KTLX/KTLX20230412_062054_V06,2023-04-12 06:20:54,2023-04-12 06:25:54
KTLX,s3://unidata-nexrad-level2/2023/04/12/KTLX/KTLX20230412_062756_V06,2023-04-12 06:27:56,2023-04-12 06:32:56
KTLX,s3://unidata-nexrad-level2/2023/04/12/KTLX/KTLX20230412_063459_V06,2023-04-12 06:34:59,2023-04-12 06:39:59
KTLX,s3://unidata-nexrad-level2/2023/04/12/KTLX/KTLX20230412_064200_V06,2023-04-12 06:42:00,2023-04-12 06:47:00
KTLX,s3://unidata-nexrad-level2/2023/04/12/KTLX/KTLX20230412_064902_V06,2023-04-12 06:49:02,2023-04-12 06:54:02
KTLX,s3://unidata-nexrad-level2/2023/04/12/KTLX/KTLX20230412_065604_V06,2023-04-12 06:56:04,2023-04-12 07:01:04
KTLX,s3://unidata-nexrad-level2/2023/04/12/KTLX/KTLX20230412_070306_V06,2023-04-12 07:03:06,2023-04-12 07:08:06
KTLX,s3://unidata-nexrad-level2/2023/04/12/KTLX/KTLX20230412_071006_V06,2023-04-12 07:10:06,2023-04-12 07:15:06
KTLX,s3://unidata-nexrad-level2/2023/04/12/KTLX/KTLX20230412_071707_V06,2023-04-12 07:17:07,2023-04-12 07:22:07
KTLX,s3://unidata-nexrad-level2/2023/04/12/KTLX/KTLX20230412_072410_V06,2023-04-12 07:24:10,2023-04-12 07:29:10
KTLX,s3://unidata-nexrad-level2/2023/04/12/KTLX/KTLX20230412_073111_V06,2023-04-12 07:31:11,2023-04-12 07:36:11
KTLX,s3://unidata-nexrad-level2/2023/04/12/KTLX/KTLX20230412_073812_V06,2023-04-12 07:38:12,2023-04-12 07:43:12
KTLX,s3://unidata-nexrad-level2/2023/04/12/KTLX/KTLX20230412_074514_V06,2023-04-12 07:45:14,2023-04-12 07:50:14
KTLX,s3://unidata-nexrad-level2/2023/04/12/KTLX/KTLX20230412_075217_V06,2023-04-12 07:52:17,2023-04-12 07:57:17
KTLX,s3://unidata-nexrad-level2/2023/04/12/KTLX/KTLX20230412_075918_V06,2023-04-12 07:59:18,2023-04-12 08:04:18
KTLX,s3://unidata-nexrad-level2/2023/04/12/KTLX/KTLX20230412_080618_V06,2023-04-12 08:06:18,2023-04-12 08:11:18
KTLX,s3://unidata-nexrad-level2/2023/04/12/KTLX/KTLX20230412_081321_V06,2023-04-12 08:13:21,2023-04-12 08:18:21
KTLX,s3://unidata-nexrad-level2/2023/04/12/KTLX/KTLX20230412_082022_V06,2023-04-12 08:20:22,2023-04-12 08:25:22
KTLX,s3://unidata-nexrad-level2/2023/04/12/KTLX/KTLX20230412_082723_V06,2023-04-12 08:27:23,2023-04-12 08:32:23
KTLX,s3://unidata-nexrad-level2/2023/04/12/KTLX/KTLX20230412_083424_V06,2023-04-12 08:34:24,2023-04-12 08:39:24
KTLX,s3://unidata-nexrad-level2/2023/04/12/KTLX/KTLX20230412_084124_V06,2023-04-12 08:41:24,2023-04-12 08:46:24
KTLX,s3://unidata-nexrad-level2/2023/04/12/KTLX/KTLX20230412_084825_V06,2023-04-12 08:48:25,2023-04-12 08:53:25
KTLX,s3://unidata-nexrad-level2/2023/04/12/KTLX/KTLX20230412_085526_V06,2023-04-12 08:55:26,2023-04-12 09:00:26
KTLX,s3://unidata-nexrad-level2/2023/04/12/KTLX/KTLX20230412_090227_V06,2023-04-12 09:02:27,2023-04-12 09:07:27
KTLX,s3://unidata-nexrad-level2/2023/04/12/KTLX/KTLX20230412_090929_V06,2023-04-12 09:09:29,2023-04-12 09:14:29
KTLX,s3://unidata-nexrad-level2/2023/04/12/KTLX/KTLX20230412_091631_V06,2023-04-12 09:16:31,2023-04-12 09:21:31
KTLX,s3://unidata-nexrad-level2/2023/04/12/KTLX/KTLX20230412_092332_V06,2023-04-12 09:23:32,2023-04-12 09:28:32
KTLX,s3://unidata-nexrad-level2/2023/04/12/KTLX/KTLX20230412_093144_V06,2023-04-12 09:31:44,2023-04-12 09:36:44
KTLX,s3://unidata-nexrad-level2/2023/04/12/KTLX/KTLX20230412_093846_V06,2023-04-12 09:38:46,2023-04-12 09:43:46
KTLX,s3://unidata-nexrad-level2/2023/04/12/KTLX/KTLX20230412_094547_V06,2023-04-12 09:45:47,2023-04-12 09:50:47
KTLX,s3://unidata-nexrad-level2/2023/04/12/KTLX/KTLX20230412_095249_V06,2023-04-12 09:52:49,2023-04-12 09:57:49
KTLX,s3://unidata-nexrad-level2/2023/04/12/KTLX/KTLX20230412_095950_V06,2023-04-12 09:59:50,2023-04-12 10:04:50
KTLX,s3://unidata-nexrad-level2/2023/04/12/KTLX/KTLX20230412_100651_V06,2023-04-12 10:06:51,2023-04-12 10:11:51
KTLX,s3://unidata-nexrad-level2/2023/04/12/KTLX/KTLX20230412_101352_V06,2023-04-12 10:13:52,2023-04-12 10:18:52
KTLX,s3://unidata-nexrad-level2/2023/04/12/KTLX/KTLX20230412_102055_V06,2023-04-12 10:20:55,2023-04-12 10:25:55
KTLX,s3://unidata-nexrad-level2/2023/04/12/KTLX/KTLX20230412_102756_V06,2023-04-12 10:27:56,2023-04-12 10:32:56
KTLX,s3://unidata-nexrad-level2/2023/04/12/KTLX/KTLX20230412_103457_V06,2023-04-12 10:34:57,2023-04-12 10:39:57
KTLX,s3://unidata-nexrad-level2/2023/04/12/KTLX/KTLX20230412_104200_V06,2023-04-12 10:42:00,2023-04-12 10:47:00
KTLX,s3://unidata-nexrad-level2/2023/04/12/KTLX/KTLX20230412_104901_V06,2023-04-12 10:49:01,2023-04-12 10:54:01
KTLX,s3://unidata-nexrad-level2/2023/04/12/KTLX/KTLX20230412_105603_V06,2023-04-12 10:56:03,2023-04-12 11:01:03
KTLX,s3://unidata-nexrad-level2/2023/04/12/KTLX/KTLX20230412_110304_V06,2023-04-12 11:03:04,2023-04-12 11:08:04
KTLX,s3://unidata-nexrad-level2/2023/04/12/KTLX/KTLX20230412_111005_V06,2023-04-12 11:10:05,2023-04-12 11:15:05
KTLX,s3://unidata-nexrad-level2/2023/04/12/KTLX/KTLX20230412_111707_V06,2023-04-12 11:17:07,2023-04-12 11:22:07
KTLX,s3://unidata-nexrad-level2/2023/04/12/KTLX/KTLX20230412_112409_V06,2023-04-12 11:24:09,2023-04-12 11:29:09
KTLX,s3://unidata-nexrad-level2/2023/04/12/KTLX/KTLX20230412_113112_V06,2023-04-12 11:31:12,2023-04-12 11:36:12
KTLX,s3://unidata-nexrad-level2/2023/04/12/KTLX/KTLX20230412_113813_V06,2023-04-12 11:38:13,2023-04-12 11:43:13
KTLX,s3://unidata-nexrad-level2/2023/04/12/KTLX/KTLX20230412_114515_V06,2023-04-12 11:45:15,2023-04-12 11:50:15
KTLX,s3://unidata-nexrad-level2/2023/04/12/KTLX/KTLX20230412_115216_V06,2023-04-12 11:52:16,2023-04-12 11:57:16
KTLX,s3://unidata-nexrad-level2/2023/04/12/KTLX/KTLX20230412_115907_V06,2023-04-12 11:59:07,2023-04-12 12:04:07
KTLX,s3://unidata-nexrad-level2/2023/04/12/KTLX/KTLX20230412_120602_V06,2023-04-12 12:06:02,2023-04-12 12:11:02
KTLX,s3://unidata-nexrad-level2/2023/04/12/KTLX/KTLX20230412_121305_V06,2023-04-12 12:13:05,2023-04-12 12:18:05
KTLX,s3://unidata-nexrad-level2/2023/04/12/KTLX/KTLX20230412_122007_V06,2023-04-12 12:20:07,2023-04-12 12:25:07
KTLX,s3://unidata-nexrad-level2/2023/04/12/KTLX/KTLX20230412_122708_V06,2023-04-12 12:27:08,2023-04-12 12:32:08
KTLX,s3://unidata-nexrad-level2/2023/04/12/KTLX/KTLX20230412_123409_V06,2023-04-12 12:34:09,2023-04-12 12:39:09
KTLX,s3://unidata-nexrad-level2/2023/04/12/KTLX/KTLX20230412_124111_V06,2023-04-12 12:41:11,2023-04-12 12:46:11
KTLX,s3://unidata-nexrad-level2/2023/04/12/KTLX/KTLX20230412_124812_V06,2023-04-12 12:48:12,2023-04-12 12:53:12
KTLX,s3://unidata-nexrad-level2/2023/04/12/KTLX/KTLX20230412_125503_V06,2023-04-12 12:55:03,2023-04-12 13:00:03
KTLX,s3://unidata-nexrad-level2/2023/04/12/KTLX/KTLX20230412_130204_V06,2023-04-12 13:02:04,2023-04-12 13:07:04
KTLX,s3://unidata-nexrad-level2/2023/04/12/KTLX/KTLX20230412_130900_V06,2023-04-12 13:09:00,2023-04-12 13:14:00
KTLX,s3://unidata-nexrad-level2/2023/04/12/KTLX/KTLX20230412_131601_V06,2023-04-12 13:16:01,2023-04-12 13:21:01
KTLX,s3://unidata-nexrad-level2/2023/04/12/KTLX/KTLX20230412_132303_V06,2023-04-12 13:23:03,2023-04-12 13:28:03
KTLX,s3://unidata-nexrad-level2/2023/04/12/KTLX/KTLX20230412_133005_V06,2023-04-12 13:30:05,2023-04-12 13:35:05
KTLX,s3://unidata-nexrad-level2/2023/04/12/KTLX/KTLX20230412_133706_V06,2023-04-12 13:37:06,2023-04-12 13:42:06
KTLX,s3://unidata-nexrad-level2/2023/04/12/KTLX/KTLX20230412_134408_V06,2023-04-12 13:44:08,2023-04-12 13:49:08
KTLX,s3://unidata-nexrad-level2/2023/04/12/KTLX/KTLX20230412_135110_V06,2023-04-12 13:51:10,2023-04-12 13:56:10
KTLX,s3://unidata-nexrad-level2/2023/04/12/KTLX/KTLX20230412_135812_V06,2023-04-12 13:58:12,2023-04-12 14:03:12
KTLX,s3://unidata-nexrad-level2/2023/04/12/KTLX/KTLX20230412_140514_V06,2023-04-12 14:05:14,2023-04-12 14:10:14
KTLX,s3://unidata-nexrad-level2/2023/04/12/KTLX/KTLX20230412_141215_V06,2023-04-12 14:12:15,2023-04-12 14:17:15
KTLX,s3://unidata-nexrad-level2/2023/04/12/KTLX/KTLX20230412_141911_V06,2023-04-12 14:19:11,2023-04-12 14:24:11
KTLX,s3://unidata-nexrad-level2/2023/04/12/KTLX/KTLX20230412_142607_V06,2023-04-12 14:26:07,2023-04-12 14:31:07
KTLX,s3://unidata-nexrad-level2/2023/04/12/KTLX/KTLX20230412_143308_V06,2023-04-12 14:33:08,2023-04-12 14:38:08
KTLX,s3://unidata-nexrad-level2/2023/04/12/KTLX/KTLX20230412_144010_V06,2023-04-12 14:40:10,2023-04-12 14:45:10
KTLX,s3://unidata-nexrad-level2/2023/04/12/KTLX/KTLX20230412_144713_V06,2023-04-12 14:47:13,2023-04-12 14:52:13
KTLX,s3://unidata-nexrad-level2/2023/04/12/KTLX/KTLX20230412_145405_V06,2023-04-12 14:54:05,2023-04-12 14:59:05
KTLX,s3://unidata-nexrad-level2/2023/04/12/KTLX/KTLX20230412_150054_V06,2023-04-12 15:00:54,2023-04-12 15:05:54
KTLX,s3://unidata-nexrad-level2/2023/04/12/KTLX/KTLX20230412_150755_V06,2023-04-12 15:07:55,2023-04-12 15:12:55
KTLX,s3://unidata-nexrad-level2/2023/04/12/KTLX/KTLX20230412_151457_V06,2023-04-12 15:14:57,2023-04-12 15:19:57
KTLX,s3://unidata-nexrad-level2/2023/04/12/KTLX/KTLX20230412_152153_V06,2023-04-12 15:21:53,2023-04-12 15:26:53
KTLX,s3://unidata-nexrad-level2/2023/04/12/KTLX/KTLX20230412_152840_V06,2023-04-12 15:28:40,2023-04-12 15:33:40
KTLX,s3://unidata-nexrad-level2/2023/04/12/KTLX/KTLX20230412_153536_V06,2023-04-12 15:35:36,2023-04-12 15:40:36
KTLX,s3://unidata-nexrad-level2/2023/04/12/KTLX/KTLX20230412_154232_V06,2023-04-12 15:42:32,2023-04-12 15:47:32
KTLX,s3://unidata-nexrad-level2/2023/04/12/KTLX/KTLX20230412_154914_V06,2023-04-12 15:49:14,2023-04-12 15:54:14
KTLX,s3://unidata-nexrad-level2/2023/04/12/KTLX/KTLX20230412_155605_V06,2023-04-12 15:56:05,2023-04-12 16:01:05
KTLX,s3://unidata-nexrad-level2/2023/04/12/KTLX/KTLX20230412_160307_V06,2023-04-12 16:03:07,2023-04-12 16:08:07
KTLX,s3://unidata-nexrad-level2/2023/04/12/KTLX/KTLX20230412_160958_V06,2023-04-12 16:09:58,2023-04-12 16:14:58
KTLX,s3://unidata-nexrad-level2/2023/04/12/KTLX/KTLX20230412_161659_V06,2023-04-12 16:16:59,2023-04-12 16:21:59
KTLX,s3://unidata-nexrad-level2/2023/04/12/KTLX/KTLX20230412_162348_V06,2023-04-12 16:23:48,2023-04-12 16:28:48
KTLX,s3://unidata-nexrad-level2/2023/04/12/KTLX/KTLX20230412_163051_V06,2023-04-12 16:30:51,2023-04-12 16:35:51
KTLX,s3://unidata-nexrad-level2/2023/04/12/KTLX/KTLX20230412_163742_V06,2023-04-12 16:37:42,2023-04-12 16:42:42
KTLX,s3://unidata-nexrad-level2/2023/04/12/KTLX/KTLX20230412_164444_V06,2023-04-12 16:44:44,2023-04-12 16:49:44
KTLX,s3://unidata-nexrad-level2/2023/04/12/KTLX/KTLX20230412_165144_V06,2023-04-12 16:51:44,2023-04-12 16:56:44
KTLX,s3://unidata-nexrad-level2/2023/04/12/KTLX/KTLX20230412_165834_V06,2023-04-12 16:58:34,2023-04-12 17:03:34
KTLX,s3://unidata-nexrad-level2/2023/04/12/KTLX/KTLX20230412_170537_V06,2023-04-12 17:05:37,2023-04-12 17:10:37
KTLX,s3://unidata-nexrad-level2/2023/04/12/KTLX/KTLX20230412_171228_V06,2023-04-12 17:12:28,2023-04-12 17:17:28
KTLX,s3://unidata-nexrad-level2/2023/04/12/KTLX/KTLX20230412_171929_V06,2023-04-12 17:19:29,2023-04-12 17:24:29
KTLX,s3://unidata-nexrad-level2/2023/04/12/KTLX/KTLX20230412_172623_V06,2023-04-12 17:26:23,2023-04-12 17:31:23
KTLX,s3://unidata-nexrad-level2/2023/04/12/KTLX/KTLX20230412_173431_V06,2023-04-12 17:34:31,2023-04-12 17:39:31
KTLX,s3://unidata-nexrad-level2/2023/04/12/KTLX/KTLX20230412_174122_V06,2023-04-12 17:41:22,2023-04-12 17:46:22
KTLX,s3://unidata-nexrad-level2/2023/04/12/KTLX/KTLX20230412_174824_V06,2023-04-12 17:48:24,2023-04-12 17:53:24
KTLX,s3://unidata-nexrad-level2/2023/04/12/KTLX/KTLX20230412_175518_V06,2023-04-12 17:55:18,2023-04-12 18:00:18
KTLX,s3://unidata-nexrad-level2/2023/04/12/KTLX/KTLX20230412_180213_V06,2023-04-12 18:02:13,2023-04-12 18:07:13
KTLX,s3://unidata-nexrad-level2/2023/04/12/KTLX/KTLX20230412_180903_V06,2023-04-12 18:09:03,2023-04-12 18:14:03
KTLX,s3://unidata-nexrad-level2/2023/04/12/KTLX/KTLX20230412_181559_V06,2023-04-12 18:15:59,2023-04-12 18:20:59
KTLX,s3://unidata-nexrad-level2/2023/04/12/KTLX/KTLX20230412_182253_V06,2023-04-12 18:22:53,2023-04-12 18:27:53
KTLX,s3://unidata-nexrad-level2/2023/04/12/KTLX/KTLX20230412_182955_V06,2023-04-12 18:29:55,2023-04-12 18:34:55
KTLX,s3://unidata-nexrad-level2/2023/04/12/KTLX/KTLX20230412_183646_V06,2023-04-12 18:36:46,2023-04-12 18:41:46
KTLX,s3://unidata-nexrad-level2/2023/04/12/KTLX/KTLX20230412_184348_V06,2023-04-12 18:43:48,2023-04-12 18:48:48
KTLX,s3://unidata-nexrad-level2/2023/04/12/KTLX/KTLX20230412_185045_V06,2023-04-12 18:50:45,2023-04-12 18:55:45
KTLX,s3://unidata-nexrad-level2/2023/04/12/KTLX/KTLX20230412_185740_V06,2023-04-12 18:57:40,2023-04-12 19:02:40
KTLX,s3://unidata-nexrad-level2/2023/04/12/KTLX/KTLX20230412_190431_V06,2023-04-12 19:04:31,2023-04-12 19:09:31
KTLX,s3://unidata-nexrad-level2/2023/04/12/KTLX/KTLX20230412_191127_V06,2023-04-12 19:11:27,2023-04-12 19:16:27
KTLX,s3://unidata-nexrad-level2/2023/04/12/KTLX/KTLX20230412_191819_V06,2023-04-12 19:18:19,2023-04-12 19:23:19
KTLX,s3://unidata-nexrad-level2/2023/04/12/KTLX/KTLX20230412_192510_V06,2023-04-12 19:25:10,2023-04-12 19:30:10
KTLX,s3://unidata-nexrad-level2/2023/04/12/KTLX/KTLX20230412_193206_V06,2023-04-12 19:32:06,2023-04-12 19:37:06
KTLX,s3://unidata-nexrad-level2/2023/04/12/KTLX/KTLX20230412_193858_V06,2023-04-12 19:38:58,2023-04-12 19:43:58
KTLX,s3://unidata-nexrad-level2/2023/04/12/KTLX/KTLX20230412_194549_V06,2023-04-12 19:45:49,2023-04-12 19:50:49
KTLX,s3://unidata-nexrad-level2/2023/04/12/KTLX/KTLX20230412_195244_V06,2023-04-12 19:52:44,2023-04-12 19:57:44
KTLX,s3://unidata-nexrad-level2/2023/04/12/KTLX/KTLX20230412_195936_V06,2023-04-12 19:59:36,2023-04-12 20:04:36
KTLX,s3://unidata-nexrad-level2/2023/04/12/KTLX/KTLX20230412_200628_V06,2023-04-12 20:06:28,2023-04-12 20:11:28
KTLX,s3://unidata-nexrad-level2/2023/04/12/KTLX/KTLX20230412_201331_V06,2023-04-12 20:13:31,2023-04-12 20:18:31
KTLX,s3://unidata-nexrad-level2/2023/04/12/KTLX/KTLX20230412_202033_V06,2023-04-12 20:20:33,2023-04-12 20:25:33
KTLX,s3://unidata-nexrad-level2/2023/04/12/KTLX/KTLX20230412_202729_V06,2023-04-12 20:27:29,2023-04-12 20:32:29
KTLX,s3://unidata-nexrad-level2/2023/04/12/KTLX/KTLX20230412_203431_V06,2023-04-12 20:34:31,2023-04-12 20:39:31
KTLX,s3://unidata-nexrad-level2/2023/04/12/KTLX/KTLX20230412_204133_V06,2023-04-12 20:41:33,2023-04-12 20:46:33
KTLX,s3://unidata-nexrad-level2/2023/04/12/KTLX/KTLX20230412_204835_V06,2023-04-12 20:48:35,2023-04-12 20:53:35
KTLX,s3://unidata-nexrad-level2/2023/04/12/KTLX/KTLX20230412_205535_V06,2023-04-12 20:55:35,2023-04-12 21:00:35
KTLX,s3://unidata-nexrad-level2/2023/04/12/KTLX/KTLX20230412_210237_V06,2023-04-12 21:02:37,2023-04-12 21:07:37
KTLX,s3://unidata-nexrad-level2/2023/04/12/KTLX/KTLX20230412_210932_V06,2023-04-12 21:09:32,2023-04-12 21:14:32
KTLX,s3://unidata-nexrad-level2/2023/04/12/KTLX/KTLX20230412_211633_V06,2023-04-12 21:16:33,2023-04-12 21:21:33
KTLX,s3://unidata-nexrad-level2/2023/04/12/KTLX/KTLX20230412_212333_V06,2023-04-12 21:23:33,2023-04-12 21:28:33
KTLX,s3://unidata-nexrad-level2/2023/04/12/KTLX/KTLX20230412_213030_V06,2023-04-12 21:30:30,2023-04-12 21:35:30
KTLX,s3://unidata-nexrad-level2/2023/04/12/KTLX/KTLX20230412_213727_V06,2023-04-12 21:37:27,2023-04-12 21:42:27
KTLX,s3://unidata-nexrad-level2/2023/04/12/KTLX/KTLX20230412_214430_V06,2023-04-12 21:44:30,2023-04-12 21:49:30
KTLX,s3://unidata-nexrad-level2/2023/04/12/KTLX/KTLX20230412_215131_V06,2023-04-12 21:51:31,2023-04-12 21:56:31
KTLX,s3://unidata-nexrad-level2/2023/04/12/KTLX/KTLX20230412_215821_V06,2023-04-12 21:58:21,2023-04-12 22:03:21
KTLX,s3://unidata-nexrad-level2/2023/04/12/KTLX/KTLX20230412_220523_V06,2023-04-12 22:05:23,2023-04-12 22:10:23
KTLX,s3://unidata-nexrad-level2/2023/04/12/KTLX/KTLX20230412_221211_V06,2023-04-12 22:12:11,2023-04-12 22:17:11
KTLX,s3://unidata-nexrad-level2/2023/04/12/KTLX/KTLX20230412_221903_V06,2023-04-12 22:19:03,2023-04-12 22:24:03
KTLX,s3://unidata-nexrad-level2/2023/04/12/KTLX/KTLX20230412_222553_V06,2023-04-12 22:25:53,2023-04-12 22:30:53
KTLX,s3://unidata-nexrad-level2/2023/04/12/KTLX/KTLX20230412_223256_V06,2023-04-12 22:32:56,2023-04-12 22:37:56
KTLX,s3://unidata-nexrad-level2/2023/04/12/KTLX/KTLX20230412_223948_V06,2023-04-12 22:39:48,2023-04-12 22:44:48
KTLX,s3://unidata-nexrad-level2/2023/04/12/KTLX/KTLX20230412_224645_V06,2023-04-12 22:46:45,2023-04-12 22:51:45
KTLX,s3://unidata-nexrad-level2/2023/04/12/KTLX/KTLX20230412_225339_V06,2023-04-12 22:53:39,2023-04-12 22:58:39
KTLX,s3://unidata-nexrad-level2/2023/04/12/KTLX/KTLX20230412_230027_V06,2023-04-12 23:00:27,2023-04-12 23:05:27
KTLX,s3://unidata-nexrad-level2/2023/04/12/KTLX/KTLX20230412_230714_V06,2023-04-12 23:07:14,2023-04-12 23:12:14
KTLX,s3://unidata-nexrad-level2/2023/04/12/KTLX/KTLX20230412_231400_V06,2023-04-12 23:14:00,2023-04-12 23:19:00
KTLX,s3://unidata-nexrad-level2/2023/04/12/KTLX/KTLX20230412_232042_V06,2023-04-12 23:20:42,2023-04-12 23:25:42
KTLX,s3://unidata-nexrad-level2/2023/04/12/KTLX/KTLX20230412_232730_V06,2023-04-12 23:27:30,2023-04-12 23:32:30
KTLX,s3://unidata-nexrad-level2/2023/04/12/KTLX/KTLX20230412_233433_V06,2023-04-12 23:34:33,2023-04-12 23:39:33
KTLX,s3://unidata-nexrad-level2/2023/04/12/KTLX/KTLX20230412_234135_V06,2023-04-12 23:41:35,2023-04-12 23:46:35
KTLX,s3://unidata-nexrad-level2/2023/04/12/KTLX/KTLX20230412_234825_V06,2023-04-12 23:48:25,2023-04-12 23:53:25
KTLX,s3://unidata-nexrad-level2/2023/04/12/KTLX/KTLX20230412_235508_V06,2023-04-12 23:55:08,2023-04-13 00:00:08
KTLX,s3://unidata-nexrad-level2/2023/04/13/KTLX/KTLX20230413_000155_V06,2023-04-13 00:01:55,2023-04-13 00:06:55
KTLX,s3://unidata-nexrad-level2/2023/04/13/KTLX/KTLX20230413_000838_V06,2023-04-13 00:08:38,2023-04-13 00:13:38
KTLX,s3://unidata-nexrad-level2/2023/04/13/KTLX/KTLX20230413_001521_V06,2023-04-13 00:15:21,2023-04-13 00:20:21
KTLX,s3://unidata-nexrad-level2/2023/04/13/KTLX/KTLX20230413_002223_V06,2023-04-13 00:22:23,2023-04-13 00:27:23
KTLX,s3://unidata-nexrad-level2/2023/04/13/KTLX/KTLX20230413_002915_V06,2023-04-13 00:29:15,2023-04-13 00:34:15
KTLX,s3://unidata-nexrad-level2/2023/04/13/KTLX/KTLX20230413_003610_V06,2023-04-13 00:36:10,2023-04-13 00:41:10
KTLX,s3://unidata-nexrad-level2/2023/04/13/KTLX/KTLX20230413_004300_V06,2023-04-13 00:43:00,2023-04-13 00:48:00
KTLX,s3://unidata-nexrad-level2/2023/04/13/KTLX/KTLX20230413_004954_V06,2023-04-13 00:49:54,2023-04-13 00:54:54
KTLX,s3://unidata-nexrad-level2/2023/04/13/KTLX/KTLX20230413_005656_V06,2023-04-13 00:56:56,2023-04-13 01:01:56
KTLX,s3://unidata-nexrad-level2/2023/04/13/KTLX/KTLX20230413_010358_V06,2023-04-13 01:03:58,2023-04-13 01:08:58
KTLX,s3://unidata-nexrad-level2/2023/04/13/KTLX/KTLX20230413_011100_V06,2023-04-13 01:11:00,2023-04-13 01:16:00
KTLX,s3://unidata-nexrad-level2/2023/04/13/KTLX/KTLX20230413_011800_V06,2023-04-13 01:18:00,2023-04-13 01:23:00
KTLX,s3://unidata-nexrad-level2/2023/04/13/KTLX/KTLX20230413_012501_V06,2023-04-13 01:25:01,2023-04-13 01:30:01
KTLX,s3://unidata-nexrad-level2/2023/04/13/KTLX/KTLX20230413_013202_V06,2023-04-13 01:32:02,2023-04-13 01:37:02
KTLX,s3://unidata-nexrad-level2/2023/04/13/KTLX/KTLX20230413_014015_V06,2023-04-13 01:40:15,2023-04-13 01:45:15
KTLX,s3://unidata-nexrad-level2/2023/04/13/KTLX/KTLX20230413_014718_V06,2023-04-13 01:47:18,2023-04-13 01:52:18
KTLX,s3://unidata-nexrad-level2/2023/04/13/KTLX/KTLX20230413_015419_V06,2023-04-13 01:54:19,2023-04-13 01:59:19
KTLX,s3://unidata-nexrad-level2/2023/04/13/KTLX/KTLX20230413_020121_V06,2023-04-13 02:01:21,2023-04-13 02:06:21
KTLX,s3://unidata-nexrad-level2/2023/04/13/KTLX/KTLX20230413_020822_V06,2023-04-13 02:08:22,2023-04-13 02:13:22
KTLX,s3://unidata-nexrad-level2/2023/04/13/KTLX/KTLX20230413_021525_V06,2023-04-13 02:15:25,2023-04-13 02:20:25
KTLX,s3://unidata-nexrad-level2/2023/04/13/KTLX/KTLX20230413_022229_V06,2023-04-13 02:22:29,2023-04-13 02:27:29
KTLX,s3://unidata-nexrad-level2/2023/04/13/KTLX/KTLX20230413_022931_V06,2023-04-13 02:29:31,2023-04-13 02:34:31
KTLX,s3://unidata-nexrad-level2/2023/04/13/KTLX/KTLX20230413_023634_V06,2023-04-13 02:36:34,2023-04-13 02:41:34
KTLX,s3://unidata-nexrad-level2/2023/04/13/KTLX/KTLX20230413_024335_V06,2023-04-13 02:43:35,2023-04-13 02:48:35
KTLX,s3://unidata-nexrad-level2/2023/04/13/KTLX/KTLX20230413_025036_V06,2023-04-13 02:50:36,2023-04-13 02:55:36
KTLX,s3://unidata-nexrad-level2/2023/04/13/KTLX/KTLX20230413_025739_V06,2023-04-13 02:57:39,2023-04-13 03:02:39
KTLX,s3://unidata-nexrad-level2/2023/04/13/KTLX/KTLX20230413_030440_V06,2023-04-13 03:04:40,2023-04-13 03:09:40
KTLX,s3://unidata-nexrad-level2/2023/04/13/KTLX/KTLX20230413_031141_V06,2023-04-13 03:11:41,2023-04-13 03:16:41
KTLX,s3://unidata-nexrad-level2/2023/04/13/KTLX/KTLX20230413_031843_V06,2023-04-13 03:18:43,2023-04-13 03:23:43
KTLX,s3://unidata-nexrad-level2/2023/04/13/KTLX/KTLX20230413_032544_V06,2023-04-13 03:25:44,2023-04-13 03:30:44
KTLX,s3://unidata-nexrad-level2/2023/04/13/KTLX/KTLX20230413_033246_V06,2023-04-13 03:32:46,2023-04-13 03:37:46
KTLX,s3://unidata-nexrad-level2/2023/04/13/KTLX/KTLX20230413_033948_V06,2023-04-13 03:39:48,2023-04-13 03:44:48
KTLX,s3://unidata-nexrad-level2/2023/04/13/KTLX/KTLX20230413_034649_V06,2023-04-13 03:46:49,2023-04-13 03:51:49
KTLX,s3://unidata-nexrad-level2/2023/04/13/KTLX/KTLX20230413_035350_V06,2023-04-13 03:53:50,2023-04-13 03:58:50
KTLX,s3://unidata-nexrad-level2/2023/04/13/KTLX/KTLX20230413_040052_V06,2023-04-13 04:00:52,2023-04-13 04:05:52
KTLX,s3://unidata-nexrad-level2/2023/04/13/KTLX/KTLX20230413_040754_V06,2023-04-13 04:07:54,2023-04-13 04:12:54
KTLX,s3://unidata-nexrad-level2/2023/04/13/KTLX/KTLX20230413_041454_V06,2023-04-13 04:14:54,2023-04-13 04:19:54
KTLX,s3://unidata-nexrad-level2/2023/04/13/KTLX/KTLX20230413_042155_V06,2023-04-13 04:21:55,2023-04-13 04:26:55
KTLX,s3://unidata-nexrad-level2/2023/04/13/KTLX/KTLX20230413_042856_V06,2023-04-13 04:28:56,2023-04-13 04:33:56
KTLX,s3://unidata-nexrad-level2/2023/04/13/KTLX/KTLX20230413_043557_V06,2023-04-13 04:35:57,2023-04-13 04:40:57
KTLX,s3://unidata-nexrad-level2/2023/04/13/KTLX/KTLX20230413_044257_V06,2023-04-13 04:42:57,2023-04-13 04:47:57
KTLX,s3://unidata-nexrad-level2/2023/04/13/KTLX/KTLX20230413_044958_V06,2023-04-13 04:49:58,2023-04-13 04:54:58
KTLX,s3://unidata-nexrad-level2/2023/04/13/KTLX/KTLX20230413_045659_V06,2023-04-13 04:56:59,2023-04-13 05:01:59
KTLX,s3://unidata-nexrad-level2/2023/04/13/KTLX/KTLX20230413_050400_V06,2023-04-13 05:04:00,2023-04-13 05:09:00
KTLX,s3://unidata-nexrad-level2/2023/04/13/KTLX/KTLX20230413_051100_V06,2023-04-13 05:11:00,2023-04-13 05:16:00
KTLX,s3://unidata-nexrad-level2/2023/04/13/KTLX/KTLX20230413_051802_V06,2023-04-13 05:18:02,2023-04-13 05:23:02
KTLX,s3://unidata-nexrad-level2/2023/04/13/KTLX/KTLX20230413_052503_V06,2023-04-13 05:25:03,2023-04-13 05:30:03
KTLX,s3://unidata-nexrad-level2/2023/04/13/KTLX/KTLX20230413_053205_V06,2023-04-13 05:32:05,2023-04-13 05:37:05
KTLX,s3://unidata-nexrad-level2/2023/04/13/KTLX/KTLX20230413_053905_V06,2023-04-13 05:39:05,2023-04-13 05:44:05
KTLX,s3://unidata-nexrad-level2/2023/04/13/KTLX/KTLX20230413_054606_V06,2023-04-13 05:46:06,2023-04-13 05:51:06
KTLX,s3://unidata-nexrad-level2/2023/04/13/KTLX/KTLX20230413_055307_V06,2023-04-13 05:53:07,2023-04-13 05:58:07
KTLX,s3://unidata-nexrad-level2/2023/04/13/KTLX/KTLX20230413_060008_V06,2023-04-13 06:00:08,2023-04-13 06:05:08
KTLX,s3://unidata-nexrad-level2/2023/04/13/KTLX/KTLX20230413_060709_V06,2023-04-13 06:07:09,2023-04-13 06:12:09
KTLX,s3://unidata-nexrad-level2/2023/04/13/KTLX/KTLX20230413_061410_V06,2023-04-13 06:14:10,2023-04-13 06:19:10
KTLX,s3://unidata-nexrad-level2/2023/04/13/KTLX/KTLX20230413_062111_V06,2023-04-13 06:21:11,2023-04-13 06:26:11
KTLX,s3://unidata-nexrad-level2/2023/04/13/KTLX/KTLX20230413_062812_V06,2023-04-13 06:28:12,2023-04-13 06:33:12
KTLX,s3://unidata-nexrad-level2/2023/04/13/KTLX/KTLX20230413_063513_V06,2023-04-13 06:35:13,2023-04-13 06:40:13
KTLX,s3://unidata-nexrad-level2/2023/04/13/KTLX/KTLX20230413_064215_V06,2023-04-13 06:42:15,2023-04-13 06:47:15
KTLX,s3://unidata-nexrad-level2/2023/04/13/KTLX/KTLX20230413_064916_V06,2023-04-13 06:49:16,2023-04-13 06:54:16
KTLX,s3://unidata-nexrad-level2/2023/04/13/KTLX/KTLX20230413_065619_V06,2023-04-13 06:56:19,2023-04-13 07:01:19
KTLX,s3://unidata-nexrad-level2/2023/04/13/KTLX/KTLX20230413_070321_V06,2023-04-13 07:03:21,2023-04-13 07:08:21
KTLX,s3://unidata-nexrad-level2/2023/04/13/KTLX/KTLX20230413_071023_V06,2023-04-13 07:10:23,2023-04-13 07:15:23
KTLX,s3://unidata-nexrad-level2/2023/04/13/KTLX/KTLX20230413_071725_V06,2023-04-13 07:17:25,2023-04-13 07:22:25
KTLX,s3://unidata-nexrad-level2/2023/04/13/KTLX/KTLX20230413_072425_V06,2023-04-13 07:24:25,2023-04-13 07:29:25
KTLX,s3://unidata-nexrad-level2/2023/04/13/KTLX/KTLX20230413_073127_V06,2023-04-13 07:31:27,2023-04-13 07:36:27
KTLX,s3://unidata-nexrad-level2/2023/04/13/KTLX/KTLX20230413_073828_V06,2023-04-13 07:38:28,2023-04-13 07:43:28
KTLX,s3://unidata-nexrad-level2/2023/04/13/KTLX/KTLX20230413_074528_V06,2023-04-13 07:45:28,2023-04-13 07:50:28
KTLX,s3://unidata-nexrad-level2/2023/04/13/KTLX/KTLX20230413_075230_V06,2023-04-13 07:52:30,2023-04-13 07:57:30
KTLX,s3://unidata-nexrad-level2/2023/04/13/KTLX/KTLX20230413_075931_V06,2023-04-13 07:59:31,2023-04-13 08:04:31
KTLX,s3://unidata-nexrad-level2/2023/04/13/KTLX/KTLX20230413_080633_V06,2023-04-13 08:06:33,2023-04-13 08:11:33
KTLX,s3://unidata-nexrad-level2/2023/04/13/KTLX/KTLX20230413_081333_V06,2023-04-13 08:13:33,2023-04-13 08:18:33
KTLX,s3://unidata-nexrad-level2/2023/04/13/KTLX/KTLX20230413_082035_V06,2023-04-13 08:20:35,2023-04-13 08:25:35
KTLX,s3://unidata-nexrad-level2/2023/04/13/KTLX/KTLX20230413_082737_V06,2023-04-13 08:27:37,2023-04-13 08:32:37
KTLX,s3://unidata-nexrad-level2/2023/04/13/KTLX/KTLX20230413_083438_V06,2023-04-13 08:34:38,2023-04-13 08:39:38
KTLX,s3://unidata-nexrad-level2/2023/04/13/KTLX/KTLX20230413_084139_V06,2023-04-13 08:41:39,2023-04-13 08:46:39
KTLX,s3://unidata-nexrad-level2/2023/04/13/KTLX/KTLX20230413_084841_V06,2023-04-13 08:48:41,2023-04-13 08:53:41
KTLX,s3://unidata-nexrad-level2/2023/04/13/KTLX/KTLX20230413_085543_V06,2023-04-13 08:55:43,2023-04-13 09:00:43
KTLX,s3://unidata-nexrad-level2/2023/04/13/KTLX/KTLX20230413_090245_V06,2023-04-13 09:02:45,2023-04-13 09:07:45
KTLX,s3://unidata-nexrad-level2/2023/04/13/KTLX/KTLX20230413_090946_V06,2023-04-13 09:09:46,2023-04-13 09:14:46
KTLX,s3://unidata-nexrad-level2/2023/04/13/KTLX/KTLX20230413_091647_V06,2023-04-13 09:16:47,2023-04-13 09:21:47
KTLX,s3://unidata-nexrad-level2/2023/04/13/KTLX/KTLX20230413_092348_V06,2023-04-13 09:23:48,2023-04-13 09:28:48
KTLX,s3://unidata-nexrad-level2/2023/04/13/KTLX/KTLX20230413_093049_V06,2023-04-13 09:30:49,2023-04-13 09:35:49
KTLX,s3://unidata-nexrad-level2/2023/04/13/KTLX/KTLX20230413_093750_V06,2023-04-13 09:37:50,2023-04-13 09:42:50
KTLX,s3://unidata-nexrad-level2/2023/04/13/KTLX/KTLX20230413_094604_V06,2023-04-13 09:46:04,2023-04-13 09:51:04
KTLX,s3://unidata-nexrad-level2/2023/04/13/KTLX/KTLX20230413_095305_V06,2023-04-13 09:53:05,2023-04-13 09:58:05
KTLX,s3://unidata-nexrad-level2/2023/04/13/KTLX/KTLX20230413_100006_V06,2023-04-13 10:00:06,2023-04-13 10:05:06
KTLX,s3://unidata-nexrad-level2/2023/04/13/KTLX/KTLX20230413_100708_V06,2023-04-13 10:07:08,2023-04-13 10:12:08
KTLX,s3://unidata-nexrad-level2/2023/04/13/KTLX/KTLX20230413_101410_V06,2023-04-13 10:14:10,2023-04-13 10:19:10
KTLX,s3://unidata-nexrad-level2/2023/04/13/KTLX/KTLX20230413_102111_V06,2023-04-13 10:21:11,2023-04-13 10:26:11
KTLX,s3://unidata-nexrad-level2/2023/04/13/KTLX/KTLX20230413_102814_V06,2023-04-13 10:28:14,2023-04-13 10:33:14
KTLX,s3://unidata-nexrad-level2/2023/04/13/KTLX/KTLX20230413_103515_V06,2023-04-13 10:35:15,2023-04-13 10:40:15
KTLX,s3://unidata-nexrad-level2/2023/04/13/KTLX/KTLX20230413_104216_V06,2023-04-13 10:42:16,2023-04-13 10:47:16
KTLX,s3://unidata-nexrad-level2/2023/04/13/KTLX/KTLX20230413_104917_V06,2023-04-13 10:49:17,2023-04-13 10:54:17
KTLX,s3://unidata-nexrad-level2/2023/04/13/KTLX/KTLX20230413_105619_V06,2023-04-13 10:56:19,2023-04-13 11:01:19
KTLX,s3://unidata-nexrad-level2/2023/04/13/KTLX/KTLX20230413_110320_V06,2023-04-13 11:03:20,2023-04-13 11:08:20
KTLX,s3://unidata-nexrad-level2/2023/04/13/KTLX/KTLX20230413_111020_V06,2023-04-13 11:10:20,2023-04-13 11:15:20
KTLX,s3://unidata-nexrad-level2/2023/04/13/KTLX/KTLX20230413_111721_V06,2023-04-13 11:17:21,2023-04-13 11:22:21
KTLX,s3://unidata-nexrad-level2/2023/04/13/KTLX/KTLX20230413_112422_V06,2023-04-13 11:24:22,2023-04-13 11:29:22
KTLX,s3://unidata-nexrad-level2/2023/04/13/KTLX/KTLX20230413_113123_V06,2023-04-13 11:31:23,2023-04-13 11:36:23
KTLX,s3://unidata-nexrad-level2/2023/04/13/KTLX/KTLX20230413_113824_V06,2023-04-13 11:38:24,2023-04-13 11:43:24
KTLX,s3://unidata-nexrad-level2/2023/04/13/KTLX/KTLX20230413_114524_V06,2023-04-13 11:45:24,2023-04-13 11:50:24
KTLX,s3://unidata-nexrad-level2/2023/04/13/KTLX/KTLX20230413_115220_V06,2023-04-13 11:52:20,2023-04-13 11:57:20
KTLX,s3://unidata-nexrad-level2/2023/04/13/KTLX/KTLX20230413_115910_V06,2023-04-13 11:59:10,2023-04-13 12:04:10
KTLX,s3://unidata-nexrad-level2/2023/04/13/KTLX/KTLX20230413_120611_V06,2023-04-13 12:06:11,2023-04-13 12:11:11
KTLX,s3://unidata-nexrad-level2/2023/04/13/KTLX/KTLX20230413_121311_V06,2023-04-13 12:13:11,2023-04-13 12:18:11
KTLX,s3://unidata-nexrad-level2/2023/04/13/KTLX/KTLX20230413_122013_V06,2023-04-13 12:20:13,2023-04-13 12:25:13
KTLX,s3://unidata-nexrad-level2/2023/04/13/KTLX/KTLX20230413_122709_V06,2023-04-13 12:27:09,2023-04-13 12:32:09
KTLX,s3://unidata-nexrad-level2/2023/04/13/KTLX/KTLX20230413_123411_V06,2023-04-13 12:34:11,2023-04-13 12:39:11
KTLX,s3://unidata-nexrad-level2/2023/04/13/KTLX/KTLX20230413_124112_V06,2023-04-13 12:41:12,2023-04-13 12:46:12
KTLX,s3://unidata-nexrad-level2/2023/04/13/KTLX/KTLX20230413_124813_V06,2023-04-13 12:48:13,2023-04-13 12:53:13
KTLX,s3://unidata-nexrad-level2/2023/04/13/KTLX/KTLX20230413_125515_V06,2023-04-13 12:55:15,2023-04-13 13:00:15
KTLX,s3://unidata-nexrad-level2/2023/04/13/KTLX/KTLX20230413_130217_V06,2023-04-13 13:02:17,2023-04-13 13:07:17
KTLX,s3://unidata-nexrad-level2/2023/04/13/KTLX/KTLX20230413_130918_V06,2023-04-13 13:09:18,2023-04-13 13:14:18
KTLX,s3://unidata-nexrad-level2/2023/04/13/KTLX/KTLX20230413_131614_V06,2023-04-13 13:16:14,2023-04-13 13:21:14
KTLX,s3://unidata-nexrad-level2/2023/04/13/KTLX/KTLX20230413_132316_V06,2023-04-13 13:23:16,2023-04-13 13:28:16
KTLX,s3://unidata-nexrad-level2/2023/04/13/KTLX/KTLX20230413_133011_V06,2023-04-13 13:30:11,2023-04-13 13:35:11
KTLX,s3://unidata-nexrad-level2/2023/04/13/KTLX/KTLX20230413_133713_V06,2023-04-13 13:37:13,2023-04-13 13:42:13
KTLX,s3://unidata-nexrad-level2/2023/04/13/KTLX/KTLX20230413_134415_V06,2023-04-13 13:44:15,2023-04-13 13:49:15
KTLX,s3://unidata-nexrad-level2/2023/04/13/KTLX/KTLX20230413_135117_V06,2023-04-13 13:51:17,2023-04-13 13:56:17
KTLX,s3://unidata-nexrad-level2/2023/04/13/KTLX/KTLX20230413_135812_V06,2023-04-13 13:58:12,2023-04-13 14:03:12
KTLX,s3://unidata-nexrad-level2/2023/04/13/KTLX/KTLX20230413_140514_V06,2023-04-13 14:05:14,2023-04-13 14:10:14
KTLX,s3://unidata-nexrad-level2/2023/04/13/KTLX/KTLX20230413_141216_V06,2023-04-13 14:12:16,2023-04-13 14:17:16
KTLX,s3://unidata-nexrad-level2/2023/04/13/KTLX/KTLX20230413_141917_V06,2023-04-13 14:19:17,2023-04-13 14:24:17
KTLX,s3://unidata-nexrad-level2/2023/04/13/KTLX/KTLX20230413_142618_V06,2023-04-13 14:26:18,2023-04-13 14:31:18
KTLX,s3://unidata-nexrad-level2/2023/04/13/KTLX/KTLX20230413_143319_V06,2023-04-13 14:33:19,2023-04-13 14:38:19
KTLX,s3://unidata-nexrad-level2/2023/04/13/KTLX/KTLX20230413_144019_V06,2023-04-13 14:40:19,2023-04-13 14:45:19
KTLX,s3://unidata-nexrad-level2/2023/04/13/KTLX/KTLX20230413_144716_V06,2023-04-13 14:47:16,2023-04-13 14:52:16
KTLX,s3://unidata-nexrad-level2/2023/04/13/KTLX/KTLX20230413_145411_V06,2023-04-13 14:54:11,2023-04-13 14:59:11
KTLX,s3://unidata-nexrad-level2/2023/04/13/KTLX/KTLX20230413_150106_V06,2023-04-13 15:01:06,2023-04-13 15:06:06
KTLX,s3://unidata-nexrad-level2/2023/04/13/KTLX/KTLX20230413_150806_V06,2023-04-13 15:08:06,2023-04-13 15:13:06
KTLX,s3://unidata-nexrad-level2/2023/04/13/KTLX/KTLX20230413_151456_V06,2023-04-13 15:14:56,2023-04-13 15:19:56
KTLX,s3://unidata-nexrad-level2/2023/04/13/KTLX/KTLX20230413_152138_V06,2023-04-13 15:21:38,2023-04-13 15:26:38
KTLX,s3://unidata-nexrad-level2/2023/04/13/KTLX/KTLX20230413_152829_V06,2023-04-13 15:28:29,2023-04-13 15:33:29
KTLX,s3://unidata-nexrad-level2/2023/04/13/KTLX/KTLX20230413_153515_V06,2023-04-13 15:35:15,2023-04-13 15:40:15
KTLX,s3://unidata-nexrad-level2/2023/04/13/KTLX/KTLX20230413_154159_V06,2023-04-13 15:41:59,2023-04-13 15:46:59
KTLX,s3://unidata-nexrad-level2/2023/04/13/KTLX/KTLX20230413_154845_V06,2023-04-13 15:48:45,2023-04-13 15:53:45
KTLX,s3://unidata-nexrad-level2/2023/04/13/KTLX/KTLX20230413_155527_V06,2023-04-13 15:55:27,2023-04-13 16:00:27
KTLX,s3://unidata-nexrad-level2/2023/04/13/KTLX/KTLX20230413_160213_V06,2023-04-13 16:02:13,2023-04-13 16:07:13
KTLX,s3://unidata-nexrad-level2/2023/04/13/KTLX/KTLX20230413_160854_V06,2023-04-13 16:08:54,2023-04-13 16:13:54
KTLX,s3://unidata-nexrad-level2/2023/04/13/KTLX/KTLX20230413_161537_V06,2023-04-13 16:15:37,2023-04-13 16:20:37
KTLX,s3://unidata-nexrad-level2/2023/04/13/KTLX/KTLX20230413_162239_V06,2023-04-13 16:22:39,2023-04-13 16:27:39
KTLX,s3://unidata-nexrad-level2/2023/04/13/KTLX/KTLX20230413_162941_V06,2023-04-13 16:29:41,2023-04-13 16:34:41
KTLX,s3://unidata-nexrad-level2/2023/04/13/KTLX/KTLX20230413_163636_V06,2023-04-13 16:36:36,2023-04-13 16:41:36
KTLX,s3://unidata-nexrad-level2/2023/04/13/KTLX/KTLX20230413_164327_V06,2023-04-13 16:43:27,2023-04-13 16:48:27
KTLX,s3://unidata-nexrad-level2/2023/04/13/KTLX/KTLX20230413_165014_V06,2023-04-13 16:50:14,2023-04-13 16:55:14
KTLX,s3://unidata-nexrad-level2/2023/04/13/KTLX/KTLX20230413_165702_V06,2023-04-13 16:57:02,2023-04-13 17:02:02
KTLX,s3://unidata-nexrad-level2/2023/04/13/KTLX/KTLX20230413_170349_V06,2023-04-13 17:03:49,2023-04-13 17:08:49
KTLX,s3://unidata-nexrad-level2/2023/04/13/KTLX/KTLX20230413_171036_V06,2023-04-13 17:10:36,2023-04-13 17:15:36
KTLX,s3://unidata-nexrad-level2/2023/04/13/KTLX/KTLX20230413_171732_V06,2023-04-13 17:17:32,2023-04-13 17:22:32
KTLX,s3://unidata-nexrad-level2/2023/04/13/KTLX/KTLX20230413_172423_V06,2023-04-13 17:24:23,2023-04-13 17:29:23
KTLX,s3://unidata-nexrad-level2/2023/04/13/KTLX/KTLX20230413_173125_V06,2023-04-13 17:31:25,2023-04-13 17:36:25
KTLX,s3://unidata-nexrad-level2/2023/04/13/KTLX/KTLX20230413_173812_V06,2023-04-13 17:38:12,2023-04-13 17:43:12
KTLX,s3://unidata-nexrad-level2/2023/04/13/KTLX/KTLX20230413_174611_V06,2023-04-13 17:46:11,2023-04-13 17:51:11
KTLX,s3://unidata-nexrad-level2/2023/04/13/KTLX/KTLX20230413_175307_V06,2023-04-13 17:53:07,2023-04-13 17:58:07
KTLX,s3://unidata-nexrad-level2/2023/04/13/KTLX/KTLX20230413_175950_V06,2023-04-13 17:59:50,2023-04-13 18:04:50
KTLX,s3://unidata-nexrad-level2/2023/04/13/KTLX/KTLX20230413_180636_V06,2023-04-13 18:06:36,2023-04-13 18:11:36
KTLX,s3://unidata-nexrad-level2/2023/04/13/KTLX/KTLX20230413_181327_V06,2023-04-13 18:13:27,2023-04-13 18:18:27
KTLX,s3://unidata-nexrad-level2/2023/04/13/KTLX/KTLX20230413_182023_V06,2023-04-13 18:20:23,2023-04-13 18:25:23
KTLX,s3://unidata-nexrad-level2/2023/04/13/KTLX/KTLX20230413_182726_V06,2023-04-13 18:27:26,2023-04-13 18:32:26
KTLX,s3://unidata-nexrad-level2/2023/04/13/KTLX/KTLX20230413_183433_V06,2023-04-13 18:34:33,2023-04-13 18:39:33
KTLX,s3://unidata-nexrad-level2/2023/04/13/KTLX/KTLX20230413_184146_V06,2023-04-13 18:41:46,2023-04-13 18:46:46
KTLX,s3://unidata-nexrad-level2/2023/04/13/KTLX/KTLX20230413_184900_V06,2023-04-13 18:49:00,2023-04-13 18:54:00
KTLX,s3://unidata-nexrad-level2/2023/04/13/KTLX/KTLX20230413_185552_V06,2023-04-13 18:55:52,2023-04-13 19:00:52
KTLX,s3://unidata-nexrad-level2/2023/04/13/KTLX/KTLX20230413_190247_V06,2023-04-13 19:02:47,2023-04-13 19:07:47
KTLX,s3://unidata-nexrad-level2/2023/04/13/KTLX/KTLX20230413_190942_V06,2023-04-13 19:09:42,2023-04-13 19:14:42
KTLX,s3://unidata-nexrad-level2/2023/04/13/KTLX/KTLX20230413_191628_V06,2023-04-13 19:16:28,2023-04-13 19:21:28
KTLX,s3://unidata-nexrad-level2/2023/04/13/KTLX/KTLX20230413_192330_V06,2023-04-13 19:23:30,2023-04-13 19:28:30
KTLX,s3://unidata-nexrad-level2/2023/04/13/KTLX/KTLX20230413_193025_V06,2023-04-13 19:30:25,2023-04-13 19:35:25
KTLX,s3://unidata-nexrad-level2/2023/04/13/KTLX/KTLX20230413_193719_V06,2023-04-13 19:37:19,2023-04-13 19:42:19
KTLX,s3://unidata-nexrad-level2/2023/04/13/KTLX/KTLX20230413_194422_V06,2023-04-13 19:44:22,2023-04-13 19:49:22
KTLX,s3://unidata-nexrad-level2/2023/04/13/KTLX/KTLX20230413_195124_V06,2023-04-13 19:51:24,2023-04-13 19:56:24
KTLX,s3://unidata-nexrad-level2/2023/04/13/KTLX/KTLX20230413_195826_V06,2023-04-13 19:58:26,2023-04-13 20:03:26
KTLX,s3://unidata-nexrad-level2/2023/04/13/KTLX/KTLX20230413_200522_V06,2023-04-13 20:05:22,2023-04-13 20:10:22
KTLX,s3://unidata-nexrad-level2/2023/04/13/KTLX/KTLX20230413_201224_V06,2023-04-13 20:12:24,2023-04-13 20:17:24
KTLX,s3://unidata-nexrad-level2/2023/04/13/KTLX/KTLX20230413_201926_V06,2023-04-13 20:19:26,2023-04-13 20:24:26
KTLX,s3://unidata-nexrad-level2/2023/04/13/KTLX/KTLX20230413_202623_V06,2023-04-13 20:26:23,2023-04-13 20:31:23
KTLX,s3://unidata-nexrad-level2/2023/04/13/KTLX/KTLX20230413_203318_V06,2023-04-13 20:33:18,2023-04-13 20:38:18
KTLX,s3://unidata-nexrad-level2/2023/04/13/KTLX/KTLX20230413_204020_V06,2023-04-13 20:40:20,2023-04-13 20:45:20
KTLX,s3://unidata-nexrad-level2/2023/04/13/KTLX/KTLX20230413_204723_V06,2023-04-13 20:47:23,2023-04-13 20:52:23
KTLX,s3://unidata-nexrad-level2/2023/04/13/KTLX/KTLX20230413_205413_V06,2023-04-13 20:54:13,2023-04-13 20:59:13
KTLX,s3://unidata-nexrad-level2/2023/04/13/KTLX/KTLX20230413_210109_V06,2023-04-13 21:01:09,2023-04-13 21:06:09
KTLX,s3://unidata-nexrad-level2/2023/04/13/KTLX/KTLX20230413_210810_V06,2023-04-13 21:08:10,2023-04-13 21:13:10
KTLX,s3://unidata-nexrad-level2/2023/04/13/KTLX/KTLX20230413_211506_V06,2023-04-13 21:15:06,2023-04-13 21:20:06
KTLX,s3://unidata-nexrad-level2/2023/04/13/KTLX/KTLX20230413_212208_V06,2023-04-13 21:22:08,2023-04-13 21:27:08
KTLX,s3://unidata-nexrad-level2/2023/04/13/KTLX/KTLX20230413_212909_V06,2023-04-13 21:29:09,2023-04-13 21:34:09
KTLX,s3://unidata-nexrad-level2/2023/04/13/KTLX/KTLX20230413_213610_V06,2023-04-13 21:36:10,2023-04-13 21:41:10
KTLX,s3://unidata-nexrad-level2/2023/04/13/KTLX/KTLX20230413_214311_V06,2023-04-13 21:43:11,2023-04-13 21:48:11
KTLX,s3://unidata-nexrad-level2/2023/04/13/KTLX/KTLX20230413_215012_V06,2023-04-13 21:50:12,2023-04-13 21:55:12
KTLX,s3://unidata-nexrad-level2/2023/04/13/KTLX/KTLX20230413_215706_V06,2023-04-13 21:57:06,2023-04-13 22:02:06
KTLX,s3://unidata-nexrad-level2/2023/04/13/KTLX/KTLX20230413_220407_V06,2023-04-13 22:04:07,2023-04-13 22:09:07
KTLX,s3://unidata-nexrad-level2/2023/04/13/KTLX/KTLX20230413_221102_V06,2023-04-13 22:11:02,2023-04-13 22:16:02
KTLX,s3://unidata-nexrad-level2/2023/04/13/KTLX/KTLX20230413_221758_V06,2023-04-13 22:17:58,2023-04-13 22:22:58
KTLX,s3://unidata-nexrad-level2/2023/04/13/KTLX/KTLX20230413_222500_V06,2023-04-13 22:25:00,2023-04-13 22:30:00
KTLX,s3://unidata-nexrad-level2/2023/04/13/KTLX/KTLX20230413_223202_V06,2023-04-13 22:32:02,2023-04-13 22:37:02
KTLX,s3://unidata-nexrad-level2/2023/04/13/KTLX/KTLX20230413_223848_V06,2023-04-13 22:38:48,2023-04-13 22:43:48
KTLX,s3://unidata-nexrad-level2/2023/04/13/KTLX/KTLX20230413_224551_V06,2023-04-13 22:45:51,2023-04-13 22:50:51
KTLX,s3://unidata-nexrad-level2/2023/04/13/KTLX/KTLX20230413_225248_V06,2023-04-13 22:52:48,2023-04-13 22:57:48
KTLX,s3://unidata-nexrad-level2/2023/04/13/KTLX/KTLX20230413_225950_V06,2023-04-13 22:59:50,2023-04-13 23:04:50
KTLX,s3://unidata-nexrad-level2/2023/04/13/KTLX/KTLX20230413_230646_V06,2023-04-13 23:06:46,2023-04-13 23:11:46
KTLX,s3://unidata-nexrad-level2/2023/04/13/KTLX/KTLX20230413_231342_V06,2023-04-13 23:13:42,2023-04-13 23:18:42
KTLX,s3://unidata-nexrad-level2/2023/04/13/KTLX/KTLX20230413_232029_V06,2023-04-13 23:20:29,2023-04-13 23:25:29
KTLX,s3://unidata-nexrad-level2/2023/04/13/KTLX/KTLX20230413_232731_V06,2023-04-13 23:27:31,2023-04-13 23:32:31
KTLX,s3://unidata-nexrad-level2/2023/04/13/KTLX/KTLX20230413_233432_V06,2023-04-13 23:34:32,2023-04-13 23:39:32
KTLX,s3://unidata-nexrad-level2/2023/04/13/KTLX/KTLX20230413_234123_V06,2023-04-13 23:41:23,2023-04-13 23:46:23
KTLX,s3://unidata-nexrad-level2/2023/04/13/KTLX/KTLX20230413_234825_V06,2023-04-13 23:48:25,2023-04-13 23:53:25
KTLX,s3://unidata-nexrad-level2/2023/04/13/KTLX/KTLX20230413_235527_V06,2023-04-13 23:55:27,2023-04-14 00:00:27
KTLX,s3://unidata-nexrad-level2/2023/04/14/KTLX/KTLX20230414_000213_V06,2023-04-14 00:02:13,2023-04-14 00:07:13
KTLX,s3://unidata-nexrad-level2/2023/04/14/KTLX/KTLX20230414_000915_V06,2023-04-14 00:09:15,2023-04-14 00:14:15
KTLX,s3://unidata-nexrad-level2/2023/04/14/KTLX/KTLX20230414_001607_V06,2023-04-14 00:16:07,2023-04-14 00:21:07
KTLX,s3://unidata-nexrad-level2/2023/04/14/KTLX/KTLX20230414_002309_V06,2023-04-14 00:23:09,2023-04-14 00:28:09
KTLX,s3://unidata-nexrad-level2/2023/04/14/KTLX/KTLX20230414_003009_V06,2023-04-14 00:30:09,2023-04-14 00:35:09
KTLX,s3://unidata-nexrad-level2/2023/04/14/KTLX/KTLX20230414_003706_V06,2023-04-14 00:37:06,2023-04-14 00:42:06
KTLX,s3://unidata-nexrad-level2/2023/04/14/KTLX/KTLX20230414_004408_V06,2023-04-14 00:44:08,2023-04-14 00:49:08
KTLX,s3://unidata-nexrad-level2/2023/04/14/KTLX/KTLX20230414_005111_V06,2023-04-14 00:51:11,2023-04-14 00:56:11
KTLX,s3://unidata-nexrad-level2/2023/04/14/KTLX/KTLX20230414_005811_V06,2023-04-14 00:58:11,2023-04-14 01:03:11
KTLX,s3://unidata-nexrad-level2/2023/04/14/KTLX/KTLX20230414_010502_V06,2023-04-14 01:05:02,2023-04-14 01:10:02
KTLX,s3://unidata-nexrad-level2/2023/04/14/KTLX/KTLX20230414_011204_V06,2023-04-14 01:12:04,2023-04-14 01:17:04
KTLX,s3://unidata-nexrad-level2/2023/04/14/KTLX/KTLX20230414_011905_V06,2023-04-14 01:19:05,2023-04-14 01:24:05
KTLX,s3://unidata-nexrad-level2/2023/04/14/KTLX/KTLX20230414_012606_V06,2023-04-14 01:26:06,2023-04-14 01:31:06
KTLX,s3://unidata-nexrad-level2/2023/04/14/KTLX/KTLX20230414_013307_V06,2023-04-14 01:33:07,2023-04-14 01:38:07
KTLX,s3://unidata-nexrad-level2/2023/04/14/KTLX/KTLX20230414_013958_V06,2023-04-14 01:39:58,2023-04-14 01:44:58
KTLX,s3://unidata-nexrad-level2/2023/04/14/KTLX/KTLX20230414_014802_V06,2023-04-14 01:48:02,2023-04-14 01:53:02
KTLX,s3://unidata-nexrad-level2/2023/04/14/KTLX/KTLX20230414_015503_V06,2023-04-14 01:55:03,2023-04-14 02:00:03
KTLX,s3://unidata-nexrad-level2/2023/04/14/KTLX/KTLX20230414_020203_V06,2023-04-14 02:02:03,2023-04-14 02:07:03
KTLX,s3://unidata-nexrad-level2/2023/04/14/KTLX/KTLX20230414_020904_V06,2023-04-14 02:09:04,2023-04-14 02:14:04
KTLX,s3://unidata-nexrad-level2/2023/04/14/KTLX/KTLX20230414_021606_V06,2023-04-14 02:16:06,2023-04-14 02:21:06
KTLX,s3://unidata-nexrad-level2/2023/04/14/KTLX/KTLX20230414_022307_V06,2023-04-14 02:23:07,2023-04-14 02:28:07
KTLX,s3://unidata-nexrad-level2/2023/04/14/KTLX/KTLX20230414_023008_V06,2023-04-14 02:30:08,2023-04-14 02:35:08
KTLX,s3://unidata-nexrad-level2/2023/04/14/KTLX/KTLX20230414_023709_V06,2023-04-14 02:37:09,2023-04-14 02:42:09
KTLX,s3://unidata-nexrad-level2/2023/04/14/KTLX/KTLX20230414_024410_V06,2023-04-14 02:44:10,2023-04-14 02:49:10
KTLX,s3://unidata-nexrad-level2/2023/04/14/KTLX/KTLX20230414_025112_V06,2023-04-14 02:51:12,2023-04-14 02:56:12
KTLX,s3://unidata-nexrad-level2/2023/04/14/KTLX/KTLX20230414_025812_V06,2023-04-14 02:58:12,2023-04-14 03:03:12
KTLX,s3://unidata-nexrad-level2/2023/04/14/KTLX/KTLX20230414_030514_V06,2023-04-14 03:05:14,2023-04-14 03:10:14
KTLX,s3://unidata-nexrad-level2/2023/04/14/KTLX/KTLX20230414_031215_V06,2023-04-14 03:12:15,2023-04-14 03:17:15
KTLX,s3://unidata-nexrad-level2/2023/04/14/KTLX/KTLX20230414_031916_V06,2023-04-14 03:19:16,2023-04-14 03:24:16
KTLX,s3://unidata-nexrad-level2/2023/04/14/KTLX/KTLX20230414_032616_V06,2023-04-14 03:26:16,2023-04-14 03:31:16
KTLX,s3://unidata-nexrad-level2/2023/04/14/KTLX/KTLX20230414_033318_V06,2023-04-14 03:33:18,2023-04-14 03:38:18
KTLX,s3://unidata-nexrad-level2/2023/04/14/KTLX/KTLX20230414_034019_V06,2023-04-14 03:40:19,2023-04-14 03:45:19
KTLX,s3://unidata-nexrad-level2/2023/04/14/KTLX/KTLX20230414_034720_V06,2023-04-14 03:47:20,2023-04-14 03:52:20
KTLX,s3://unidata-nexrad-level2/2023/04/14/KTLX/KTLX20230414_035420_V06,2023-04-14 03:54:20,2023-04-14 03:59:20
KTLX,s3://unidata-nexrad-level2/2023/04/14/KTLX/KTLX20230414_040122_V06,2023-04-14 04:01:22,2023-04-14 04:06:22
KTLX,s3://unidata-nexrad-level2/2023/04/14/KTLX/KTLX20230414_040823_V06,2023-04-14 04:08:23,2023-04-14 04:13:23
KTLX,s3://unidata-nexrad-level2/2023/04/14/KTLX/KTLX20230414_041525_V06,2023-04-14 04:15:25,2023-04-14 04:20:25
KTLX,s3://unidata-nexrad-level2/2023/04/14/KTLX/KTLX20230414_042226_V06,2023-04-14 04:22:26,2023-04-14 04:27:26
KTLX,s3://unidata-nexrad-level2/2023/04/14/KTLX/KTLX20230414_042927_V06,2023-04-14 04:29:27,2023-04-14 04:34:27
KTLX,s3://unidata-nexrad-level2/2023/04/14/KTLX/KTLX20230414_043628_V06,2023-04-14 04:36:28,2023-04-14 04:41:28
KTLX,s3://unidata-nexrad-level2/2023/04/14/KTLX/KTLX20230414_044330_V06,2023-04-14 04:43:30,2023-04-14 04:48:30
KTLX,s3://unidata-nexrad-level2/2023/04/14/KTLX/KTLX20230414_045031_V06,2023-04-14 04:50:31,2023-04-14 04:55:31
KTLX,s3://unidata-nexrad-level2/2023/04/14/KTLX/KTLX20230414_045731_V06,2023-04-14 04:57:31,2023-04-14 05:02:31
KTLX,s3://unidata-nexrad-level2/2023/04/14/KTLX/KTLX20230414_050432_V06,2023-04-14 05:04:32,2023-04-14 05:09:32
KTLX,s3://unidata-nexrad-level2/2023/04/14/KTLX/KTLX20230414_051133_V06,2023-04-14 05:11:33,2023-04-14 05:16:33
KTLX,s3://unidata-nexrad-level2/2023/04/14/KTLX/KTLX20230414_051834_V06,2023-04-14 05:18:34,2023-04-14 05:23:34
KTLX,s3://unidata-nexrad-level2/2023/04/14/KTLX/KTLX20230414_052534_V06,2023-04-14 05:25:34,2023-04-14 05:30:34
KTLX,s3://unidata-nexrad-level2/2023/04/14/KTLX/KTLX20230414_053236_V06,2023-04-14 05:32:36,2023-04-14 05:37:36
KTLX,s3://unidata-nexrad-level2/2023/04/14/KTLX/KTLX20230414_053937_V06,2023-04-14 05:39:37,2023-04-14 05:44:37
KTLX,s3://unidata-nexrad-level2/2023/04/14/KTLX/KTLX20230414_054639_V06,2023-04-14 05:46:39,2023-04-14 05:51:39
KTLX,s3://unidata-nexrad-level2/2023/04/14/KTLX/KTLX20230414_055340_V06,2023-04-14 05:53:40,2023-04-14 05:58:40
KTLX,s3://unidata-nexrad-level2/2023/04/14/KTLX/KTLX20230414_060042_V06,2023-04-14 06:00:42,2023-04-14 06:05:42
KTLX,s3://unidata-nexrad-level2/2023/04/14/KTLX/KTLX20230414_060744_V06,2023-04-14 06:07:44,2023-04-14 06:12:44
KTLX,s3://unidata-nexrad-level2/2023/04/14/KTLX/KTLX20230414_061445_V06,2023-04-14 06:14:45,2023-04-14 06:19:45
KTLX,s3://unidata-nexrad-level2/2023/04/14/KTLX/KTLX20230414_062146_V06,2023-04-14 06:21:46,2023-04-14 06:26:46
KTLX,s3://unidata-nexrad-level2/2023/04/14/KTLX/KTLX20230414_062847_V06,2023-04-14 06:28:47,2023-04-14 06:33:47
KTLX,s3://unidata-nexrad-level2/2023/04/14/KTLX/KTLX20230414_063549_V06,2023-04-14 06:35:49,2023-04-14 06:40:49
KTLX,s3://unidata-nexrad-level2/2023/04/14/KTLX/KTLX20230414_064250_V06,2023-04-14 06:42:50,2023-04-14 06:47:50
KTLX,s3://unidata-nexrad-level2/2023/04/14/KTLX/KTLX20230414_064951_V06,2023-04-14 06:49:51,2023-04-14 06:54:51
KTLX,s3://unidata-nexrad-level2/2023/04/14/KTLX/KTLX20230414_065652_V06,2023-04-14 06:56:52,2023-04-14 07:01:52
KTLX,s3://unidata-nexrad-level2/2023/04/14/KTLX/KTLX20230414_070355_V06,2023-04-14 07:03:55,2023-04-14 07:08:55
KTLX,s3://unidata-nexrad-level2/2023/04/14/KTLX/KTLX20230414_071057_V06,2023-04-14 07:10:57,2023-04-14 07:15:57
KTLX,s3://unidata-nexrad-level2/2023/04/14/KTLX/KTLX20230414_071759_V06,2023-04-14 07:17:59,2023-04-14 07:22:59
KTLX,s3://unidata-nexrad-level2/2023/04/14/KTLX/KTLX20230414_072500_V06,2023-04-14 07:25:00,2023-04-14 07:30:00
KTLX,s3://unidata-nexrad-level2/2023/04/14/KTLX/KTLX20230414_073202_V06,2023-04-14 07:32:02,2023-04-14 07:37:02
KTLX,s3://unidata-nexrad-level2/2023/04/14/KTLX/KTLX20230414_073905_V06,2023-04-14 07:39:05,2023-04-14 07:44:05
KTLX,s3://unidata-nexrad-level2/2023/04/14/KTLX/KTLX20230414_074606_V06,2023-04-14 07:46:06,2023-04-14 07:51:06
KTLX,s3://unidata-nexrad-level2/2023/04/14/KTLX/KTLX20230414_075308_V06,2023-04-14 07:53:08,2023-04-14 07:58:08
KTLX,s3://unidata-nexrad-level2/2023/04/14/KTLX/KTLX20230414_080010_V06,2023-04-14 08:00:10,2023-04-14 08:05:10
KTLX,s3://unidata-nexrad-level2/2023/04/14/KTLX/KTLX20230414_080712_V06,2023-04-14 08:07:12,2023-04-14 08:12:12
KTLX,s3://unidata-nexrad-level2/2023/04/14/KTLX/KTLX20230414_081413_V06,2023-04-14 08:14:13,2023-04-14 08:19:13
KTLX,s3://unidata-nexrad-level2/2023/04/14/KTLX/KTLX20230414_082114_V06,2023-04-14 08:21:14,2023-04-14 08:26:14
KTLX,s3://unidata-nexrad-level2/2023/04/14/KTLX/KTLX20230414_082815_V06,2023-04-14 08:28:15,2023-04-14 08:33:15
KTLX,s3://unidata-nexrad-level2/2023/04/14/KTLX/KTLX20230414_083518_V06,2023-04-14 08:35:18,2023-04-14 08:40:18
KTLX,s3://unidata-nexrad-level2/2023/04/14/KTLX/KTLX20230414_084219_V06,2023-04-14 08:42:19,2023-04-14 08:47:19
KTLX,s3://unidata-nexrad-level2/2023/04/14/KTLX/KTLX20230414_084920_V06,2023-04-14 08:49:20,2023-04-14 08:54:20
KTLX,s3://unidata-nexrad-level2/2023/04/14/KTLX/KTLX20230414_085621_V06,2023-04-14 08:56:21,2023-04-14 09:01:21
KTLX,s3://unidata-nexrad-level2/2023/04/14/KTLX/KTLX20230414_090323_V06,2023-04-14 09:03:23,2023-04-14 09:08:23
KTLX,s3://unidata-nexrad-level2/2023/04/14/KTLX/KTLX20230414_091024_V06,2023-04-14 09:10:24,2023-04-14 09:15:24
KTLX,s3://unidata-nexrad-level2/2023/04/14/KTLX/KTLX20230414_091725_V06,2023-04-14 09:17:25,2023-04-14 09:22:25
KTLX,s3://unidata-nexrad-level2/2023/04/14/KTLX/KTLX20230414_092427_V06,2023-04-14 09:24:27,2023-04-14 09:29:27
KTLX,s3://unidata-nexrad-level2/2023/04/14/KTLX/KTLX20230414_093128_V06,2023-04-14 09:31:28,2023-04-14 09:36:28
KTLX,s3://unidata-nexrad-level2/2023/04/14/KTLX/KTLX20230414_093829_V06,2023-04-14 09:38:29,2023-04-14 09:43:29
KTLX,s3://unidata-nexrad-level2/2023/04/14/KTLX/KTLX20230414_094530_V06,2023-04-14 09:45:30,2023-04-14 09:50:30
KTLX,s3://unidata-nexrad-level2/2023/04/14/KTLX/KTLX20230414_095345_V06,2023-04-14 09:53:45,2023-04-14 09:58:45
KTLX,s3://unidata-nexrad-level2/2023/04/14/KTLX/KTLX20230414_100047_V06,2023-04-14 10:00:47,2023-04-14 10:05:47
KTLX,s3://unidata-nexrad-level2/2023/04/14/KTLX/KTLX20230414_100748_V06,2023-04-14 10:07:48,2023-04-14 10:12:48
KTLX,s3://unidata-nexrad-level2/2023/04/14/KTLX/KTLX20230414_101450_V06,2023-04-14 10:14:50,2023-04-14 10:19:50
KTLX,s3://unidata-nexrad-level2/2023/04/14/KTLX/KTLX20230414_102150_V06,2023-04-14 10:21:50,2023-04-14 10:26:50
KTLX,s3://unidata-nexrad-level2/2023/04/14/KTLX/KTLX20230414_102851_V06,2023-04-14 10:28:51,2023-04-14 10:33:51
KTLX,s3://unidata-nexrad-level2/2023/04/14/KTLX/KTLX20230414_103552_V06,2023-04-14 10:35:52,2023-04-14 10:40:52
KTLX,s3://unidata-nexrad-level2/2023/04/14/KTLX/KTLX20230414_104252_V06,2023-04-14 10:42:52,2023-04-14 10:47:52
KTLX,s3://unidata-nexrad-level2/2023/04/14/KTLX/KTLX20230414_104953_V06,2023-04-14 10:49:53,2023-04-14 10:54:53
KTLX,s3://unidata-nexrad-level2/2023/04/14/KTLX/KTLX20230414_105654_V06,2023-04-14 10:56:54,2023-04-14 11:01:54
KTLX,s3://unidata-nexrad-level2/2023/04/14/KTLX/KTLX20230414_110355_V06,2023-04-14 11:03:55,2023-04-14 11:08:55
KTLX,s3://unidata-nexrad-level2/2023/04/14/KTLX/KTLX20230414_111057_V06,2023-04-14 11:10:57,2023-04-14 11:15:57
KTLX,s3://unidata-nexrad-level2/2023/04/14/KTLX/KTLX20230414_111757_V06,2023-04-14 11:17:57,2023-04-14 11:22:57
KTLX,s3://unidata-nexrad-level2/2023/04/14/KTLX/KTLX20230414_112458_V06,2023-04-14 11:24:58,2023-04-14 11:29:58
KTLX,s3://unidata-nexrad-level2/2023/04/14/KTLX/KTLX20230414_113159_V06,2023-04-14 11:31:59,2023-04-14 11:36:59
KTLX,s3://unidata-nexrad-level2/2023/04/14/KTLX/KTLX20230414_113859_V06,2023-04-14 11:38:59,2023-04-14 11:43:59
KTLX,s3://unidata-nexrad-level2/2023/04/14/KTLX/KTLX20230414_114559_V06,2023-04-14 11:45:59,2023-04-14 11:50:59
KTLX,s3://unidata-nexrad-level2/2023/04/14/KTLX/KTLX20230414_115300_V06,2023-04-14 11:53:00,2023-04-14 11:58:00
KTLX,s3://unidata-nexrad-level2/2023/04/14/KTLX/KTLX20230414_120001_V06,2023-04-14 12:00:01,2023-04-14 12:05:01
KTLX,s3://unidata-nexrad-level2/2023/04/14/KTLX/KTLX20230414_120702_V06,2023-04-14 12:07:02,2023-04-14 12:12:02
KTLX,s3://unidata-nexrad-level2/2023/04/14/KTLX/KTLX20230414_121402_V06,2023-04-14 12:14:02,2023-04-14 12:19:02
KTLX,s3://unidata-nexrad-level2/2023/04/14/KTLX/KTLX20230414_122103_V06,2023-04-14 12:21:03,2023-04-14 12:26:03
KTLX,s3://unidata-nexrad-level2/2023/04/14/KTLX/KTLX20230414_122804_V06,2023-04-14 12:28:04,2023-04-14 12:33:04
KTLX,s3://unidata-nexrad-level2/2023/04/14/KTLX/KTLX20230414_123506_V06,2023-04-14 12:35:06,2023-04-14 12:40:06
KTLX,s3://unidata-nexrad-level2/2023/04/14/KTLX/KTLX20230414_124206_V06,2023-04-14 12:42:06,2023-04-14 12:47:06
KTLX,s3://unidata-nexrad-level2/2023/04/14/KTLX/KTLX20230414_124907_V06,2023-04-14 12:49:07,2023-04-14 12:54:07
KTLX,s3://unidata-nexrad-level2/2023/04/14/KTLX/KTLX20230414_125609_V06,2023-04-14 12:56:09,2023-04-14 13:01:09
KTLX,s3://unidata-nexrad-level2/2023/04/14/KTLX/KTLX20230414_130311_V06,2023-04-14 13:03:11,2023-04-14 13:08:11
KTLX,s3://unidata-nexrad-level2/2023/04/14/KTLX/KTLX20230414_131013_V06,2023-04-14 13:10:13,2023-04-14 13:15:13
KTLX,s3://unidata-nexrad-level2/2023/04/14/KTLX/KTLX20230414_131714_V06,2023-04-14 13:17:14,2023-04-14 13:22:14
KTLX,s3://unidata-nexrad-level2/2023/04/14/KTLX/KTLX20230414_132415_V06,2023-04-14 13:24:15,2023-04-14 13:29:15
KTLX,s3://unidata-nexrad-level2/2023/04/14/KTLX/KTLX20230414_133117_V06,2023-04-14 13:31:17,2023-04-14 13:36:17
KTLX,s3://unidata-nexrad-level2/2023/04/14/KTLX/KTLX20230414_133819_V06,2023-04-14 13:38:19,2023-04-14 13:43:19
KTLX,s3://unidata-nexrad-level2/2023/04/14/KTLX/KTLX20230414_134520_V06,2023-04-14 13:45:20,2023-04-14 13:50:20
KTLX,s3://unidata-nexrad-level2/2023/04/14/KTLX/KTLX20230414_135220_V06,2023-04-14 13:52:20,2023-04-14 13:57:20
KTLX,s3://unidata-nexrad-level2/2023/04/14/KTLX/KTLX20230414_135922_V06,2023-04-14 13:59:22,2023-04-14 14:04:22
KTLX,s3://unidata-nexrad-level2/2023/04/14/KTLX/KTLX20230414_140623_V06,2023-04-14 14:06:23,2023-04-14 14:11:23
KTLX,s3://unidata-nexrad-level2/2023/04/14/KTLX/KTLX20230414_141324_V06,2023-04-14 14:13:24,2023-04-14 14:18:24
KTLX,s3://unidata-nexrad-level2/2023/04/14/KTLX/KTLX20230414_142024_V06,2023-04-14 14:20:24,2023-04-14 14:25:24
KTLX,s3://unidata-nexrad-level2/2023/04/14/KTLX/KTLX20230414_142726_V06,2023-04-14 14:27:26,2023-04-14 14:32:26
KTLX,s3://unidata-nexrad-level2/2023/04/14/KTLX/KTLX20230414_143427_V06,2023-04-14 14:34:27,2023-04-14 14:39:27
KTLX,s3://unidata-nexrad-level2/2023/04/14/KTLX/KTLX20230414_144129_V06,2023-04-14 14:41:29,2023-04-14 14:46:29
KTLX,s3://unidata-nexrad-level2/2023/04/14/KTLX/KTLX20230414_144829_V06,2023-04-14 14:48:29,2023-04-14 14:53:29
KTLX,s3://unidata-nexrad-level2/2023/04/14/KTLX/KTLX20230414_145530_V06,2023-04-14 14:55:30,2023-04-14 15:00:30
KTLX,s3://unidata-nexrad-level2/2023/04/14/KTLX/KTLX20230414_150231_V06,2023-04-14 15:02:31,2023-04-14 15:07:31
KTLX,s3://unidata-nexrad-level2/2023/04/14/KTLX/KTLX20230414_150932_V06,2023-04-14 15:09:32,2023-04-14 15:14:32
KTLX,s3://unidata-nexrad-level2/2023/04/14/KTLX/KTLX20230414_151628_V06,2023-04-14 15:16:28,2023-04-14 15:21:28
KTLX,s3://unidata-nexrad-level2/2023/04/14/KTLX/KTLX20230414_152323_V06,2023-04-14 15:23:23,2023-04-14 15:28:23
KTLX,s3://unidata-nexrad-level2/2023/04/14/KTLX/KTLX20230414_153025_V06,2023-04-14 15:30:25,2023-04-14 15:35:25
KTLX,s3://unidata-nexrad-level2/2023/04/14/KTLX/KTLX20230414_153720_V06,2023-04-14 15:37:20,2023-04-14 15:42:20
KTLX,s3://unidata-nexrad-level2/2023/04/14/KTLX/KTLX20230414_154421_V06,2023-04-14 15:44:21,2023-04-14 15:49:21
KTLX,s3://unidata-nexrad-level2/2023/04/14/KTLX/KTLX20230414_155123_V06,2023-04-14 15:51:23,2023-04-14 15:56:23
KTLX,s3://unidata-nexrad-level2/2023/04/14/KTLX/KTLX20230414_155810_V06,2023-04-14 15:58:10,2023-04-14 16:03:10
KTLX,s3://unidata-nexrad-level2/2023/04/14/KTLX/KTLX20230414_160505_V06,2023-04-14 16:05:05,2023-04-14 16:10:05
KTLX,s3://unidata-nexrad-level2/2023/04/14/KTLX/KTLX20230414_161153_V06,2023-04-14 16:11:53,2023-04-14 16:16:53
KTLX,s3://unidata-nexrad-level2/2023/04/14/KTLX/KTLX20230414_161835_V06,2023-04-14 16:18:35,2023-04-14 16:23:35
KTLX,s3://unidata-nexrad-level2/2023/04/14/KTLX/KTLX20230414_162521_V06,2023-04-14 16:25:21,2023-04-14 16:30:21
KTLX,s3://unidata-nexrad-level2/2023/04/14/KTLX/KTLX20230414_163222_V06,2023-04-14 16:32:22,2023-04-14 16:37:22
KTLX,s3://unidata-nexrad-level2/2023/04/14/KTLX/KTLX20230414_163917_V06,2023-04-14 16:39:17,2023-04-14 16:44:17
KTLX,s3://unidata-nexrad-level2/2023/04/14/KTLX/KTLX20230414_164607_V06,2023-04-14 16:46:07,2023-04-14 16:51:07
KTLX,s3://unidata-nexrad-level2/2023/04/14/KTLX/KTLX20230414_165307_V06,2023-04-14 16:53:07,2023-04-14 16:58:07
KTLX,s3://unidata-nexrad-level2/2023/04/14/KTLX/KTLX20230414_165953_V06,2023-04-14 16:59:53,2023-04-14 17:04:53
KTLX,s3://unidata-nexrad-level2/2023/04/14/KTLX/KTLX20230414_170639_V06,2023-04-14 17:06:39,2023-04-14 17:11:39
KTLX,s3://unidata-nexrad-level2/2023/04/14/KTLX/KTLX20230414_171319_V06,2023-04-14 17:13:19,2023-04-14 17:18:19
KTLX,s3://unidata-nexrad-level2/2023/04/14/KTLX/KTLX20230414_172001_V06,2023-04-14 17:20:01,2023-04-14 17:25:01
KTLX,s3://unidata-nexrad-level2/2023/04/14/KTLX/KTLX20230414_172643_V06,2023-04-14 17:26:43,2023-04-14 17:31:43
KTLX,s3://unidata-nexrad-level2/2023/04/14/KTLX/KTLX20230414_173326_V06,2023-04-14 17:33:26,2023-04-14 17:38:26
KTLX,s3://unidata-nexrad-level2/2023/04/14/KTLX/KTLX20230414_174009_V06,2023-04-14 17:40:09,2023-04-14 17:45:09
KTLX,s3://unidata-nexrad-level2/2023/04/14/KTLX/KTLX20230414_174652_V06,2023-04-14 17:46:52,2023-04-14 17:51:52
KTLX,s3://unidata-nexrad-level2/2023/04/14/KTLX/KTLX20230414_175450_V06,2023-04-14 17:54:50,2023-04-14 17:59:50
KTLX,s3://unidata-nexrad-level2/2023/04/14/KTLX/KTLX20230414_180133_V06,2023-04-14 18:01:33,2023-04-14 18:06:33
KTLX,s3://unidata-nexrad-level2/2023/04/14/KTLX/KTLX20230414_180817_V06,2023-04-14 18:08:17,2023-04-14 18:13:17
KTLX,s3://unidata-nexrad-level2/2023/04/14/KTLX/KTLX20230414_181459_V06,2023-04-14 18:14:59,2023-04-14 18:19:59
KTLX,s3://unidata-nexrad-level2/2023/04/14/KTLX/KTLX20230414_182144_V06,2023-04-14 18:21:44,2023-04-14 18:26:44
KTLX,s3://unidata-nexrad-level2/2023/04/14/KTLX/KTLX20230414_182827_V06,2023-04-14 18:28:27,2023-04-14 18:33:27
KTLX,s3://unidata-nexrad-level2/2023/04/14/KTLX/KTLX20230414_183510_V06,2023-04-14 18:35:10,2023-04-14 18:40:10
KTLX,s3://unidata-nexrad-level2/2023/04/14/KTLX/KTLX20230414_184151_V06,2023-04-14 18:41:51,2023-04-14 18:46:51
KTLX,s3://unidata-nexrad-level2/2023/04/14/KTLX/KTLX20230414_184833_V06,2023-04-14 18:48:33,2023-04-14 18:53:33
KTLX,s3://unidata-nexrad-level2/2023/04/14/KTLX/KTLX20230414_185516_V06,2023-04-14 18:55:16,2023-04-14 19:00:16
KTLX,s3://unidata-nexrad-level2/2023/04/14/KTLX/KTLX20230414_190158_V06,2023-04-14 19:01:58,2023-04-14 19:06:58
KTLX,s3://unidata-nexrad-level2/2023/04/14/KTLX/KTLX20230414_190841_V06,2023-04-14 19:08:41,2023-04-14 19:13:41
KTLX,s3://unidata-nexrad-level2/2023/04/14/KTLX/KTLX20230414_191522_V06,2023-04-14 19:15:22,2023-04-14 19:20:22
KTLX,s3://unidata-nexrad-level2/2023/04/14/KTLX/KTLX20230414_192205_V06,2023-04-14 19:22:05,2023-04-14 19:27:05
KTLX,s3://unidata-nexrad-level2/2023/04/14/KTLX/KTLX20230414_192847_V06,2023-04-14 19:28:47,2023-04-14 19:33:47
KTLX,s3://unidata-nexrad-level2/2023/04/14/KTLX/KTLX20230414_193529_V06,2023-04-14 19:35:29,2023-04-14 19:40:29
KTLX,s3://unidata-nexrad-level2/2023/04/14/KTLX/KTLX20230414_194210_V06,2023-04-14 19:42:10,2023-04-14 19:47:10
KTLX,s3://unidata-nexrad-level2/2023/04/14/KTLX/KTLX20230414_194854_V06,2023-04-14 19:48:54,2023-04-14 19:53:54
KTLX,s3://unidata-nexrad-level2/2023/04/14/KTLX/KTLX20230414_195537_V06,2023-04-14 19:55:37,2023-04-14 20:00:37
KTLX,s3://unidata-nexrad-level2/2023/04/14/KTLX/KTLX20230414_200218_V06,2023-04-14 20:02:18,2023-04-14 20:05:42
KTLX,s3://unidata-nexrad-level2/2023/04/14/KTLX/KTLX20230414_200542_V06,2023-04-14 20:05:42,2023-04-14 20:09:01
KTLX,s3://unidata-nexrad-level2/2023/04/14/KTLX/KTLX20230414_200901_V06,2023-04-14 20:09:01,2023-04-14 20:12:19
KTLX,s3://unidata-nexrad-level2/2023/04/14/KTLX/KTLX20230414_201219_V06,2023-04-14 20:12:19,2023-04-14 20:15:38
KTLX,s3://unidata-nexrad-level2/2023/04/14/KTLX/KTLX20230414_201538_V06,2023-04-14 20:15:38,2023-04-14 20:18:56
KTLX,s3://unidata-nexrad-level2/2023/04/14/KTLX/KTLX20230414_201856_V06,2023-04-14 20:18:56,2023-04-14 20:22:13
KTLX,s3://unidata-nexrad-level2/2023/04/14/KTLX/KTLX20230414_202213_V06,2023-04-14 20:22:13,2023-04-14 20:25:32
KTLX,s3://unidata-nexrad-level2/2023/04/14/KTLX/KTLX20230414_202532_V06,2023-04-14 20:25:32,2023-04-14 20:28:49
KTLX,s3://unidata-nexrad-level2/2023/04/14/KTLX/KTLX20230414_202849_V06,2023-04-14 20:28:49,2023-04-14 20:32:07
KTLX,s3://unidata-nexrad-level2/2023/04/14/KTLX/KTLX20230414_203207_V06,2023-04-14 20:32:07,2023-04-14 20:35:24
KTLX,s3://unidata-nexrad-level2/2023/04/14/KTLX/KTLX20230414_203524_V06,2023-04-14 20:35:24,2023-04-14 20:38:47
KTLX,s3://unidata-nexrad-level2/2023/04/14/KTLX/KTLX20230414_203847_V06,2023-04-14 20:38:47,2023-04-14 20:42:11
KTLX,s3://unidata-nexrad-level2/2023/04/14/KTLX/KTLX20230414_204211_V06,2023-04-14 20:42:11,2023-04-14 20:45:34
KTLX,s3://unidata-nexrad-level2/2023/04/14/KTLX/KTLX20230414_204534_V06,2023-04-14 20:45:34,2023-04-14 20:48:56
KTLX,s3://unidata-nexrad-level2/2023/04/14/KTLX/KTLX20230414_204856_V06,2023-04-14 20:48:56,2023-04-14 20:52:57
KTLX,s3://unidata-nexrad-level2/2023/04/14/KTLX/KTLX20230414_205257_V06,2023-04-14 20:52:57,2023-04-14 20:56:59
KTLX,s3://unidata-nexrad-level2/2023/04/14/KTLX/KTLX20230414_205659_V06,2023-04-14 20:56:59,2023-04-14 21:01:01
KTLX,s3://unidata-nexrad-level2/2023/04/14/KTLX/KTLX20230414_210101_V06,2023-04-14 21:01:01,2023-04-14 21:05:02
KTLX,s3://unidata-nexrad-level2/2023/04/14/KTLX/KTLX20230414_210502_V06,2023-04-14 21:05:02,2023-04-14 21:09:12
KTLX,s3://unidata-nexrad-level2/2023/04/14/KTLX/KTLX20230414_210912_V06,2023-04-14 21:09:12,2023-04-14 21:13:20
KTLX,s3://unidata-nexrad-level2/2023/04/14/KTLX/KTLX20230414_211320_V06,2023-04-14 21:13:20,2023-04-14 21:17:28
KTLX,s3://unidata-nexrad-level2/2023/04/14/KTLX/KTLX20230414_211728_V06,2023-04-14 21:17:28,2023-04-14 21:21:36
KTLX,s3://unidata-nexrad-level2/2023/04/14/KTLX/KTLX20230414_212136_V06,2023-04-14 21:21:36,2023-04-14 21:25:37
KTLX,s3://unidata-nexrad-level2/2023/04/14/KTLX/KTLX20230414_212537_V06,2023-04-14 21:25:37,2023-04-14 21:29:45
KTLX,s3://unidata-nexrad-level2/2023/04/14/KTLX/KTLX20230414_212945_V06,2023-04-14 21:29:45,2023-04-14 21:33:46
KTLX,s3://unidata-nexrad-level2/2023/04/14/KTLX/KTLX20230414_213346_V06,2023-04-14 21:33:46,2023-04-14 21:37:54
KTLX,s3://unidata-nexrad-level2/2023/04/14/KTLX/KTLX20230414_213754_V06,2023-04-14 21:37:54,2023-04-14 21:42:03
KTLX,s3://unidata-nexrad-level2/2023/04/14/KTLX/KTLX20230414_214203_V06,2023-04-14 21:42:03,2023-04-14 21:46:21
KTLX,s3://unidata-nexrad-level2/2023/04/14/KTLX/KTLX20230414_214621_V06,2023-04-14 21:46:21,2023-04-14 21:50:38
KTLX,s3://unidata-nexrad-level2/2023/04/14/KTLX/KTLX20230414_215038_V06,2023-04-14 21:50:38,2023-04-14 21:54:56
KTLX,s3://unidata-nexrad-level2/2023/04/14/KTLX/KTLX20230414_215456_V06,2023-04-14 21:54:56,2023-04-14 21:59:06
KTLX,s3://unidata-nexrad-level2/2023/04/14/KTLX/KTLX20230414_215906_V06,2023-04-14 21:59:06,2023-04-14 22:03:24
KTLX,s3://unidata-nexrad-level2/2023/04/14/KTLX/KTLX20230414_220324_V06,2023-04-14 22:03:24,2023-04-14 22:07:43
KTLX,s3://unidata-nexrad-level2/2023/04/14/KTLX/KTLX20230414_220743_V06,2023-04-14 22:07:43,2023-04-14 22:11:31
KTLX,s3://unidata-nexrad-level2/2023/04/14/KTLX/KTLX20230414_221131_V06,2023-04-14 22:11:31,2023-04-14 22:15:48
KTLX,s3://unidata-nexrad-level2/2023/04/14/KTLX/KTLX20230414_221548_V06,2023-04-14 22:15:48,2023-04-14 22:20:04
KTLX,s3://unidata-nexrad-level2/2023/04/14/KTLX/KTLX20230414_222004_V06,2023-04-14 22:20:04,2023-04-14 22:23:52
KTLX,s3://unidata-nexrad-level2/2023/04/14/KTLX/KTLX20230414_222352_V06,2023-04-14 22:23:52,2023-04-14 22:28:10
KTLX,s3://unidata-nexrad-level2/2023/04/14/KTLX/KTLX20230414_222810_V06,2023-04-14 22:28:10,2023-04-14 22:32:28
KTLX,s3://unidata-nexrad-level2/2023/04/14/KTLX/KTLX20230414_223228_V06,2023-04-14 22:32:28,2023-04-14 22:36:17
KTLX,s3://unidata-nexrad-level2/2023/04/14/KTLX/KTLX20230414_223617_V06,2023-04-14 22:36:17,2023-04-14 22:40:36
KTLX,s3://unidata-nexrad-level2/2023/04/14/KTLX/KTLX20230414_224036_V06,2023-04-14 22:40:36,2023-04-14 22:45:36
KTLX,s3://unidata-nexrad-level2/2023/04/14/KTLX/KTLX20230414_224907_V06,2023-04-14 22:49:07,2023-04-14 22:54:07
KTLX,s3://unidata-nexrad-level2/2023/04/14/KTLX/KTLX20230414_225738_V06,2023-04-14 22:57:38,2023-04-14 23:02:38
KTLX,s3://unidata-nexrad-level2/2023/04/14/KTLX/KTLX20230414_230550_V06,2023-04-14 23:05:50,2023-04-14 23:10:50
KTLX,s3://unidata-nexrad-level2/2023/04/14/KTLX/KTLX20230414_231404_V06,2023-04-14 23:14:04,2023-04-14 23:19:04
KTLX,s3://unidata-nexrad-level2/2023/04/14/KTLX/KTLX20230414_232217_V06,2023-04-14 23:22:17,2023-04-14 23:27:17
KTLX,s3://unidata-nexrad-level2/2023/04/14/KTLX/KTLX20230414_233030_V06,2023-04-14 23:30:30,2023-04-14 23:35:30
KTLX,s3://unidata-nexrad-level2/2023/04/14/KTLX/KTLX20230414_233844_V06,2023-04-14 23:38:44,2023-04-14 23:43:44
KTLX,s3://unidata-nexrad-level2/2023/04/14/KTLX/KTLX20230414_234659_V06,2023-04-14 23:46:59,2023-04-14 23:51:59
KTLX,s3://unidata-nexrad-level2/2023/04/14/KTLX/KTLX20230414_235513_V06,2023-04-14 23:55:13,2023-04-15 00:00:13
KTLX,s3://unidata-nexrad-level2/2023/04/15/KTLX/KTLX20230415_000327_V06,2023-04-15 00:03:27,2023-04-15 00:08:27
KTLX,s3://unidata-nexrad-level2/2023/04/15/KTLX/KTLX20230415_001140_V06,2023-04-15 00:11:40,2023-04-15 00:16:40
KTLX,s3://unidata-nexrad-level2/2023/04/15/KTLX/KTLX20230415_001954_V06,2023-04-15 00:19:54,2023-04-15 00:24:54
KTLX,s3://unidata-nexrad-level2/2023/04/15/KTLX/KTLX20230415_002808_V06,2023-04-15 00:28:08,2023-04-15 00:33:08
KTLX,s3://unidata-nexrad-level2/2023/04/15/KTLX/KTLX20230415_003621_V06,2023-04-15 00:36:21,2023-04-15 00:41:21
KTLX,s3://unidata-nexrad-level2/2023/04/15/KTLX/KTLX20230415_004435_V06,2023-04-15 00:44:35,2023-04-15 00:49:35
KTLX,s3://unidata-nexrad-level2/2023/04/15/KTLX/KTLX20230415_005250_V06,2023-04-15 00:52:50,2023-04-15 00:57:50
KTLX,s3://unidata-nexrad-level2/2023/04/15/KTLX/KTLX20230415_010103_V06,2023-04-15 01:01:03,2023-04-15 01:05:07
KTLX,s3://unidata-nexrad-level2/2023/04/15/KTLX/KTLX20230415_010507_V06,2023-04-15 01:05:07,2023-04-15 01:09:25
KTLX,s3://unidata-nexrad-level2/2023/04/15/KTLX/KTLX20230415_010925_V06,2023-04-15 01:09:25,2023-04-15 01:13:44
KTLX,s3://unidata-nexrad-level2/2023/04/15/KTLX/KTLX20230415_011344_V06,2023-04-15 01:13:44,2023-04-15 01:17:53
KTLX,s3://unidata-nexrad-level2/2023/04/15/KTLX/KTLX20230415_011753_V06,2023-04-15 01:17:53,2023-04-15 01:22:10
KTLX,s3://unidata-nexrad-level2/2023/04/15/KTLX/KTLX20230415_012210_V06,2023-04-15 01:22:10,2023-04-15 01:26:19
KTLX,s3://unidata-nexrad-level2/2023/04/15/KTLX/KTLX20230415_012619_V06,2023-04-15 01:26:19,2023-04-15 01:30:37
KTLX,s3://unidata-nexrad-level2/2023/04/15/KTLX/KTLX20230415_013037_V06,2023-04-15 01:30:37,2023-04-15 01:34:25
KTLX,s3://unidata-nexrad-level2/2023/04/15/KTLX/KTLX20230415_013425_V06,2023-04-15 01:34:25,2023-04-15 01:38:34
KTLX,s3://unidata-nexrad-level2/2023/04/15/KTLX/KTLX20230415_013834_V06,2023-04-15 01:38:34,2023-04-15 01:42:52
KTLX,s3://unidata-nexrad-level2/2023/04/15/KTLX/KTLX20230415_014252_V06,2023-04-15 01:42:52,2023-04-15 01:46:41
KTLX,s3://unidata-nexrad-level2/2023/04/15/KTLX/KTLX20230415_014641_V06,2023-04-15 01:46:41,2023-04-15 01:50:58
KTLX,s3://unidata-nexrad-level2/2023/04/15/KTLX/KTLX20230415_015058_V06,2023-04-15 01:50:58,2023-04-15 01:55:58
KTLX,s3://unidata-nexrad-level2/2023/04/15/KTLX/KTLX20230415_015627_V06,2023-04-15 01:56:27,2023-04-15 02:00:35
KTLX,s3://unidata-nexrad-level2/2023/04/15/KTLX/KTLX20230415_020035_V06,2023-04-15 02:00:35,2023-04-15 02:04:44
KTLX,s3://unidata-nexrad-level2/2023/04/15/KTLX/KTLX20230415_020444_V06,2023-04-15 02:04:44,2023-04-15 02:08:52
KTLX,s3://unidata-nexrad-level2/2023/04/15/KTLX/KTLX20230415_020852_V06,2023-04-15 02:08:52,2023-04-15 02:13:09
KTLX,s3://unidata-nexrad-level2/2023/04/15/KTLX/KTLX20230415_021309_V06,2023-04-15 02:13:09,2023-04-15 02:17:18
KTLX,s3://unidata-nexrad-level2/2023/04/15/KTLX/KTLX20230415_021718_V06,2023-04-15 02:17:18,2023-04-15 02:21:25
KTLX,s3://unidata-nexrad-level2/2023/04/15/KTLX/KTLX20230415_022125_V06,2023-04-15 02:21:25,2023-04-15 02:25:33
KTLX,s3://unidata-nexrad-level2/2023/04/15/KTLX/KTLX20230415_022533_V06,2023-04-15 02:25:33,2023-04-15 02:29:41
KTLX,s3://unidata-nexrad-level2/2023/04/15/KTLX/KTLX20230415_022941_V06,2023-04-15 02:29:41,2023-04-15 02:33:49
KTLX,s3://unidata-nexrad-level2/2023/04/15/KTLX/KTLX20230415_023349_V06,2023-04-15 02:33:49,2023-04-15 02:37:59
KTLX,s3://unidata-nexrad-level2/2023/04/15/KTLX/KTLX20230415_023759_V06,2023-04-15 02:37:59,2023-04-15 02:42:07
KTLX,s3://unidata-nexrad-level2/2023/04/15/KTLX/KTLX20230415_024207_V06,2023-04-15 02:42:07,2023-04-15 02:46:15
KTLX,s3://unidata-nexrad-level2/2023/04/15/KTLX/KTLX20230415_024615_V06,2023-04-15 02:46:15,2023-04-15 02:50:23
KTLX,s3://unidata-nexrad-level2/2023/04/15/KTLX/KTLX20230415_025023_V06,2023-04-15 02:50:23,2023-04-15 02:54:41
KTLX,s3://unidata-nexrad-level2/2023/04/15/KTLX/KTLX20230415_025441_V06,2023-04-15 02:54:41,2023-04-15 02:59:41
KTLX,s3://unidata-nexrad-level2/2023/04/15/KTLX/KTLX20230415_030311_V06,2023-04-15 03:03:11,2023-04-15 03:08:11
KTLX,s3://unidata-nexrad-level2/2023/04/15/KTLX/KTLX20230415_031124_V06,2023-04-15 03:11:24,2023-04-15 03:16:24
KTLX,s3://unidata-nexrad-level2/2023/04/15/KTLX/KTLX20230415_031938_V06,2023-04-15 03:19:38,2023-04-15 03:24:38
KTLX,s3://unidata-nexrad-level2/2023/04/15/KTLX/KTLX20230415_032818_V06,2023-04-15 03:28:18,2023-04-15 03:33:18
KTLX,s3://unidata-nexrad-level2/2023/04/15/KTLX/KTLX20230415_033656_V06,2023-04-15 03:36:56,2023-04-15 03:41:56
KTLX,s3://unidata-nexrad-level2/2023/04/15/KTLX/KTLX20230415_034536_V06,2023-04-15 03:45:36,2023-04-15 03:50:36
KTLX,s3://unidata-nexrad-level2/2023/04/15/KTLX/KTLX20230415_035414_V06,2023-04-15 03:54:14,2023-04-15 03:58:18
KTLX,s3://unidata-nexrad-level2/2023/04/15/KTLX/KTLX20230415_035818_V06,2023-04-15 03:58:18,2023-04-15 04:02:43
KTLX,s3://unidata-nexrad-level2/2023/04/15/KTLX/KTLX20230415_040243_V06,2023-04-15 04:02:43,2023-04-15 04:07:19
KTLX,s3://unidata-nexrad-level2/2023/04/15/KTLX/KTLX20230415_040719_V06,2023-04-15 04:07:19,2023-04-15 04:11:55
KTLX,s3://unidata-nexrad-level2/2023/04/15/KTLX/KTLX20230415_041155_V06,2023-04-15 04:11:55,2023-04-15 04:16:32
KTLX,s3://unidata-nexrad-level2/2023/04/15/KTLX/KTLX20230415_041632_V06,2023-04-15 04:16:32,2023-04-15 04:21:08
KTLX,s3://unidata-nexrad-level2/2023/04/15/KTLX/KTLX20230415_042108_V06,2023-04-15 04:21:08,2023-04-15 04:25:44
KTLX,s3://unidata-nexrad-level2/2023/04/15/KTLX/KTLX20230415_042544_V06,2023-04-15 04:25:44,2023-04-15 04:30:19
KTLX,s3://unidata-nexrad-level2/2023/04/15/KTLX/KTLX20230415_043019_V06,2023-04-15 04:30:19,2023-04-15 04:34:56
KTLX,s3://unidata-nexrad-level2/2023/04/15/KTLX/KTLX20230415_043456_V06,2023-04-15 04:34:56,2023-04-15 04:39:13
KTLX,s3://unidata-nexrad-level2/2023/04/15/KTLX/KTLX20230415_043913_V06,2023-04-15 04:39:13,2023-04-15 04:43:48
KTLX,s3://unidata-nexrad-level2/2023/04/15/KTLX/KTLX20230415_044348_V06,2023-04-15 04:43:48,2023-04-15 04:48:24
KTLX,s3://unidata-nexrad-level2/2023/04/15/KTLX/KTLX20230415_044824_V06,2023-04-15 04:48:24,2023-04-15 04:52:59
KTLX,s3://unidata-nexrad-level2/2023/04/15/KTLX/KTLX20230415_045259_V06,2023-04-15 04:52:59,2023-04-15 04:57:27
KTLX,s3://unidata-nexrad-level2/2023/04/15/KTLX/KTLX20230415_045727_V06,2023-04-15 04:57:27,2023-04-15 05:02:04
KTLX,s3://unidata-nexrad-level2/2023/04/15/KTLX/KTLX20230415_050204_V06,2023-04-15 05:02:04,2023-04-15 05:06:41
KTLX,s3://unidata-nexrad-level2/2023/04/15/KTLX/KTLX20230415_050641_V06,2023-04-15 05:06:41,2023-04-15 05:11:41
KTLX,s3://unidata-nexrad-level2/2023/04/15/KTLX/KTLX20230415_051336_V06,2023-04-15 05:13:36,2023-04-15 05:18:36
KTLX,s3://unidata-nexrad-level2/2023/04/15/KTLX/KTLX20230415_052019_V06,2023-04-15 05:20:19,2023-04-15 05:25:19
KTLX,s3://unidata-nexrad-level2/2023/04/15/KTLX/KTLX20230415_052701_V06,2023-04-15 05:27:01,2023-04-15 05:32:01
KTLX,s3://unidata-nexrad-level2/2023/04/15/KTLX/KTLX20230415_053343_V06,2023-04-15 05:33:43,2023-04-15 05:38:43
KTLX,s3://unidata-nexrad-level2/2023/04/15/KTLX/KTLX20230415_054024_V06,2023-04-15 05:40:24,2023-04-15 05:45:24
KTLX,s3://unidata-nexrad-level2/2023/04/15/KTLX/KTLX20230415_054707_V06,2023-04-15 05:47:07,2023-04-15 05:52:07
KTLX,s3://unidata-nexrad-level2/2023/04/15/KTLX/KTLX20230415_055349_V06,2023-04-15 05:53:49,2023-04-15 05:58:49
KTLX,s3://unidata-nexrad-level2/2023/04/15/KTLX/KTLX20230415_060040_V06,2023-04-15 06:00:40,2023-04-15 06:05:40
KTLX,s3://unidata-nexrad-level2/2023/04/15/KTLX/KTLX20230415_060727_V06,2023-04-15 06:07:27,2023-04-15 06:12:27
KTLX,s3://unidata-nexrad-level2/2023/04/15/KTLX/KTLX20230415_061418_V06,2023-04-15 06:14:18,2023-04-15 06:19:18
KTLX,s3://unidata-nexrad-level2/2023/04/15/KTLX/KTLX20230415_062108_V06,2023-04-15 06:21:08,2023-04-15 06:26:08
KTLX,s3://unidata-nexrad-level2/2023/04/15/KTLX/KTLX20230415_062759_V06,2023-04-15 06:27:59,2023-04-15 06:32:59
KTLX,s3://unidata-nexrad-level2/2023/04/15/KTLX/KTLX20230415_063442_V06,2023-04-15 06:34:42,2023-04-15 06:39:42
KTLX,s3://unidata-nexrad-level2/2023/04/15/KTLX/KTLX20230415_064143_V06,2023-04-15 06:41:43,2023-04-15 06:46:43
KTLX,s3://unidata-nexrad-level2/2023/04/15/KTLX/KTLX20230415_064844_V06,2023-04-15 06:48:44,2023-04-15 06:53:44
KTLX,s3://unidata-nexrad-level2/2023/04/15/KTLX/KTLX20230415_065546_V06,2023-04-15 06:55:46,2023-04-15 07:00:46
KTLX,s3://unidata-nexrad-level2/2023/04/15/KTLX/KTLX20230415_070247_V06,2023-04-15 07:02:47,2023-04-15 07:07:47
KTLX,s3://unidata-nexrad-level2/2023/04/15/KTLX/KTLX20230415_070947_V06,2023-04-15 07:09:47,2023-04-15 07:14:47
KTLX,s3://unidata-nexrad-level2/2023/04/15/KTLX/KTLX20230415_071630_V06,2023-04-15 07:16:30,2023-04-15 07:21:30
KTLX,s3://unidata-nexrad-level2/2023/04/15/KTLX/KTLX20230415_072331_V06,2023-04-15 07:23:31,2023-04-15 07:28:31
KTLX,s3://unidata-nexrad-level2/2023/04/15/KTLX/KTLX20230415_073032_V06,2023-04-15 07:30:32,2023-04-15 07:35:32
KTLX,s3://unidata-nexrad-level2/2023/04/15/KTLX/KTLX20230415_073732_V06,2023-04-15 07:37:32,2023-04-15 07:42:32
KTLX,s3://unidata-nexrad-level2/2023/04/15/KTLX/KTLX20230415_074433_V06,2023-04-15 07:44:33,2023-04-15 07:49:33
KTLX,s3://unidata-nexrad-level2/2023/04/15/KTLX/KTLX20230415_075136_V06,2023-04-15 07:51:36,2023-04-15 07:56:36
KTLX,s3://unidata-nexrad-level2/2023/04/15/KTLX/KTLX20230415_075838_V06,2023-04-15 07:58:38,2023-04-15 08:03:38
KTLX,s3://unidata-nexrad-level2/2023/04/15/KTLX/KTLX20230415_080540_V06,2023-04-15 08:05:40,2023-04-15 08:10:40
KTLX,s3://unidata-nexrad-level2/2023/04/15/KTLX/KTLX20230415_081241_V06,2023-04-15 08:12:41,2023-04-15 08:17:41
KTLX,s3://unidata-nexrad-level2/2023/04/15/KTLX/KTLX20230415_081943_V06,2023-04-15 08:19:43,2023-04-15 08:24:43
KTLX,s3://unidata-nexrad-level2/2023/04/15/KTLX/KTLX20230415_082645_V06,2023-04-15 08:26:45,2023-04-15 08:31:45
KTLX,s3://unidata-nexrad-level2/2023/04/15/KTLX/KTLX20230415_083345_V06,2023-04-15 08:33:45,2023-04-15 08:38:45
KTLX,s3://unidata-nexrad-level2/2023/04/15/KTLX/KTLX20230415_084046_V06,2023-04-15 08:40:46,2023-04-15 08:45:46
KTLX,s3://unidata-nexrad-level2/2023/04/15/KTLX/KTLX20230415_084747_V06,2023-04-15 08:47:47,2023-04-15 08:52:47
KTLX,s3://unidata-nexrad-level2/2023/04/15/KTLX/KTLX20230415_085448_V06,2023-04-15 08:54:48,2023-04-15 08:59:48
KTLX,s3://unidata-nexrad-level2/2023/04/15/KTLX/KTLX20230415_090148_V06,2023-04-15 09:01:48,2023-04-15 09:06:48
KTLX,s3://unidata-nexrad-level2/2023/04/15/KTLX/KTLX20230415_090849_V06,2023-04-15 09:08:49,2023-04-15 09:13:49
KTLX,s3://unidata-nexrad-level2/2023/04/15/KTLX/KTLX20230415_091550_V06,2023-04-15 09:15:50,2023-04-15 09:20:50
KTLX,s3://unidata-nexrad-level2/2023/04/15/KTLX/KTLX20230415_092253_V06,2023-04-15 09:22:53,2023-04-15 09:27:53
KTLX,s3://unidata-nexrad-level2/2023/04/15/KTLX/KTLX20230415_092953_V06,2023-04-15 09:29:53,2023-04-15 09:33:18
KTLX,s3://unidata-nexrad-level2/2023/04/15/KTLX/KTLX20230415_093318_V06,2023-04-15 09:33:18,2023-04-15 09:38:18
KTLX,s3://unidata-nexrad-level2/2023/04/15/KTLX/KTLX20230415_094013_V06,2023-04-15 09:40:13,2023-04-15 09:45:13
KTLX,s3://unidata-nexrad-level2/2023/04/15/KTLX/KTLX20230415_094714_V06,2023-04-15 09:47:14,2023-04-15 09:52:14
KTLX,s3://unidata-nexrad-level2/2023/04/15/KTLX/KTLX20230415_095416_V06,2023-04-15 09:54:16,2023-04-15 09:59:16
KTLX,s3://unidata-nexrad-level2/2023/04/15/KTLX/KTLX20230415_100227_V06,2023-04-15 10:02:27,2023-04-15 10:07:27
KTLX,s3://unidata-nexrad-level2/2023/04/15/KTLX/KTLX20230415_100928_V06,2023-04-15 10:09:28,2023-04-15 10:14:28
KTLX,s3://unidata-nexrad-level2/2023/04/15/KTLX/KTLX20230415_101630_V06,2023-04-15 10:16:30,2023-04-15 10:21:30
KTLX,s3://unidata-nexrad-level2/2023/04/15/KTLX/KTLX20230415_102331_V06,2023-04-15 10:23:31,2023-04-15 10:28:31
KTLX,s3://unidata-nexrad-level2/2023/04/15/KTLX/KTLX20230415_103032_V06,2023-04-15 10:30:32,2023-04-15 10:35:32
KTLX,s3://unidata-nexrad-level2/2023/04/15/KTLX/KTLX20230415_103733_V06,2023-04-15 10:37:33,2023-04-15 10:42:33
KTLX,s3://unidata-nexrad-level2/2023/04/15/KTLX/KTLX20230415_104434_V06,2023-04-15 10:44:34,2023-04-15 10:49:34
KTLX,s3://unidata-nexrad-level2/2023/04/15/KTLX/KTLX20230415_105136_V06,2023-04-15 10:51:36,2023-04-15 10:56:36
KTLX,s3://unidata-nexrad-level2/2023/04/15/KTLX/KTLX20230415_105837_V06,2023-04-15 10:58:37,2023-04-15 11:03:37
KTLX,s3://unidata-nexrad-level2/2023/04/15/KTLX/KTLX20230415_110538_V06,2023-04-15 11:05:38,2023-04-15 11:10:38
KTLX,s3://unidata-nexrad-level2/2023/04/15/KTLX/KTLX20230415_111240_V06,2023-04-15 11:12:40,2023-04-15 11:17:40
KTLX,s3://unidata-nexrad-level2/2023/04/15/KTLX/KTLX20230415_111942_V06,2023-04-15 11:19:42,2023-04-15 11:24:42
KTLX,s3://unidata-nexrad-level2/2023/04/15/KTLX/KTLX20230415_112642_V06,2023-04-15 11:26:42,2023-04-15 11:31:42
KTLX,s3://unidata-nexrad-level2/2023/04/15/KTLX/KTLX20230415_113343_V06,2023-04-15 11:33:43,2023-04-15 11:38:43
KTLX,s3://unidata-nexrad-level2/2023/04/15/KTLX/KTLX20230415_114045_V06,2023-04-15 11:40:45,2023-04-15 11:45:45
KTLX,s3://unidata-nexrad-level2/2023/04/15/KTLX/KTLX20230415_114746_V06,2023-04-15 11:47:46,2023-04-15 11:52:46
KTLX,s3://unidata-nexrad-level2/2023/04/15/KTLX/KTLX20230415_115447_V06,2023-04-15 11:54:47,2023-04-15 11:59:47
KTLX,s3://unidata-nexrad-level2/2023/04/15/KTLX/KTLX20230415_120148_V06,2023-04-15 12:01:48,2023-04-15 12:06:48
KTLX,s3://unidata-nexrad-level2/2023/04/15/KTLX/KTLX20230415_120850_V06,2023-04-15 12:08:50,2023-04-15 12:13:50
KTLX,s3://unidata-nexrad-level2/2023/04/15/KTLX/KTLX20230415_121552_V06,2023-04-15 12:15:52,2023-04-15 12:20:52
KTLX,s3://unidata-nexrad-level2/2023/04/15/KTLX/KTLX20230415_122253_V06,2023-04-15 12:22:53,2023-04-15 12:27:53
KTLX,s3://unidata-nexrad-level2/2023/04/15/KTLX/KTLX20230415_122954_V06,2023-04-15 12:29:54,2023-04-15 12:34:54
KTLX,s3://unidata-nexrad-level2/2023/04/15/KTLX/KTLX20230415_123655_V06,2023-04-15 12:36:55,2023-04-15 12:41:55
KTLX,s3://unidata-nexrad-level2/2023/04/15/KTLX/KTLX20230415_124357_V06,2023-04-15 12:43:57,2023-04-15 12:48:57
KTLX,s3://unidata-nexrad-level2/2023/04/15/KTLX/KTLX20230415_125059_V06,2023-04-15 12:50:59,2023-04-15 12:55:59
KTLX,s3://unidata-nexrad-level2/2023/04/15/KTLX/KTLX20230415_125801_V06,2023-04-15 12:58:01,2023-04-15 13:03:01
KTLX,s3://unidata-nexrad-level2/2023/04/15/KTLX/KTLX20230415_130502_V06,2023-04-15 13:05:02,2023-04-15 13:10:02
KTLX,s3://unidata-nexrad-level2/2023/04/15/KTLX/KTLX20230415_131203_V06,2023-04-15 13:12:03,2023-04-15 13:17:03
KTLX,s3://unidata-nexrad-level2/2023/04/15/KTLX/KTLX20230415_131905_V06,2023-04-15 13:19:05,2023-04-15 13:24:05
KTLX,s3://unidata-nexrad-level2/2023/04/15/KTLX/KTLX20230415_132605_V06,2023-04-15 13:26:05,2023-04-15 13:31:05
KTLX,s3://unidata-nexrad-level2/2023/04/15/KTLX/KTLX20230415_133307_V06,2023-04-15 13:33:07,2023-04-15 13:38:07
KTLX,s3://unidata-nexrad-level2/2023/04/15/KTLX/KTLX20230415_134002_V06,2023-04-15 13:40:02,2023-04-15 13:45:02
KTLX,s3://unidata-nexrad-level2/2023/04/15/KTLX/KTLX20230415_134653_V06,2023-04-15 13:46:53,2023-04-15 13:51:53
KTLX,s3://unidata-nexrad-level2/2023/04/15/KTLX/KTLX20230415_135349_V06,2023-04-15 13:53:49,2023-04-15 13:58:49
KTLX,s3://unidata-nexrad-level2/2023/04/15/KTLX/KTLX20230415_140038_V06,2023-04-15 14:00:38,2023-04-15 14:05:38
KTLX,s3://unidata-nexrad-level2/2023/04/15/KTLX/KTLX20230415_140730_V06,2023-04-15 14:07:30,2023-04-15 14:12:30
KTLX,s3://unidata-nexrad-level2/2023/04/15/KTLX/KTLX20230415_141431_V06,2023-04-15 14:14:31,2023-04-15 14:19:31
KTLX,s3://unidata-nexrad-level2/2023/04/15/KTLX/KTLX20230415_142113_V06,2023-04-15 14:21:13,2023-04-15 14:26:13
KTLX,s3://unidata-nexrad-level2/2023/04/15/KTLX/KTLX20230415_142814_V06,2023-04-15 14:28:14,2023-04-15 14:33:14
KTLX,s3://unidata-nexrad-level2/2023/04/15/KTLX/KTLX20230415_143500_V06,2023-04-15 14:35:00,2023-04-15 14:40:00
KTLX,s3://unidata-nexrad-level2/2023/04/15/KTLX/KTLX20230415_144201_V06,2023-04-15 14:42:01,2023-04-15 14:47:01
KTLX,s3://unidata-nexrad-level2/2023/04/15/KTLX/KTLX20230415_144903_V06,2023-04-15 14:49:03,2023-04-15 14:54:03
KTLX,s3://unidata-nexrad-level2/2023/04/15/KTLX/KTLX20230415_145604_V06,2023-04-15 14:56:04,2023-04-15 15:01:04
KTLX,s3://unidata-nexrad-level2/2023/04/15/KTLX/KTLX20230415_150306_V06,2023-04-15 15:03:06,2023-04-15 15:08:06
KTLX,s3://unidata-nexrad-level2/2023/04/15/KTLX/KTLX20230415_151007_V06,2023-04-15 15:10:07,2023-04-15 15:15:07
KTLX,s3://unidata-nexrad-level2/2023/04/15/KTLX/KTLX20230415_151708_V06,2023-04-15 15:17:08,2023-04-15 15:22:08
KTLX,s3://unidata-nexrad-level2/2023/04/15/KTLX/KTLX20230415_152408_V06,2023-04-15 15:24:08,2023-04-15 15:29:08
KTLX,s3://unidata-nexrad-level2/2023/04/15/KTLX/KTLX20230415_153050_V06,2023-04-15 15:30:50,2023-04-15 15:35:50
KTLX,s3://unidata-nexrad-level2/2023/04/15/KTLX/KTLX20230415_153732_V06,2023-04-15 15:37:32,2023-04-15 15:42:32
KTLX,s3://unidata-nexrad-level2/2023/04/15/KTLX/KTLX20230415_154414_V06,2023-04-15 15:44:14,2023-04-15 15:49:14
KTLX,s3://unidata-nexrad-level2/2023/04/15/KTLX/KTLX20230415_155116_V06,2023-04-15 15:51:16,2023-04-15 15:56:16
KTLX,s3://unidata-nexrad-level2/2023/04/15/KTLX/KTLX20230415_155802_V06,2023-04-15 15:58:02,2023-04-15 16:03:02
KTLX,s3://unidata-nexrad-level2/2023/04/15/KTLX/KTLX20230415_160449_V06,2023-04-15 16:04:49,2023-04-15 16:09:49
KTLX,s3://unidata-nexrad-level2/2023/04/15/KTLX/KTLX20230415_161132_V06,2023-04-15 16:11:32,2023-04-15 16:16:32
KTLX,s3://unidata-nexrad-level2/2023/04/15/KTLX/KTLX20230415_161833_V06,2023-04-15 16:18:33,2023-04-15 16:23:33
KTLX,s3://unidata-nexrad-level2/2023/04/15/KTLX/KTLX20230415_162535_V06,2023-04-15 16:25:35,2023-04-15 16:30:35
KTLX,s3://unidata-nexrad-level2/2023/04/15/KTLX/KTLX20230415_163229_V06,2023-04-15 16:32:29,2023-04-15 16:37:29
KTLX,s3://unidata-nexrad-level2/2023/04/15/KTLX/KTLX20230415_163924_V06,2023-04-15 16:39:24,2023-04-15 16:44:24
KTLX,s3://unidata-nexrad-level2/2023/04/15/KTLX/KTLX20230415_164625_V06,2023-04-15 16:46:25,2023-04-15 16:51:25
KTLX,s3://unidata-nexrad-level2/2023/04/15/KTLX/KTLX20230415_165314_V06,2023-04-15 16:53:14,2023-04-15 16:58:14
KTLX,s3://unidata-nexrad-level2/2023/04/15/KTLX/KTLX20230415_170000_V06,2023-04-15 17:00:00,2023-04-15 17:05:00
KTLX,s3://unidata-nexrad-level2/2023/04/15/KTLX/KTLX20230415_170702_V06,2023-04-15 17:07:02,2023-04-15 17:12:02
KTLX,s3://unidata-nexrad-level2/2023/04/15/KTLX/KTLX20230415_171403_V06,2023-04-15 17:14:03,2023-04-15 17:19:03
KTLX,s3://unidata-nexrad-level2/2023/04/15/KTLX/KTLX20230415_172045_V06,2023-04-15 17:20:45,2023-04-15 17:25:45
KTLX,s3://unidata-nexrad-level2/2023/04/15/KTLX/KTLX20230415_172746_V06,2023-04-15 17:27:46,2023-04-15 17:32:46
KTLX,s3://unidata-nexrad-level2/2023/04/15/KTLX/KTLX20230415_173428_V06,2023-04-15 17:34:28,2023-04-15 17:39:28
KTLX,s3://unidata-nexrad-level2/2023/04/15/KTLX/KTLX20230415_174114_V06,2023-04-15 17:41:14,2023-04-15 17:46:14
KTLX,s3://unidata-nexrad-level2/2023/04/15/KTLX/KTLX20230415_174756_V06,2023-04-15 17:47:56,2023-04-15 17:52:56
KTLX,s3://unidata-nexrad-level2/2023/04/15/KTLX/KTLX20230415_175441_V06,2023-04-15 17:54:41,2023-04-15 17:59:41
KTLX,s3://unidata-nexrad-level2/2023/04/15/KTLX/KTLX20230415_180245_V06,2023-04-15 18:02:45,2023-04-15 18:07:45
KTLX,s3://unidata-nexrad-level2/2023/04/15/KTLX/KTLX20230415_180947_V06,2023-04-15 18:09:47,2023-04-15 18:14:47
KTLX,s3://unidata-nexrad-level2/2023/04/15/KTLX/KTLX20230415_181629_V06,2023-04-15 18:16:29,2023-04-15 18:19:52
KTLX,s3://unidata-nexrad-level2/2023/04/15/KTLX/KTLX20230415_181952_V06,2023-04-15 18:19:52,2023-04-15 18:23:06
KTLX,s3://unidata-nexrad-level2/2023/04/15/KTLX/KTLX20230415_182306_V06,2023-04-15 18:23:06,2023-04-15 18:26:41
KTLX,s3://unidata-nexrad-level2/2023/04/15/KTLX/KTLX20230415_182641_V06,2023-04-15 18:26:41,2023-04-15 18:29:59
KTLX,s3://unidata-nexrad-level2/2023/04/15/KTLX/KTLX20230415_182959_V06,2023-04-15 18:29:59,2023-04-15 18:33:34
KTLX,s3://unidata-nexrad-level2/2023/04/15/KTLX/KTLX20230415_183334_V06,2023-04-15 18:33:34,2023-04-15 18:37:09
KTLX,s3://unidata-nexrad-level2/2023/04/15/KTLX/KTLX20230415_183709_V06,2023-04-15 18:37:09,2023-04-15 18:40:37
KTLX,s3://unidata-nexrad-level2/2023/04/15/KTLX/KTLX20230415_184037_V06,2023-04-15 18:40:37,2023-04-15 18:44:02
KTLX,s3://unidata-nexrad-level2/2023/04/15/KTLX/KTLX20230415_184402_V06,2023-04-15 18:44:02,2023-04-15 18:49:02
KTLX,s3://unidata-nexrad-level2/2023/04/15/KTLX/KTLX20230415_185058_V06,2023-04-15 18:50:58,2023-04-15 18:55:58
KTLX,s3://unidata-nexrad-level2/2023/04/15/KTLX/KTLX20230415_185758_V06,2023-04-15 18:57:58,2023-04-15 19:02:58
KTLX,s3://unidata-nexrad-level2/2023/04/15/KTLX/KTLX20230415_190459_V06,2023-04-15 19:04:59,2023-04-15 19:09:59
KTLX,s3://unidata-nexrad-level2/2023/04/15/KTLX/KTLX20230415_191142_V06,2023-04-15 19:11:42,2023-04-15 19:15:06
KTLX,s3://unidata-nexrad-level2/2023/04/15/KTLX/KTLX20230415_191506_V06,2023-04-15 19:15:06,2023-04-15 19:18:25
KTLX,s3://unidata-nexrad-level2/2023/04/15/KTLX/KTLX20230415_191825_V06,2023-04-15 19:18:25,2023-04-15 19:21:39
KTLX,s3://unidata-nexrad-level2/2023/04/15/KTLX/KTLX20230415_192139_V06,2023-04-15 19:21:39,2023-04-15 19:25:08
KTLX,s3://unidata-nexrad-level2/2023/04/15/KTLX/KTLX20230415_192508_V06,2023-04-15 19:25:08,2023-04-15 19:28:37
KTLX,s3://unidata-nexrad-level2/2023/04/15/KTLX/KTLX20230415_192837_V06,2023-04-15 19:28:37,2023-04-15 19:32:13
KTLX,s3://unidata-nexrad-level2/2023/04/15/KTLX/KTLX20230415_193213_V06,2023-04-15 19:32:13,2023-04-15 19:35:37
KTLX,s3://unidata-nexrad-level2/2023/04/15/KTLX/KTLX20230415_193537_V06,2023-04-15 19:35:37,2023-04-15 19:38:59
KTLX,s3://unidata-nexrad-level2/2023/04/15/KTLX/KTLX20230415_193859_V06,2023-04-15 19:38:59,2023-04-15 19:42:22
KTLX,s3://unidata-nexrad-level2/2023/04/15/KTLX/KTLX20230415_194222_V06,2023-04-15 19:42:22,2023-04-15 19:45:45
KTLX,s3://unidata-nexrad-level2/2023/04/15/KTLX/KTLX20230415_194545_V06,2023-04-15 19:45:45,2023-04-15 19:49:13
KTLX,s3://unidata-nexrad-level2/2023/04/15/KTLX/KTLX20230415_194913_V06,2023-04-15 19:49:13,2023-04-15 19:52:48
KTLX,s3://unidata-nexrad-level2/2023/04/15/KTLX/KTLX20230415_195248_V06,2023-04-15 19:52:48,2023-04-15 19:56:23
KTLX,s3://unidata-nexrad-level2/2023/04/15/KTLX/KTLX20230415_195623_V06,2023-04-15 19:56:23,2023-04-15 19:59:58
KTLX,s3://unidata-nexrad-level2/2023/04/15/KTLX/KTLX20230415_195958_V06,2023-04-15 19:59:58,2023-04-15 20:03:33
KTLX,s3://unidata-nexrad-level2/2023/04/15/KTLX/KTLX20230415_200333_V06,2023-04-15 20:03:33,2023-04-15 20:07:01
KTLX,s3://unidata-nexrad-level2/2023/04/15/KTLX/KTLX20230415_200701_V06,2023-04-15 20:07:01,2023-04-15 20:10:29
KTLX,s3://unidata-nexrad-level2/2023/04/15/KTLX/KTLX20230415_201029_V06,2023-04-15 20:10:29,2023-04-15 20:13:58
KTLX,s3://unidata-nexrad-level2/2023/04/15/KTLX/KTLX20230415_201358_V06,2023-04-15 20:13:58,2023-04-15 20:17:33
KTLX,s3://unidata-nexrad-level2/2023/04/15/KTLX/KTLX20230415_201733_V06,2023-04-15 20:17:33,2023-04-15 20:21:08
KTLX,s3://unidata-nexrad-level2/2023/04/15/KTLX/KTLX20230415_202108_V06,2023-04-15 20:21:08,2023-04-15 20:24:44
KTLX,s3://unidata-nexrad-level2/2023/04/15/KTLX/KTLX20230415_202444_V06,2023-04-15 20:24:44,2023-04-15 20:28:20
KTLX,s3://unidata-nexrad-level2/2023/04/15/KTLX/KTLX20230415_202820_V06,2023-04-15 20:28:20,2023-04-15 20:32:44
KTLX,s3://unidata-nexrad-level2/2023/04/15/KTLX/KTLX20230415_203244_V06,2023-04-15 20:32:44,2023-04-15 20:37:20
KTLX,s3://unidata-nexrad-level2/2023/04/15/KTLX/KTLX20230415_203720_V06,2023-04-15 20:37:20,2023-04-15 20:41:55
KTLX,s3://unidata-nexrad-level2/2023/04/15/KTLX/KTLX20230415_204155_V06,2023-04-15 20:41:55,2023-04-15 20:46:55
KTLX,s3://unidata-nexrad-level2/2023/04/15/KTLX/KTLX20230415_204850_V06,2023-04-15 20:48:50,2023-04-15 20:53:50
KTLX,s3://unidata-nexrad-level2/2023/04/15/KTLX/KTLX20230415_205532_V06,2023-04-15 20:55:32,2023-04-15 21:00:32
KTLX,s3://unidata-nexrad-level2/2023/04/15/KTLX/KTLX20230415_210215_V06,2023-04-15 21:02:15,2023-04-15 21:07:15
KTLX,s3://unidata-nexrad-level2/2023/04/15/KTLX/KTLX20230415_210857_V06,2023-04-15 21:08:57,2023-04-15 21:13:57
KTLX,s3://unidata-nexrad-level2/2023/04/15/KTLX/KTLX20230415_211540_V06,2023-04-15 21:15:40,2023-04-15 21:20:40
KTLX,s3://unidata-nexrad-level2/2023/04/15/KTLX/KTLX20230415_212221_V06,2023-04-15 21:22:21,2023-04-15 21:27:21
KTLX,s3://unidata-nexrad-level2/2023/04/15/KTLX/KTLX20230415_212903_V06,2023-04-15 21:29:03,2023-04-15 21:34:03
KTLX,s3://unidata-nexrad-level2/2023/04/15/KTLX/KTLX20230415_213545_V06,2023-04-15 21:35:45,2023-04-15 21:40:45
KTLX,s3://unidata-nexrad-level2/2023/04/15/KTLX/KTLX20230415_214228_V06,2023-04-15 21:42:28,2023-04-15 21:47:28
KTLX,s3://unidata-nexrad-level2/2023/04/15/KTLX/KTLX20230415_214928_V06,2023-04-15 21:49:28,2023-04-15 21:54:28
KTLX,s3://unidata-nexrad-level2/2023/04/15/KTLX/KTLX20230415_215630_V06,2023-04-15 21:56:30,2023-04-15 22:01:30
KTLX,s3://unidata-nexrad-level2/2023/04/15/KTLX/KTLX20230415_220332_V06,2023-04-15 22:03:32,2023-04-15 22:08:32
KTLX,s3://unidata-nexrad-level2/2023/04/15/KTLX/KTLX20230415_221033_V06,2023-04-15 22:10:33,2023-04-15 22:15:33
KTLX,s3://unidata-nexrad-level2/2023/04/15/KTLX/KTLX20230415_221734_V06,2023-04-15 22:17:34,2023-04-15 22:22:34
KTLX,s3://unidata-nexrad-level2/2023/04/15/KTLX/KTLX20230415_222416_V06,2023-04-15 22:24:16,2023-04-15 22:29:16
KTLX,s3://unidata-nexrad-level2/2023/04/15/KTLX/KTLX20230415_223059_V06,2023-04-15 22:30:59,2023-04-15 22:35:59
KTLX,s3://unidata-nexrad-level2/2023/04/15/KTLX/KTLX20230415_223742_V06,2023-04-15 22:37:42,2023-04-15 22:42:42
KTLX,s3://unidata-nexrad-level2/2023/04/15/KTLX/KTLX20230415_224425_V06,2023-04-15 22:44:25,2023-04-15 22:49:25
KTLX,s3://unidata-nexrad-level2/2023/04/15/KTLX/KTLX20230415_225111_V06,2023-04-15 22:51:11,2023-04-15 22:56:11
KTLX,s3://unidata-nexrad-level2/2023/04/15/KTLX/KTLX20230415_225800_V06,2023-04-15 22:58:00,2023-04-15 23:03:00
KTLX,s3://unidata-nexrad-level2/2023/04/15/KTLX/KTLX20230415_230451_V06,2023-04-15 23:04:51,2023-04-15 23:09:51
KTLX,s3://unidata-nexrad-level2/2023/04/15/KTLX/KTLX20230415_231142_V06,2023-04-15 23:11:42,2023-04-15 23:16:42
KTLX,s3://unidata-nexrad-level2/2023/04/15/KTLX/KTLX20230415_231833_V06,2023-04-15 23:18:33,2023-04-15 23:23:33
KTLX,s3://unidata-nexrad-level2/2023/04/15/KTLX/KTLX20230415_232523_V06,2023-04-15 23:25:23,2023-04-15 23:30:23
KTLX,s3://unidata-nexrad-level2/2023/04/15/KTLX/KTLX20230415_233215_V06,2023-04-15 23:32:15,2023-04-15 23:37:15
KTLX,s3://unidata-nexrad-level2/2023/04/15/KTLX/KTLX20230415_233906_V06,2023-04-15 23:39:06,2023-04-15 23:44:06
KTLX,s3://unidata-nexrad-level2/2023/04/15/KTLX/KTLX20230415_234557_V06,2023-04-15 23:45:57,2023-04-15 23:50:57
KTLX,s3://unidata-nexrad-level2/2023/04/15/KTLX/KTLX20230415_235242_V06,2023-04-15 23:52:42,2023-04-15 23:57:42
KTLX,s3://unidata-nexrad-level2/2023/04/15/KTLX/KTLX20230415_235924_V06,2023-04-15 23:59:24,2023-04-16 00:04:24
KTLX,s3://unidata-nexrad-level2/2023/04/16/KTLX/KTLX20230416_000606_V06,2023-04-16 00:06:06,2023-04-16 00:11:06
KTLX,s3://unidata-nexrad-level2/2023/04/16/KTLX/KTLX20230416_001248_V06,2023-04-16 00:12:48,2023-04-16 00:17:48
KTLX,s3://unidata-nexrad-level2/2023/04/16/KTLX/KTLX20230416_001929_V06,2023-04-16 00:19:29,2023-04-16 00:24:29
KTLX,s3://unidata-nexrad-level2/2023/04/16/KTLX/KTLX20230416_002612_V06,2023-04-16 00:26:12,2023-04-16 00:31:12
KTLX,s3://unidata-nexrad-level2/2023/04/16/KTLX/KTLX20230416_003258_V06,2023-04-16 00:32:58,2023-04-16 00:37:58
KTLX,s3://unidata-nexrad-level2/2023/04/16/KTLX/KTLX20230416_003940_V06,2023-04-16 00:39:40,2023-04-16 00:44:40
KTLX,s3://unidata-nexrad-level2/2023/04/16/KTLX/KTLX20230416_004628_V06,2023-04-16 00:46:28,2023-04-16 00:51:28
KTLX,s3://unidata-nexrad-level2/2023/04/16/KTLX/KTLX20230416_005319_V06,2023-04-16 00:53:19,2023-04-16 00:58:19
KTLX,s3://unidata-nexrad-level2/2023/04/16/KTLX/KTLX20230416_010011_V06,2023-04-16 01:00:11,2023-04-16 01:05:11
KTLX,s3://unidata-nexrad-level2/2023/04/16/KTLX/KTLX20230416_010658_V06,2023-04-16 01:06:58,2023-04-16 01:11:58
KTLX,s3://unidata-nexrad-level2/2023/04/16/KTLX/KTLX20230416_011340_V06,2023-04-16 01:13:40,2023-04-16 01:18:40
KTLX,s3://unidata-nexrad-level2/2023/04/16/KTLX/KTLX20230416_012022_V06,2023-04-16 01:20:22,2023-04-16 01:25:22
KTLX,s3://unidata-nexrad-level2/2023/04/16/KTLX/KTLX20230416_012703_V06,2023-04-16 01:27:03,2023-04-16 01:32:03
KTLX,s3://unidata-nexrad-level2/2023/04/16/KTLX/KTLX20230416_013346_V06,2023-04-16 01:33:46,2023-04-16 01:38:46
KTLX,s3://unidata-nexrad-level2/2023/04/16/KTLX/KTLX20230416_014029_V06,2023-04-16 01:40:29,2023-04-16 01:45:29
KTLX,s3://unidata-nexrad-level2/2023/04/16/KTLX/KTLX20230416_014711_V06,2023-04-16 01:47:11,2023-04-16 01:52:11
KTLX,s3://unidata-nexrad-level2/2023/04/16/KTLX/KTLX20230416_015353_V06,2023-04-16 01:53:53,2023-04-16 01:58:53
KTLX,s3://unidata-nexrad-level2/2023/04/16/KTLX/KTLX20230416_020035_V06,2023-04-16 02:00:35,2023-04-16 02:05:35
KTLX,s3://unidata-nexrad-level2/2023/04/16/KTLX/KTLX20230416_020836_V06,2023-04-16 02:08:36,2023-04-16 02:13:36
KTLX,s3://unidata-nexrad-level2/2023/04/16/KTLX/KTLX20230416_021518_V06,2023-04-16 02:15:18,2023-04-16 02:20:18
KTLX,s3://unidata-nexrad-level2/2023/04/16/KTLX/KTLX20230416_022200_V06,2023-04-16 02:22:00,2023-04-16 02:27:00
KTLX,s3://unidata-nexrad-level2/2023/04/16/KTLX/KTLX20230416_022843_V06,2023-04-16 02:28:43,2023-04-16 02:33:43
KTLX,s3://unidata-nexrad-level2/2023/04/16/KTLX/KTLX20230416_023525_V06,2023-04-16 02:35:25,2023-04-16 02:40:25
KTLX,s3://unidata-nexrad-level2/2023/04/16/KTLX/KTLX20230416_024212_V06,2023-04-16 02:42:12,2023-04-16 02:47:12
KTLX,s3://unidata-nexrad-level2/2023/04/16/KTLX/KTLX20230416_024854_V06,2023-04-16 02:48:54,2023-04-16 02:53:54
KTLX,s3://unidata-nexrad-level2/2023/04/16/KTLX/KTLX20230416_025541_V06,2023-04-16 02:55:41,2023-04-16 03:00:41
KTLX,s3://unidata-nexrad-level2/2023/04/16/KTLX/KTLX20230416_030228_V06,2023-04-16 03:02:28,2023-04-16 03:07:28
KTLX,s3://unidata-nexrad-level2/2023/04/16/KTLX/KTLX20230416_030915_V06,2023-04-16 03:09:15,2023-04-16 03:14:15
KTLX,s3://unidata-nexrad-level2/2023/04/16/KTLX/KTLX20230416_031605_V06,2023-04-16 03:16:05,2023-04-16 03:21:05
KTLX,s3://unidata-nexrad-level2/2023/04/16/KTLX/KTLX20230416_032300_V06,2023-04-16 03:23:00,2023-04-16 03:28:00
KTLX,s3://unidata-nexrad-level2/2023/04/16/KTLX/KTLX20230416_032956_V06,2023-04-16 03:29:56,2023-04-16 03:34:56
KTLX,s3://unidata-nexrad-level2/2023/04/16/KTLX/KTLX20230416_033658_V06,2023-04-16 03:36:58,2023-04-16 03:41:58
KTLX,s3://unidata-nexrad-level2/2023/04/16/KTLX/KTLX20230416_034344_V06,2023-04-16 03:43:44,2023-04-16 03:48:44
KTLX,s3://unidata-nexrad-level2/2023/04/16/KTLX/KTLX20230416_035030_V06,2023-04-16 03:50:30,2023-04-16 03:55:30
KTLX,s3://unidata-nexrad-level2/2023/04/16/KTLX/KTLX20230416_035716_V06,2023-04-16 03:57:16,2023-04-16 04:02:16
KTLX,s3://unidata-nexrad-level2/2023/04/16/KTLX/KTLX20230416_040417_V06,2023-04-16 04:04:17,2023-04-16 04:09:17
KTLX,s3://unidata-nexrad-level2/2023/04/16/KTLX/KTLX20230416_041118_V06,2023-04-16 04:11:18,2023-04-16 04:16:18
KTLX,s3://unidata-nexrad-level2/2023/04/16/KTLX/KTLX20230416_041804_V06,2023-04-16 04:18:04,2023-04-16 04:23:04
KTLX,s3://unidata-nexrad-level2/2023/04/16/KTLX/KTLX20230416_042446_V06,2023-04-16 04:24:46,2023-04-16 04:29:46
KTLX,s3://unidata-nexrad-level2/2023/04/16/KTLX/KTLX20230416_043129_V06,2023-04-16 04:31:29,2023-04-16 04:36:29
KTLX,s3://unidata-nexrad-level2/2023/04/16/KTLX/KTLX20230416_043816_V06,2023-04-16 04:38:16,2023-04-16 04:43:16
KTLX,s3://unidata-nexrad-level2/2023/04/16/KTLX/KTLX20230416_044510_V06,2023-04-16 04:45:10,2023-04-16 04:50:10
KTLX,s3://unidata-nexrad-level2/2023/04/16/KTLX/KTLX20230416_045153_V06,2023-04-16 04:51:53,2023-04-16 04:56:53
KTLX,s3://unidata-nexrad-level2/2023/04/16/KTLX/KTLX20230416_045840_V06,2023-04-16 04:58:40,2023-04-16 05:03:40
KTLX,s3://unidata-nexrad-level2/2023/04/16/KTLX/KTLX20230416_050522_V06,2023-04-16 05:05:22,2023-04-16 05:10:22
KTLX,s3://unidata-nexrad-level2/2023/04/16/KTLX/KTLX20230416_051203_V06,2023-04-16 05:12:03,2023-04-16 05:17:03
KTLX,s3://unidata-nexrad-level2/2023/04/16/KTLX/KTLX20230416_051850_V06,2023-04-16 05:18:50,2023-04-16 05:23:50
KTLX,s3://unidata-nexrad-level2/2023/04/16/KTLX/KTLX20230416_052532_V06,2023-04-16 05:25:32,2023-04-16 05:30:32
KTLX,s3://unidata-nexrad-level2/2023/04/16/KTLX/KTLX20230416_053214_V06,2023-04-16 05:32:14,2023-04-16 05:37:14
KTLX,s3://unidata-nexrad-level2/2023/04/16/KTLX/KTLX20230416_053856_V06,2023-04-16 05:38:56,2023-04-16 05:43:56
KTLX,s3://unidata-nexrad-level2/2023/04/16/KTLX/KTLX20230416_054539_V06,2023-04-16 05:45:39,2023-04-16 05:50:39
KTLX,s3://unidata-nexrad-level2/2023/04/16/KTLX/KTLX20230416_055230_V06,2023-04-16 05:52:30,2023-04-16 05:57:30
KTLX,s3://unidata-nexrad-level2/2023/04/16/KTLX/KTLX20230416_055932_V06,2023-04-16 05:59:32,2023-04-16 06:04:32
KTLX,s3://unidata-nexrad-level2/2023/04/16/KTLX/KTLX20230416_060614_V06,2023-04-16 06:06:14,2023-04-16 06:11:14
KTLX,s3://unidata-nexrad-level2/2023/04/16/KTLX/KTLX20230416_061309_V06,2023-04-16 06:13:09,2023-04-16 06:18:09
KTLX,s3://unidata-nexrad-level2/2023/04/16/KTLX/KTLX20230416_061951_V06,2023-04-16 06:19:51,2023-04-16 06:24:51
KTLX,s3://unidata-nexrad-level2/2023/04/16/KTLX/KTLX20230416_062634_V06,2023-04-16 06:26:34,2023-04-16 06:31:34
KTLX,s3://unidata-nexrad-level2/2023/04/16/KTLX/KTLX20230416_063317_V06,2023-04-16 06:33:17,2023-04-16 06:38:17
KTLX,s3://unidata-nexrad-level2/2023/04/16/KTLX/KTLX20230416_064011_V06,2023-04-16 06:40:11,2023-04-16 06:45:11
KTLX,s3://unidata-nexrad-level2/2023/04/16/KTLX/KTLX20230416_064653_V06,2023-04-16 06:46:53,2023-04-16 06:51:53
KTLX,s3://unidata-nexrad-level2/2023/04/16/KTLX/KTLX20230416_065340_V06,2023-04-16 06:53:40,2023-04-16 06:58:40
KTLX,s3://unidata-nexrad-level2/2023/04/16/KTLX/KTLX20230416_070022_V06,2023-04-16 07:00:22,2023-04-16 07:05:22
KTLX,s3://unidata-nexrad-level2/2023/04/16/KTLX/KTLX20230416_070709_V06,2023-04-16 07:07:09,2023-04-16 07:12:09
KTLX,s3://unidata-nexrad-level2/2023/04/16/KTLX/KTLX20230416_071404_V06,2023-04-16 07:14:04,2023-04-16 07:19:04
KTLX,s3://unidata-nexrad-level2/2023/04/16/KTLX/KTLX20230416_072059_V06,2023-04-16 07:20:59,2023-04-16 07:25:59
KTLX,s3://unidata-nexrad-level2/2023/04/16/KTLX/KTLX20230416_072802_V06,2023-04-16 07:28:02,2023-04-16 07:33:02
KTLX,s3://unidata-nexrad-level2/2023/04/16/KTLX/KTLX20230416_073444_V06,2023-04-16 07:34:44,2023-04-16 07:39:44
KTLX,s3://unidata-nexrad-level2/2023/04/16/KTLX/KTLX20230416_074126_V06,2023-04-16 07:41:26,2023-04-16 07:46:26
KTLX,s3://unidata-nexrad-level2/2023/04/16/KTLX/KTLX20230416_074827_V06,2023-04-16 07:48:27,2023-04-16 07:53:27
KTLX,s3://unidata-nexrad-level2/2023/04/16/KTLX/KTLX20230416_075529_V06,2023-04-16 07:55:29,2023-04-16 08:00:29
KTLX,s3://unidata-nexrad-level2/2023/04/16/KTLX/KTLX20230416_080225_V06,2023-04-16 08:02:25,2023-04-16 08:07:25
KTLX,s3://unidata-nexrad-level2/2023/04/16/KTLX/KTLX20230416_080921_V06,2023-04-16 08:09:21,2023-04-16 08:14:21
KTLX,s3://unidata-nexrad-level2/2023/04/16/KTLX/KTLX20230416_081604_V06,2023-04-16 08:16:04,2023-04-16 08:21:04
KTLX,s3://unidata-nexrad-level2/2023/04/16/KTLX/KTLX20230416_082246_V06,2023-04-16 08:22:46,2023-04-16 08:27:46
KTLX,s3://unidata-nexrad-level2/2023/04/16/KTLX/KTLX20230416_082930_V06,2023-04-16 08:29:30,2023-04-16 08:34:30
KTLX,s3://unidata-nexrad-level2/2023/04/16/KTLX/KTLX20230416_083616_V06,2023-04-16 08:36:16,2023-04-16 08:41:16
KTLX,s3://unidata-nexrad-level2/2023/04/16/KTLX/KTLX20230416_084258_V06,2023-04-16 08:42:58,2023-04-16 08:47:58
KTLX,s3://unidata-nexrad-level2/2023/04/16/KTLX/KTLX20230416_084940_V06,2023-04-16 08:49:40,2023-04-16 08:54:40
KTLX,s3://unidata-nexrad-level2/2023/04/16/KTLX/KTLX20230416_085623_V06,2023-04-16 08:56:23,2023-04-16 09:01:23
KTLX,s3://unidata-nexrad-level2/2023/04/16/KTLX/KTLX20230416_090306_V06,2023-04-16 09:03:06,2023-04-16 09:08:06
KTLX,s3://unidata-nexrad-level2/2023/04/16/KTLX/KTLX20230416_090949_V06,2023-04-16 09:09:49,2023-04-16 09:14:49
KTLX,s3://unidata-nexrad-level2/2023/04/16/KTLX/KTLX20230416_091644_V06,2023-04-16 09:16:44,2023-04-16 09:21:44
KTLX,s3://unidata-nexrad-level2/2023/04/16/KTLX/KTLX20230416_092346_V06,2023-04-16 09:23:46,2023-04-16 09:28:46
KTLX,s3://unidata-nexrad-level2/2023/04/16/KTLX/KTLX20230416_093042_V06,2023-04-16 09:30:42,2023-04-16 09:35:42
KTLX,s3://unidata-nexrad-level2/2023/04/16/KTLX/KTLX20230416_093728_V06,2023-04-16 09:37:28,2023-04-16 09:42:28
KTLX,s3://unidata-nexrad-level2/2023/04/16/KTLX/KTLX20230416_094423_V06,2023-04-16 09:44:23,2023-04-16 09:49:23
KTLX,s3://unidata-nexrad-level2/2023/04/16/KTLX/KTLX20230416_095125_V06,2023-04-16 09:51:25,2023-04-16 09:56:25
KTLX,s3://unidata-nexrad-level2/2023/04/16/KTLX/KTLX20230416_095827_V06,2023-04-16 09:58:27,2023-04-16 10:03:27
KTLX,s3://unidata-nexrad-level2/2023/04/16/KTLX/KTLX20230416_100529_V06,2023-04-16 10:05:29,2023-04-16 10:10:29
KTLX,s3://unidata-nexrad-level2/2023/04/16/KTLX/KTLX20230416_101345_V06,2023-04-16 10:13:45,2023-04-16 10:18:45
KTLX,s3://unidata-nexrad-level2/2023/04/16/KTLX/KTLX20230416_102047_V06,2023-04-16 10:20:47,2023-04-16 10:25:47
KTLX,s3://unidata-nexrad-level2/2023/04/16/KTLX/KTLX20230416_102749_V06,2023-04-16 10:27:49,2023-04-16 10:32:49
KTLX,s3://unidata-nexrad-level2/2023/04/16/KTLX/KTLX20230416_103451_V06,2023-04-16 10:34:51,2023-04-16 10:39:51
KTLX,s3://unidata-nexrad-level2/2023/04/16/KTLX/KTLX20230416_104152_V06,2023-04-16 10:41:52,2023-04-16 10:46:52
KTLX,s3://unidata-nexrad-level2/2023/04/16/KTLX/KTLX20230416_104854_V06,2023-04-16 10:48:54,2023-04-16 10:53:54
KTLX,s3://unidata-nexrad-level2/2023/04/16/KTLX/KTLX20230416_105556_V06,2023-04-16 10:55:56,2023-04-16 11:00:56
KTLX,s3://unidata-nexrad-level2/2023/04/16/KTLX/KTLX20230416_110257_V06,2023-04-16 11:02:57,2023-04-16 11:07:57
KTLX,s3://unidata-nexrad-level2/2023/04/16/KTLX/KTLX20230416_110958_V06,2023-04-16 11:09:58,2023-04-16 11:14:58
KTLX,s3://unidata-nexrad-level2/2023/04/16/KTLX/KTLX20230416_111700_V06,2023-04-16 11:17:00,2023-04-16 11:22:00
KTLX,s3://unidata-nexrad-level2/2023/04/16/KTLX/KTLX20230416_112401_V06,2023-04-16 11:24:01,2023-04-16 11:29:01
KTLX,s3://unidata-nexrad-level2/2023/04/16/KTLX/KTLX20230416_113103_V06,2023-04-16 11:31:03,2023-04-16 11:36:03
KTLX,s3://unidata-nexrad-level2/2023/04/16/KTLX/KTLX20230416_113805_V06,2023-04-16 11:38:05,2023-04-16 11:43:05
KTLX,s3://unidata-nexrad-level2/2023/04/16/KTLX/KTLX20230416_114506_V06,2023-04-16 11:45:06,2023-04-16 11:50:06
KTLX,s3://unidata-nexrad-level2/2023/04/16/KTLX/KTLX20230416_115208_V06,2023-04-16 11:52:08,2023-04-16 11:57:08
KTLX,s3://unidata-nexrad-level2/2023/04/16/KTLX/KTLX20230416_115910_V06,2023-04-16 11:59:10,2023-04-16 12:04:10
KTLX,s3://unidata-nexrad-level2/2023/04/16/KTLX/KTLX20230416_120612_V06,2023-04-16 12:06:12,2023-04-16 12:11:12
KTLX,s3://unidata-nexrad-level2/2023/04/16/KTLX/KTLX20230416_121313_V06,2023-04-16 12:13:13,2023-04-16 12:18:13
KTLX,s3://unidata-nexrad-level2/2023/04/16/KTLX/KTLX20230416_122015_V06,2023-04-16 12:20:15,2023-04-16 12:25:15
KTLX,s3://unidata-nexrad-level2/2023/04/16/KTLX/KTLX20230416_122716_V06,2023-04-16 12:27:16,2023-04-16 12:32:16
KTLX,s3://unidata-nexrad-level2/2023/04/16/KTLX/KTLX20230416_123418_V06,2023-04-16 12:34:18,2023-04-16 12:39:18
KTLX,s3://unidata-nexrad-level2/2023/04/16/KTLX/KTLX20230416_124113_V06,2023-04-16 12:41:13,2023-04-16 12:46:13
KTLX,s3://unidata-nexrad-level2/2023/04/16/KTLX/KTLX20230416_124815_V06,2023-04-16 12:48:15,2023-04-16 12:53:15
KTLX,s3://unidata-nexrad-level2/2023/04/16/KTLX/KTLX20230416_125518_V06,2023-04-16 12:55:18,2023-04-16 13:00:18
KTLX,s3://unidata-nexrad-level2/2023/04/16/KTLX/KTLX20230416_130220_V06,2023-04-16 13:02:20,2023-04-16 13:07:20
KTLX,s3://unidata-nexrad-level2/2023/04/16/KTLX/KTLX20230416_130921_V06,2023-04-16 13:09:21,2023-04-16 13:14:21
KTLX,s3://unidata-nexrad-level2/2023/04/16/KTLX/KTLX20230416_131612_V06,2023-04-16 13:16:12,2023-04-16 13:21:12
KTLX,s3://unidata-nexrad-level2/2023/04/16/KTLX/KTLX20230416_132255_V06,2023-04-16 13:22:55,2023-04-16 13:27:55
KTLX,s3://unidata-nexrad-level2/2023/04/16/KTLX/KTLX20230416_132938_V06,2023-04-16 13:29:38,2023-04-16 13:34:38
KTLX,s3://unidata-nexrad-level2/2023/04/16/KTLX/KTLX20230416_133620_V06,2023-04-16 13:36:20,2023-04-16 13:41:20
KTLX,s3://unidata-nexrad-level2/2023/04/16/KTLX/KTLX20230416_134302_V06,2023-04-16 13:43:02,2023-04-16 13:48:02
KTLX,s3://unidata-nexrad-level2/2023/04/16/KTLX/KTLX20230416_134944_V06,2023-04-16 13:49:44,2023-04-16 13:54:44
KTLX,s3://unidata-nexrad-level2/2023/04/16/KTLX/KTLX20230416_135627_V06,2023-04-16 13:56:27,2023-04-16 14:01:27
KTLX,s3://unidata-nexrad-level2/2023/04/16/KTLX/KTLX20230416_140310_V06,2023-04-16 14:03:10,2023-04-16 14:08:10
KTLX,s3://unidata-nexrad-level2/2023/04/16/KTLX/KTLX20230416_140952_V06,2023-04-16 14:09:52,2023-04-16 14:14:52
KTLX,s3://unidata-nexrad-level2/2023/04/16/KTLX/KTLX20230416_141636_V06,2023-04-16 14:16:36,2023-04-16 14:21:36
KTLX,s3://unidata-nexrad-level2/2023/04/16/KTLX/KTLX20230416_142318_V06,2023-04-16 14:23:18,2023-04-16 14:28:18
KTLX,s3://unidata-nexrad-level2/2023/04/16/KTLX/KTLX20230416_143014_V06,2023-04-16 14:30:14,2023-04-16 14:35:14
KTLX,s3://unidata-nexrad-level2/2023/04/16/KTLX/KTLX20230416_143657_V06,2023-04-16 14:36:57,2023-04-16 14:41:57
KTLX,s3://unidata-nexrad-level2/2023/04/16/KTLX/KTLX20230416_144343_V06,2023-04-16 14:43:43,2023-04-16 14:48:43
KTLX,s3://unidata-nexrad-level2/2023/04/16/KTLX/KTLX20230416_145030_V06,2023-04-16 14:50:30,2023-04-16 14:55:30
KTLX,s3://unidata-nexrad-level2/2023/04/16/KTLX/KTLX20230416_145721_V06,2023-04-16 14:57:21,2023-04-16 15:02:21
KTLX,s3://unidata-nexrad-level2/2023/04/16/KTLX/KTLX20230416_150404_V06,2023-04-16 15:04:04,2023-04-16 15:09:04
KTLX,s3://unidata-nexrad-level2/2023/04/16/KTLX/KTLX20230416_151046_V06,2023-04-16 15:10:46,2023-04-16 15:15:46
KTLX,s3://unidata-nexrad-level2/2023/04/16/KTLX/KTLX20230416_151728_V06,2023-04-16 15:17:28,2023-04-16 15:22:28
KTLX,s3://unidata-nexrad-level2/2023/04/16/KTLX/KTLX20230416_152411_V06,2023-04-16 15:24:11,2023-04-16 15:29:11
KTLX,s3://unidata-nexrad-level2/2023/04/16/KTLX/KTLX20230416_153054_V06,2023-04-16 15:30:54,2023-04-16 15:35:54
KTLX,s3://unidata-nexrad-level2/2023/04/16/KTLX/KTLX20230416_153745_V06,2023-04-16 15:37:45,2023-04-16 15:42:45
KTLX,s3://unidata-nexrad-level2/2023/04/16/KTLX/KTLX20230416_154435_V06,2023-04-16 15:44:35,2023-04-16 15:49:35
KTLX,s3://unidata-nexrad-level2/2023/04/16/KTLX/KTLX20230416_155137_V06,2023-04-16 15:51:37,2023-04-16 15:56:37
KTLX,s3://unidata-nexrad-level2/2023/04/16/KTLX/KTLX20230416_155838_V06,2023-04-16 15:58:38,2023-04-16 16:03:38
KTLX,s3://unidata-nexrad-level2/2023/04/16/KTLX/KTLX20230416_160520_V06,2023-04-16 16:05:20,2023-04-16 16:10:20
KTLX,s3://unidata-nexrad-level2/2023/04/16/KTLX/KTLX20230416_161222_V06,2023-04-16 16:12:22,2023-04-16 16:17:22
KTLX,s3://unidata-nexrad-level2/2023/04/16/KTLX/KTLX20230416_161909_V06,2023-04-16 16:19:09,2023-04-16 16:24:09
KTLX,s3://unidata-nexrad-level2/2023/04/16/KTLX/KTLX20230416_162605_V06,2023-04-16 16:26:05,2023-04-16 16:31:05
KTLX,s3://unidata-nexrad-level2/2023/04/16/KTLX/KTLX20230416_163248_V06,2023-04-16 16:32:48,2023-04-16 16:37:48
KTLX,s3://unidata-nexrad-level2/2023/04/16/KTLX/KTLX20230416_163930_V06,2023-04-16 16:39:30,2023-04-16 16:44:30
KTLX,s3://unidata-nexrad-level2/2023/04/16/KTLX/KTLX20230416_164626_V06,2023-04-16 16:46:26,2023-04-16 16:51:26
KTLX,s3://unidata-nexrad-level2/2023/04/16/KTLX/KTLX20230416_165313_V06,2023-04-16 16:53:13,2023-04-16 16:58:13
KTLX,s3://unidata-nexrad-level2/2023/04/16/KTLX/KTLX20230416_165956_V06,2023-04-16 16:59:56,2023-04-16 17:04:56
KTLX,s3://unidata-nexrad-level2/2023/04/16/KTLX/KTLX20230416_170647_V06,2023-04-16 17:06:47,2023-04-16 17:11:47
KTLX,s3://unidata-nexrad-level2/2023/04/16/KTLX/KTLX20230416_171329_V06,2023-04-16 17:13:29,2023-04-16 17:18:29
KTLX,s3://unidata-nexrad-level2/2023/04/16/KTLX/KTLX20230416_172025_V06,2023-04-16 17:20:25,2023-04-16 17:25:25
KTLX,s3://unidata-nexrad-level2/2023/04/16/KTLX/KTLX20230416_172727_V06,2023-04-16 17:27:27,2023-04-16 17:32:27
KTLX,s3://unidata-nexrad-level2/2023/04/16/KTLX/KTLX20230416_173428_V06,2023-04-16 17:34:28,2023-04-16 17:39:28
KTLX,s3://unidata-nexrad-level2/2023/04/16/KTLX/KTLX20230416_174124_V06,2023-04-16 17:41:24,2023-04-16 17:46:24
KTLX,s3://unidata-nexrad-level2/2023/04/16/KTLX/KTLX20230416_174826_V06,2023-04-16 17:48:26,2023-04-16 17:53:26
KTLX,s3://unidata-nexrad-level2/2023/04/16/KTLX/KTLX20230416_175517_V06,2023-04-16 17:55:17,2023-04-16 18:00:17
KTLX,s3://unidata-nexrad-level2/2023/04/16/KTLX/KTLX20230416_180208_V06,2023-04-16 18:02:08,2023-04-16 18:07:08
KTLX,s3://unidata-nexrad-level2/2023/04/16/KTLX/KTLX20230416_180904_V06,2023-04-16 18:09:04,2023-04-16 18:14:04
KTLX,s3://unidata-nexrad-level2/2023/04/16/KTLX/KTLX20230416_181701_V06,2023-04-16 18:17:01,2023-04-16 18:22:01
KTLX,s3://unidata-nexrad-level2/2023/04/16/KTLX/KTLX20230416_182358_V06,2023-04-16 18:23:58,2023-04-16 18:28:58
KTLX,s3://unidata-nexrad-level2/2023/04/16/KTLX/KTLX20230416_183049_V06,2023-04-16 18:30:49,2023-04-16 18:35:49
KTLX,s3://unidata-nexrad-level2/2023/04/16/KTLX/KTLX20230416_183735_V06,2023-04-16 18:37:35,2023-04-16 18:42:35
KTLX,s3://unidata-nexrad-level2/2023/04/16/KTLX/KTLX20230416_184431_V06,2023-04-16 18:44:31,2023-04-16 18:49:31
KTLX,s3://unidata-nexrad-level2/2023/04/16/KTLX/KTLX20230416_185126_V06,2023-04-16 18:51:26,2023-04-16 18:56:26
KTLX,s3://unidata-nexrad-level2/2023/04/16/KTLX/KTLX20230416_185828_V06,2023-04-16 18:58:28,2023-04-16 19:03:28
KTLX,s3://unidata-nexrad-level2/2023/04/16/KTLX/KTLX20230416_190530_V06,2023-04-16 19:05:30,2023-04-16 19:10:30
KTLX,s3://unidata-nexrad-level2/2023/04/16/KTLX/KTLX20230416_191220_V06,2023-04-16 19:12:20,2023-04-16 19:17:20
KTLX,s3://unidata-nexrad-level2/2023/04/16/KTLX/KTLX20230416_191903_V06,2023-04-16 19:19:03,2023-04-16 19:24:03
KTLX,s3://unidata-nexrad-level2/2023/04/16/KTLX/KTLX20230416_192550_V06,2023-04-16 19:25:50,2023-04-16 19:30:50
KTLX,s3://unidata-nexrad-level2/2023/04/16/KTLX/KTLX20230416_193241_V06,2023-04-16 19:32:41,2023-04-16 19:37:41
KTLX,s3://unidata-nexrad-level2/2023/04/16/KTLX/KTLX20230416_193942_V06,2023-04-16 19:39:42,2023-04-16 19:44:42
KTLX,s3://unidata-nexrad-level2/2023/04/16/KTLX/KTLX20230416_194644_V06,2023-04-16 19:46:44,2023-04-16 19:51:44
KTLX,s3://unidata-nexrad-level2/2023/04/16/KTLX/KTLX20230416_195326_V06,2023-04-16 19:53:26,2023-04-16 19:58:26
KTLX,s3://unidata-nexrad-level2/2023/04/16/KTLX/KTLX20230416_200021_V06,2023-04-16 20:00:21,2023-04-16 20:05:21
KTLX,s3://unidata-nexrad-level2/2023/04/16/KTLX/KTLX20230416_200723_V06,2023-04-16 20:07:23,2023-04-16 20:12:23
KTLX,s3://unidata-nexrad-level2/2023/04/16/KTLX/KTLX20230416_201410_V06,2023-04-16 20:14:10,2023-04-16 20:19:10
KTLX,s3://unidata-nexrad-level2/2023/04/16/KTLX/KTLX20230416_202112_V06,2023-04-16 20:21:12,2023-04-16 20:26:12
KTLX,s3://unidata-nexrad-level2/2023/04/16/KTLX/KTLX20230416_202814_V06,2023-04-16 20:28:14,2023-04-16 20:33:14
KTLX,s3://unidata-nexrad-level2/2023/04/16/KTLX/KTLX20230416_203509_V06,2023-04-16 20:35:09,2023-04-16 20:40:09
KTLX,s3://unidata-nexrad-level2/2023/04/16/KTLX/KTLX20230416_204200_V06,2023-04-16 20:42:00,2023-04-16 20:47:00
KTLX,s3://unidata-nexrad-level2/2023/04/16/KTLX/KTLX20230416_204903_V06,2023-04-16 20:49:03,2023-04-16 20:54:03
KTLX,s3://unidata-nexrad-level2/2023/04/16/KTLX/KTLX20230416_205605_V06,2023-04-16 20:56:05,2023-04-16 21:01:05
KTLX,s3://unidata-nexrad-level2/2023/04/16/KTLX/KTLX20230416_210259_V06,2023-04-16 21:02:59,2023-04-16 21:07:59
KTLX,s3://unidata-nexrad-level2/2023/04/16/KTLX/KTLX20230416_210954_V06,2023-04-16 21:09:54,2023-04-16 21:14:54
KTLX,s3://unidata-nexrad-level2/2023/04/16/KTLX/KTLX20230416_211655_V06,2023-04-16 21:16:55,2023-04-16 21:21:55
KTLX,s3://unidata-nexrad-level2/2023/04/16/KTLX/KTLX20230416_212346_V06,2023-04-16 21:23:46,2023-04-16 21:28:46
KTLX,s3://unidata-nexrad-level2/2023/04/16/KTLX/KTLX20230416_213047_V06,2023-04-16 21:30:47,2023-04-16 21:35:47
KTLX,s3://unidata-nexrad-level2/2023/04/16/KTLX/KTLX20230416_213739_V06,2023-04-16 21:37:39,2023-04-16 21:42:39
KTLX,s3://unidata-nexrad-level2/2023/04/16/KTLX/KTLX20230416_214430_V06,2023-04-16 21:44:30,2023-04-16 21:49:30
KTLX,s3://unidata-nexrad-level2/2023/04/16/KTLX/KTLX20230416_215117_V06,2023-04-16 21:51:17,2023-04-16 21:56:17
KTLX,s3://unidata-nexrad-level2/2023/04/16/KTLX/KTLX20230416_215804_V06,2023-04-16 21:58:04,2023-04-16 22:03:04
KTLX,s3://unidata-nexrad-level2/2023/04/16/KTLX/KTLX20230416_220500_V06,2023-04-16 22:05:00,2023-04-16 22:10:00
KTLX,s3://unidata-nexrad-level2/2023/04/16/KTLX/KTLX20230416_221146_V06,2023-04-16 22:11:46,2023-04-16 22:16:46
KTLX,s3://unidata-nexrad-level2/2023/04/16/KTLX/KTLX20230416_221849_V06,2023-04-16 22:18:49,2023-04-16 22:23:49
KTLX,s3://unidata-nexrad-level2/2023/04/16/KTLX/KTLX20230416_222533_V06,2023-04-16 22:25:33,2023-04-16 22:30:33
KTLX,s3://unidata-nexrad-level2/2023/04/16/KTLX/KTLX20230416_223236_V06,2023-04-16 22:32:36,2023-04-16 22:37:36
KTLX,s3://unidata-nexrad-level2/2023/04/16/KTLX/KTLX20230416_223937_V06,2023-04-16 22:39:37,2023-04-16 22:44:37
KTLX,s3://unidata-nexrad-level2/2023/04/16/KTLX/KTLX20230416_224639_V06,2023-04-16 22:46:39,2023-04-16 22:51:39
KTLX,s3://unidata-nexrad-level2/2023/04/16/KTLX/KTLX20230416_225323_V06,2023-04-16 22:53:23,2023-04-16 22:58:23
KTLX,s3://unidata-nexrad-level2/2023/04/16/KTLX/KTLX20230416_230009_V06,2023-04-16 23:00:09,2023-04-16 23:05:09
KTLX,s3://unidata-nexrad-level2/2023/04/16/KTLX/KTLX20230416_230656_V06,2023-04-16 23:06:56,2023-04-16 23:11:56
KTLX,s3://unidata-nexrad-level2/2023/04/16/KTLX/KTLX20230416_231359_V06,2023-04-16 23:13:59,2023-04-16 23:18:59
KTLX,s3://unidata-nexrad-level2/2023/04/16/KTLX/KTLX20230416_232056_V06,2023-04-16 23:20:56,2023-04-16 23:25:56
KTLX,s3://unidata-nexrad-level2/2023/04/16/KTLX/KTLX20230416_232743_V06,2023-04-16 23:27:43,2023-04-16 23:32:43
KTLX,s3://unidata-nexrad-level2/2023/04/16/KTLX/KTLX20230416_233445_V06,2023-04-16 23:34:45,2023-04-16 23:39:45
KTLX,s3://unidata-nexrad-level2/2023/04/16/KTLX/KTLX20230416_234140_V06,2023-04-16 23:41:40,2023-04-16 23:46:40
KTLX,s3://unidata-nexrad-level2/2023/04/16/KTLX/KTLX20230416_234836_V06,2023-04-16 23:48:36,2023-04-16 23:53:36
KTLX,s3://unidata-nexrad-level2/2023/04/16/KTLX/KTLX20230416_235538_V06,2023-04-16 23:55:38,2023-04-17 00:00:38
KTLX,s3://unidata-nexrad-level2/2023/04/17/KTLX/KTLX20230417_000235_V06,2023-04-17 00:02:35,2023-04-17 00:07:35
KTLX,s3://unidata-nexrad-level2/2023/04/17/KTLX/KTLX20230417_000936_V06,2023-04-17 00:09:36,2023-04-17 00:14:36
KTLX,s3://unidata-nexrad-level2/2023/04/17/KTLX/KTLX20230417_001624_V06,2023-04-17 00:16:24,2023-04-17 00:21:24
KTLX,s3://unidata-nexrad-level2/2023/04/17/KTLX/KTLX20230417_002307_V06,2023-04-17 00:23:07,2023-04-17 00:28:07
KTLX,s3://unidata-nexrad-level2/2023/04/17/KTLX/KTLX20230417_002954_V06,2023-04-17 00:29:54,2023-04-17 00:34:54
KTLX,s3://unidata-nexrad-level2/2023/04/17/KTLX/KTLX20230417_003641_V06,2023-04-17 00:36:41,2023-04-17 00:41:41
KTLX,s3://unidata-nexrad-level2/2023/04/17/KTLX/KTLX20230417_004325_V06,2023-04-17 00:43:25,2023-04-17 00:48:25
KTLX,s3://unidata-nexrad-level2/2023/04/17/KTLX/KTLX20230417_005008_V06,2023-04-17 00:50:08,2023-04-17 00:55:08
KTLX,s3://unidata-nexrad-level2/2023/04/17/KTLX/KTLX20230417_005651_V06,2023-04-17 00:56:51,2023-04-17 01:01:51
KTLX,s3://unidata-nexrad-level2/2023/04/17/KTLX/KTLX20230417_010339_V06,2023-04-17 01:03:39,2023-04-17 01:08:39
KTLX,s3://unidata-nexrad-level2/2023/04/17/KTLX/KTLX20230417_011035_V06,2023-04-17 01:10:35,2023-04-17 01:15:35
KTLX,s3://unidata-nexrad-level2/2023/04/17/KTLX/KTLX20230417_011718_V06,2023-04-17 01:17:18,2023-04-17 01:22:18
KTLX,s3://unidata-nexrad-level2/2023/04/17/KTLX/KTLX20230417_012414_V06,2023-04-17 01:24:14,2023-04-17 01:29:14
KTLX,s3://unidata-nexrad-level2/2023/04/17/KTLX/KTLX20230417_013058_V06,2023-04-17 01:30:58,2023-04-17 01:35:58
KTLX,s3://unidata-nexrad-level2/2023/04/17/KTLX/KTLX20230417_013800_V06,2023-04-17 01:38:00,2023-04-17 01:43:00
KTLX,s3://unidata-nexrad-level2/2023/04/17/KTLX/KTLX20230417_014501_V06,2023-04-17 01:45:01,2023-04-17 01:50:01
KTLX,s3://unidata-nexrad-level2/2023/04/17/KTLX/KTLX20230417_015203_V06,2023-04-17 01:52:03,2023-04-17 01:57:03
KTLX,s3://unidata-nexrad-level2/2023/04/17/KTLX/KTLX20230417_015906_V06,2023-04-17 01:59:06,2023-04-17 02:04:06
KTLX,s3://unidata-nexrad-level2/2023/04/17/KTLX/KTLX20230417_020602_V06,2023-04-17 02:06:02,2023-04-17 02:11:02
KTLX,s3://unidata-nexrad-level2/2023/04/17/KTLX/KTLX20230417_021253_V06,2023-04-17 02:12:53,2023-04-17 02:17:53
KTLX,s3://unidata-nexrad-level2/2023/04/17/KTLX/KTLX20230417_022104_V06,2023-04-17 02:21:04,2023-04-17 02:26:04
KTLX,s3://unidata-nexrad-level2/2023/04/17/KTLX/KTLX20230417_022807_V06,2023-04-17 02:28:07,2023-04-17 02:33:07
KTLX,s3://unidata-nexrad-level2/2023/04/17/KTLX/KTLX20230417_023509_V06,2023-04-17 02:35:09,2023-04-17 02:40:09
KTLX,s3://unidata-nexrad-level2/2023/04/17/KTLX/KTLX20230417_024204_V06,2023-04-17 02:42:04,2023-04-17 02:47:04
KTLX,s3://unidata-nexrad-level2/2023/04/17/KTLX/KTLX20230417_024906_V06,2023-04-17 02:49:06,2023-04-17 02:54:06
KTLX,s3://unidata-nexrad-level2/2023/04/17/KTLX/KTLX20230417_025602_V06,2023-04-17 02:56:02,2023-04-17 03:01:02
KTLX,s3://unidata-nexrad-level2/2023/04/17/KTLX/KTLX20230417_030258_V06,2023-04-17 03:02:58,2023-04-17 03:07:58
KTLX,s3://unidata-nexrad-level2/2023/04/17/KTLX/KTLX20230417_030959_V06,2023-04-17 03:09:59,2023-04-17 03:14:59
KTLX,s3://unidata-nexrad-level2/2023/04/17/KTLX/KTLX20230417_031651_V06,2023-04-17 03:16:51,2023-04-17 03:21:51
KTLX,s3://unidata-nexrad-level2/2023/04/17/KTLX/KTLX20230417_032347_V06,2023-04-17 03:23:47,2023-04-17 03:28:47
KTLX,s3://unidata-nexrad-level2/2023/04/17/KTLX/KTLX20230417_033049_V06,2023-04-17 03:30:49,2023-04-17 03:35:49
KTLX,s3://unidata-nexrad-level2/2023/04/17/KTLX/KTLX20230417_033740_V06,2023-04-17 03:37:40,2023-04-17 03:42:40
KTLX,s3://unidata-nexrad-level2/2023/04/17/KTLX/KTLX20230417_034431_V06,2023-04-17 03:44:31,2023-04-17 03:49:31
KTLX,s3://unidata-nexrad-level2/2023/04/17/KTLX/KTLX20230417_035127_V06,2023-04-17 03:51:27,2023-04-17 03:56:27
KTLX,s3://unidata-nexrad-level2/2023/04/17/KTLX/KTLX20230417_035829_V06,2023-04-17 03:58:29,2023-04-17 04:03:29
KTLX,s3://unidata-nexrad-level2/2023/04/17/KTLX/KTLX20230417_040520_V06,2023-04-17 04:05:20,2023-04-17 04:10:20
KTLX,s3://unidata-nexrad-level2/2023/04/17/KTLX/KTLX20230417_041222_V06,2023-04-17 04:12:22,2023-04-17 04:17:22
KTLX,s3://unidata-nexrad-level2/2023/04/17/KTLX/KTLX20230417_041924_V06,2023-04-17 04:19:24,2023-04-17 04:24:24
KTLX,s3://unidata-nexrad-level2/2023/04/17/KTLX/KTLX20230417_042611_V06,2023-04-17 04:26:11,2023-04-17 04:31:11
KTLX,s3://unidata-nexrad-level2/2023/04/17/KTLX/KTLX20230417_043313_V06,2023-04-17 04:33:13,2023-04-17 04:38:13
KTLX,s3://unidata-nexrad-level2/2023/04/17/KTLX/KTLX20230417_043959_V06,2023-04-17 04:39:59,2023-04-17 04:44:59
KTLX,s3://unidata-nexrad-level2/2023/04/17/KTLX/KTLX20230417_044650_V06,2023-04-17 04:46:50,2023-04-17 04:51:50
KTLX,s3://unidata-nexrad-level2/2023/04/17/KTLX/KTLX20230417_045352_V06,2023-04-17 04:53:52,2023-04-17 04:58:52
KTLX,s3://unidata-nexrad-level2/2023/04/17/KTLX/KTLX20230417_050054_V06,2023-04-17 05:00:54,2023-04-17 05:05:54
KTLX,s3://unidata-nexrad-level2/2023/04/17/KTLX/KTLX20230417_050740_V06,2023-04-17 05:07:40,2023-04-17 05:12:40
KTLX,s3://unidata-nexrad-level2/2023/04/17/KTLX/KTLX20230417_051436_V06,2023-04-17 05:14:36,2023-04-17 05:19:36
KTLX,s3://unidata-nexrad-level2/2023/04/17/KTLX/KTLX20230417_052137_V06,2023-04-17 05:21:37,2023-04-17 05:26:37
KTLX,s3://unidata-nexrad-level2/2023/04/17/KTLX/KTLX20230417_052839_V06,2023-04-17 05:28:39,2023-04-17 05:33:39
KTLX,s3://unidata-nexrad-level2/2023/04/17/KTLX/KTLX20230417_053541_V06,2023-04-17 05:35:41,2023-04-17 05:40:41
KTLX,s3://unidata-nexrad-level2/2023/04/17/KTLX/KTLX20230417_054242_V06,2023-04-17 05:42:42,2023-04-17 05:47:42
KTLX,s3://unidata-nexrad-level2/2023/04/17/KTLX/KTLX20230417_054944_V06,2023-04-17 05:49:44,2023-04-17 05:54:44
KTLX,s3://unidata-nexrad-level2/2023/04/17/KTLX/KTLX20230417_055646_V06,2023-04-17 05:56:46,2023-04-17 06:01:46
KTLX,s3://unidata-nexrad-level2/2023/04/17/KTLX/KTLX20230417_060346_V06,2023-04-17 06:03:46,2023-04-17 06:08:46
KTLX,s3://unidata-nexrad-level2/2023/04/17/KTLX/KTLX20230417_061048_V06,2023-04-17 06:10:48,2023-04-17 06:15:48
KTLX,s3://unidata-nexrad-level2/2023/04/17/KTLX/KTLX20230417_061744_V06,2023-04-17 06:17:44,2023-04-17 06:22:44
KTLX,s3://unidata-nexrad-level2/2023/04/17/KTLX/KTLX20230417_062439_V06,2023-04-17 06:24:39,2023-04-17 06:29:39
KTLX,s3://unidata-nexrad-level2/2023/04/17/KTLX/KTLX20230417_063134_V06,2023-04-17 06:31:34,2023-04-17 06:36:34
KTLX,s3://unidata-nexrad-level2/2023/04/17/KTLX/KTLX20230417_063829_V06,2023-04-17 06:38:29,2023-04-17 06:43:29
KTLX,s3://unidata-nexrad-level2/2023/04/17/KTLX/KTLX20230417_064531_V06,2023-04-17 06:45:31,2023-04-17 06:50:31
KTLX,s3://unidata-nexrad-level2/2023/04/17/KTLX/KTLX20230417_065233_V06,2023-04-17 06:52:33,2023-04-17 06:57:33
KTLX,s3://unidata-nexrad-level2/2023/04/17/KTLX/KTLX20230417_065934_V06,2023-04-17 06:59:34,2023-04-17 07:04:34
KTLX,s3://unidata-nexrad-level2/2023/04/17/KTLX/KTLX20230417_070635_V06,2023-04-17 07:06:35,2023-04-17 07:11:35
KTLX,s3://unidata-nexrad-level2/2023/04/17/KTLX/KTLX20230417_071337_V06,2023-04-17 07:13:37,2023-04-17 07:18:37
KTLX,s3://unidata-nexrad-level2/2023/04/17/KTLX/KTLX20230417_072039_V06,2023-04-17 07:20:39,2023-04-17 07:25:39
KTLX,s3://unidata-nexrad-level2/2023/04/17/KTLX/KTLX20230417_072734_V06,2023-04-17 07:27:34,2023-04-17 07:32:34
KTLX,s3://unidata-nexrad-level2/2023/04/17/KTLX/KTLX20230417_073437_V06,2023-04-17 07:34:37,2023-04-17 07:39:37
KTLX,s3://unidata-nexrad-level2/2023/04/17/KTLX/KTLX20230417_074139_V06,2023-04-17 07:41:39,2023-04-17 07:46:39
KTLX,s3://unidata-nexrad-level2/2023/04/17/KTLX/KTLX20230417_074841_V06,2023-04-17 07:48:41,2023-04-17 07:53:41
KTLX,s3://unidata-nexrad-level2/2023/04/17/KTLX/KTLX20230417_075543_V06,2023-04-17 07:55:43,2023-04-17 08:00:43
KTLX,s3://unidata-nexrad-level2/2023/04/17/KTLX/KTLX20230417_080245_V06,2023-04-17 08:02:45,2023-04-17 08:07:45
KTLX,s3://unidata-nexrad-level2/2023/04/17/KTLX/KTLX20230417_080947_V06,2023-04-17 08:09:47,2023-04-17 08:14:47
KTLX,s3://unidata-nexrad-level2/2023/04/17/KTLX/KTLX20230417_081649_V06,2023-04-17 08:16:49,2023-04-17 08:21:49
KTLX,s3://unidata-nexrad-level2/2023/04/17/KTLX/KTLX20230417_082351_V06,2023-04-17 08:23:51,2023-04-17 08:28:51
KTLX,s3://unidata-nexrad-level2/2023/04/17/KTLX/KTLX20230417_083047_V06,2023-04-17 08:30:47,2023-04-17 08:35:47
KTLX,s3://unidata-nexrad-level2/2023/04/17/KTLX/KTLX20230417_083742_V06,2023-04-17 08:37:42,2023-04-17 08:42:42
KTLX,s3://unidata-nexrad-level2/2023/04/17/KTLX/KTLX20230417_084444_V06,2023-04-17 08:44:44,2023-04-17 08:49:44
KTLX,s3://unidata-nexrad-level2/2023/04/17/KTLX/KTLX20230417_085146_V06,2023-04-17 08:51:46,2023-04-17 08:56:46
KTLX,s3://unidata-nexrad-level2/2023/04/17/KTLX/KTLX20230417_085847_V06,2023-04-17 08:58:47,2023-04-17 09:03:47
KTLX,s3://unidata-nexrad-level2/2023/04/17/KTLX/KTLX20230417_090549_V06,2023-04-17 09:05:49,2023-04-17 09:10:49
KTLX,s3://unidata-nexrad-level2/2023/04/17/KTLX/KTLX20230417_091251_V06,2023-04-17 09:12:51,2023-04-17 09:17:51
KTLX,s3://unidata-nexrad-level2/2023/04/17/KTLX/KTLX20230417_091953_V06,2023-04-17 09:19:53,2023-04-17 09:24:53
KTLX,s3://unidata-nexrad-level2/2023/04/17/KTLX/KTLX20230417_092655_V06,2023-04-17 09:26:55,2023-04-17 09:31:55
KTLX,s3://unidata-nexrad-level2/2023/04/17/KTLX/KTLX20230417_093356_V06,2023-04-17 09:33:56,2023-04-17 09:38:56
KTLX,s3://unidata-nexrad-level2/2023/04/17/KTLX/KTLX20230417_094058_V06,2023-04-17 09:40:58,2023-04-17 09:45:58
KTLX,s3://unidata-nexrad-level2/2023/04/17/KTLX/KTLX20230417_094800_V06,2023-04-17 09:48:00,2023-04-17 09:53:00
KTLX,s3://unidata-nexrad-level2/2023/04/17/KTLX/KTLX20230417_095502_V06,2023-04-17 09:55:02,2023-04-17 10:00:02
KTLX,s3://unidata-nexrad-level2/2023/04/17/KTLX/KTLX20230417_100203_V06,2023-04-17 10:02:03,2023-04-17 10:07:03
KTLX,s3://unidata-nexrad-level2/2023/04/17/KTLX/KTLX20230417_100906_V06,2023-04-17 10:09:06,2023-04-17 10:14:06
KTLX,s3://unidata-nexrad-level2/2023/04/17/KTLX/KTLX20230417_101602_V06,2023-04-17 10:16:02,2023-04-17 10:21:02
KTLX,s3://unidata-nexrad-level2/2023/04/17/KTLX/KTLX20230417_102414_V06,2023-04-17 10:24:14,2023-04-17 10:29:14
KTLX,s3://unidata-nexrad-level2/2023/04/17/KTLX/KTLX20230417_103111_V06,2023-04-17 10:31:11,2023-04-17 10:36:11
KTLX,s3://unidata-nexrad-level2/2023/04/17/KTLX/KTLX20230417_103813_V06,2023-04-17 10:38:13,2023-04-17 10:43:13
KTLX,s3://unidata-nexrad-level2/2023/04/17/KTLX/KTLX20230417_104515_V06,2023-04-17 10:45:15,2023-04-17 10:50:15
KTLX,s3://unidata-nexrad-level2/2023/04/17/KTLX/KTLX20230417_105217_V06,2023-04-17 10:52:17,2023-04-17 10:57:17
KTLX,s3://unidata-nexrad-level2/2023/04/17/KTLX/KTLX20230417_105919_V06,2023-04-17 10:59:19,2023-04-17 11:04:19
KTLX,s3://unidata-nexrad-level2/2023/04/17/KTLX/KTLX20230417_110614_V06,2023-04-17 11:06:14,2023-04-17 11:11:14
KTLX,s3://unidata-nexrad-level2/2023/04/17/KTLX/KTLX20230417_111310_V06,2023-04-17 11:13:10,2023-04-17 11:18:10
KTLX,s3://unidata-nexrad-level2/2023/04/17/KTLX/KTLX20230417_112012_V06,2023-04-17 11:20:12,2023-04-17 11:25:12
KTLX,s3://unidata-nexrad-level2/2023/04/17/KTLX/KTLX20230417_112707_V06,2023-04-17 11:27:07,2023-04-17 11:32:07
KTLX,s3://unidata-nexrad-level2/2023/04/17/KTLX/KTLX20230417_113403_V06,2023-04-17 11:34:03,2023-04-17 11:39:03
KTLX,s3://unidata-nexrad-level2/2023/04/17/KTLX/KTLX20230417_114059_V06,2023-04-17 11:40:59,2023-04-17 11:45:59
KTLX,s3://unidata-nexrad-level2/2023/04/17/KTLX/KTLX20230417_114755_V06,2023-04-17 11:47:55,2023-04-17 11:52:55
KTLX,s3://unidata-nexrad-level2/2023/04/17/KTLX/KTLX20230417_115457_V06,2023-04-17 11:54:57,2023-04-17 11:59:57
KTLX,s3://unidata-nexrad-level2/2023/04/17/KTLX/KTLX20230417_120158_V06,2023-04-17 12:01:58,2023-04-17 12:06:58
KTLX,s3://unidata-nexrad-level2/2023/04/17/KTLX/KTLX20230417_120854_V06,2023-04-17 12:08:54,2023-04-17 12:13:54
KTLX,s3://unidata-nexrad-level2/2023/04/17/KTLX/KTLX20230417_121550_V06,2023-04-17 12:15:50,2023-04-17 12:20:50
KTLX,s3://unidata-nexrad-level2/2023/04/17/KTLX/KTLX20230417_122252_V06,2023-04-17 12:22:52,2023-04-17 12:27:52
KTLX,s3://unidata-nexrad-level2/2023/04/17/KTLX/KTLX20230417_122953_V06,2023-04-17 12:29:53,2023-04-17 12:34:53
KTLX,s3://unidata-nexrad-level2/2023/04/17/KTLX/KTLX20230417_123655_V06,2023-04-17 12:36:55,2023-04-17 12:41:55
KTLX,s3://unidata-nexrad-level2/2023/04/17/KTLX/KTLX20230417_124357_V06,2023-04-17 12:43:57,2023-04-17 12:48:57
KTLX,s3://unidata-nexrad-level2/2023/04/17/KTLX/KTLX20230417_125059_V06,2023-04-17 12:50:59,2023-04-17 12:55:59
KTLX,s3://unidata-nexrad-level2/2023/04/17/KTLX/KTLX20230417_125801_V06,2023-04-17 12:58:01,2023-04-17 13:03:01
KTLX,s3://unidata-nexrad-level2/2023/04/17/KTLX/KTLX20230417_130503_V06,2023-04-17 13:05:03,2023-04-17 13:10:03
KTLX,s3://unidata-nexrad-level2/2023/04/17/KTLX/KTLX20230417_131205_V06,2023-04-17 13:12:05,2023-04-17 13:17:05
KTLX,s3://unidata-nexrad-level2/2023/04/17/KTLX/KTLX20230417_131908_V06,2023-04-17 13:19:08,2023-04-17 13:24:08
KTLX,s3://unidata-nexrad-level2/2023/04/17/KTLX/KTLX20230417_132610_V06,2023-04-17 13:26:10,2023-04-17 13:31:10
KTLX,s3://unidata-nexrad-level2/2023/04/17/KTLX/KTLX20230417_133313_V06,2023-04-17 13:33:13,2023-04-17 13:38:13
KTLX,s3://unidata-nexrad-level2/2023/04/17/KTLX/KTLX20230417_134016_V06,2023-04-17 13:40:16,2023-04-17 13:45:16
KTLX,s3://unidata-nexrad-level2/2023/04/17/KTLX/KTLX20230417_134719_V06,2023-04-17 13:47:19,2023-04-17 13:52:19
KTLX,s3://unidata-nexrad-level2/2023/04/17/KTLX/KTLX20230417_135421_V06,2023-04-17 13:54:21,2023-04-17 13:59:21
KTLX,s3://unidata-nexrad-level2/2023/04/17/KTLX/KTLX20230417_140122_V06,2023-04-17 14:01:22,2023-04-17 14:06:22
KTLX,s3://unidata-nexrad-level2/2023/04/17/KTLX/KTLX20230417_140824_V06,2023-04-17 14:08:24,2023-04-17 14:13:24
KTLX,s3://unidata-nexrad-level2/2023/04/17/KTLX/KTLX20230417_141526_V06,2023-04-17 14:15:26,2023-04-17 14:20:26
KTLX,s3://unidata-nexrad-level2/2023/04/17/KTLX/KTLX20230417_142208_V06,2023-04-17 14:22:08,2023-04-17 14:27:08
KTLX,s3://unidata-nexrad-level2/2023/04/17/KTLX/KTLX20230417_142904_V06,2023-04-17 14:29:04,2023-04-17 14:34:04
KTLX,s3://unidata-nexrad-level2/2023/04/17/KTLX/KTLX20230417_143607_V06,2023-04-17 14:36:07,2023-04-17 14:41:07
KTLX,s3://unidata-nexrad-level2/2023/04/17/KTLX/KTLX20230417_144250_V06,2023-04-17 14:42:50,2023-04-17 14:47:50
KTLX,s3://unidata-nexrad-level2/2023/04/17/KTLX/KTLX20230417_144936_V06,2023-04-17 14:49:36,2023-04-17 14:54:36
KTLX,s3://unidata-nexrad-level2/2023/04/17/KTLX/KTLX20230417_145622_V06,2023-04-17 14:56:22,2023-04-17 15:01:22
KTLX,s3://unidata-nexrad-level2/2023/04/17/KTLX/KTLX20230417_150304_V06,2023-04-17 15:03:04,2023-04-17 15:08:04
KTLX,s3://unidata-nexrad-level2/2023/04/17/KTLX/KTLX20230417_150950_V06,2023-04-17 15:09:50,2023-04-17 15:14:50
KTLX,s3://unidata-nexrad-level2/2023/04/17/KTLX/KTLX20230417_151633_V06,2023-04-17 15:16:33,2023-04-17 15:21:33
KTLX,s3://unidata-nexrad-level2/2023/04/17/KTLX/KTLX20230417_152324_V06,2023-04-17 15:23:24,2023-04-17 15:28:24
KTLX,s3://unidata-nexrad-level2/2023/04/17/KTLX/KTLX20230417_153014_V06,2023-04-17 15:30:14,2023-04-17 15:35:14
KTLX,s3://unidata-nexrad-level2/2023/04/17/KTLX/KTLX20230417_153705_V06,2023-04-17 15:37:05,2023-04-17 15:42:05
KTLX,s3://unidata-nexrad-level2/2023/04/17/KTLX/KTLX20230417_154356_V06,2023-04-17 15:43:56,2023-04-17 15:48:56
KTLX,s3://unidata-nexrad-level2/2023/04/17/KTLX/KTLX20230417_155058_V06,2023-04-17 15:50:58,2023-04-17 15:55:58
KTLX,s3://unidata-nexrad-level2/2023/04/17/KTLX/KTLX20230417_155748_V06,2023-04-17 15:57:48,2023-04-17 16:02:48
KTLX,s3://unidata-nexrad-level2/2023/04/17/KTLX/KTLX20230417_160450_V06,2023-04-17 16:04:50,2023-04-17 16:09:50
KTLX,s3://unidata-nexrad-level2/2023/04/17/KTLX/KTLX20230417_161137_V06,2023-04-17 16:11:37,2023-04-17 16:16:37
KTLX,s3://unidata-nexrad-level2/2023/04/17/KTLX/KTLX20230417_161828_V06,2023-04-17 16:18:28,2023-04-17 16:23:28
KTLX,s3://unidata-nexrad-level2/2023/04/17/KTLX/KTLX20230417_162518_V06,2023-04-17 16:25:18,2023-04-17 16:30:18
KTLX,s3://unidata-nexrad-level2/2023/04/17/KTLX/KTLX20230417_163204_V06,2023-04-17 16:32:04,2023-04-17 16:37:04
KTLX,s3://unidata-nexrad-level2/2023/04/17/KTLX/KTLX20230417_163851_V06,2023-04-17 16:38:51,2023-04-17 16:43:51
KTLX,s3://unidata-nexrad-level2/2023/04/17/KTLX/KTLX20230417_164547_V06,2023-04-17 16:45:47,2023-04-17 16:50:47
KTLX,s3://unidata-nexrad-level2/2023/04/17/KTLX/KTLX20230417_165238_V06,2023-04-17 16:52:38,2023-04-17 16:57:38
KTLX,s3://unidata-nexrad-level2/2023/04/17/KTLX/KTLX20230417_165919_V06,2023-04-17 16:59:19,2023-04-17 17:04:19
KTLX,s3://unidata-nexrad-level2/2023/04/17/KTLX/KTLX20230417_170615_V06,2023-04-17 17:06:15,2023-04-17 17:11:15
KTLX,s3://unidata-nexrad-level2/2023/04/17/KTLX/KTLX20230417_171312_V06,2023-04-17 17:13:12,2023-04-17 17:18:12
KTLX,s3://unidata-nexrad-level2/2023/04/17/KTLX/KTLX20230417_172008_V06,2023-04-17 17:20:08,2023-04-17 17:25:08
KTLX,s3://unidata-nexrad-level2/2023/04/17/KTLX/KTLX20230417_172704_V06,2023-04-17 17:27:04,2023-04-17 17:32:04
KTLX,s3://unidata-nexrad-level2/2023/04/17/KTLX/KTLX20230417_173355_V06,2023-04-17 17:33:55,2023-04-17 17:38:55
KTLX,s3://unidata-nexrad-level2/2023/04/17/KTLX/KTLX20230417_174056_V06,2023-04-17 17:40:56,2023-04-17 17:45:56
KTLX,s3://unidata-nexrad-level2/2023/04/17/KTLX/KTLX20230417_174741_V06,2023-04-17 17:47:41,2023-04-17 17:52:41
KTLX,s3://unidata-nexrad-level2/2023/04/17/KTLX/KTLX20230417_175437_V06,2023-04-17 17:54:37,2023-04-17 17:59:37
KTLX,s3://unidata-nexrad-level2/2023/04/17/KTLX/KTLX20230417_180124_V06,2023-04-17 18:01:24,2023-04-17 18:06:24
KTLX,s3://unidata-nexrad-level2/2023/04/17/KTLX/KTLX20230417_180811_V06,2023-04-17 18:08:11,2023-04-17 18:13:11
KTLX,s3://unidata-nexrad-level2/2023/04/17/KTLX/KTLX20230417_181458_V06,2023-04-17 18:14:58,2023-04-17 18:19:58
KTLX,s3://unidata-nexrad-level2/2023/04/17/KTLX/KTLX20230417_182140_V06,2023-04-17 18:21:40,2023-04-17 18:26:40
KTLX,s3://unidata-nexrad-level2/2023/04/17/KTLX/KTLX20230417_182940_V06,2023-04-17 18:29:40,2023-04-17 18:34:40
KTLX,s3://unidata-nexrad-level2/2023/04/17/KTLX/KTLX20230417_183622_V06,2023-04-17 18:36:22,2023-04-17 18:41:22
KTLX,s3://unidata-nexrad-level2/2023/04/17/KTLX/KTLX20230417_184306_V06,2023-04-17 18:43:06,2023-04-17 18:48:06
KTLX,s3://unidata-nexrad-level2/2023/04/17/KTLX/KTLX20230417_184948_V06,2023-04-17 18:49:48,2023-04-17 18:54:48
KTLX,s3://unidata-nexrad-level2/2023/04/17/KTLX/KTLX20230417_185630_V06,2023-04-17 18:56:30,2023-04-17 19:01:30
KTLX,s3://unidata-nexrad-level2/2023/04/17/KTLX/KTLX20230417_190313_V06,2023-04-17 19:03:13,2023-04-17 19:08:13
KTLX,s3://unidata-nexrad-level2/2023/04/17/KTLX/KTLX20230417_190956_V06,2023-04-17 19:09:56,2023-04-17 19:14:56
KTLX,s3://unidata-nexrad-level2/2023/04/17/KTLX/KTLX20230417_191639_V06,2023-04-17 19:16:39,2023-04-17 19:21:39
KTLX,s3://unidata-nexrad-level2/2023/04/17/KTLX/KTLX20230417_192321_V06,2023-04-17 19:23:21,2023-04-17 19:28:21
KTLX,s3://unidata-nexrad-level2/2023/04/17/KTLX/KTLX20230417_193003_V06,2023-04-17 19:30:03,2023-04-17 19:35:03
KTLX,s3://unidata-nexrad-level2/2023/04/17/KTLX/KTLX20230417_193646_V06,2023-04-17 19:36:46,2023-04-17 19:41:46
KTLX,s3://unidata-nexrad-level2/2023/04/17/KTLX/KTLX20230417_194330_V06,2023-04-17 19:43:30,2023-04-17 19:48:30
KTLX,s3://unidata-nexrad-level2/2023/04/17/KTLX/KTLX20230417_195012_V06,2023-04-17 19:50:12,2023-04-17 19:55:12
KTLX,s3://unidata-nexrad-level2/2023/04/17/KTLX/KTLX20230417_195654_V06,2023-04-17 19:56:54,2023-04-17 20:01:54
KTLX,s3://unidata-nexrad-level2/2023/04/17/KTLX/KTLX20230417_200337_V06,2023-04-17 20:03:37,2023-04-17 20:08:37
KTLX,s3://unidata-nexrad-level2/2023/04/17/KTLX/KTLX20230417_201019_V06,2023-04-17 20:10:19,2023-04-17 20:15:19
KTLX,s3://unidata-nexrad-level2/2023/04/17/KTLX/KTLX20230417_201700_V06,2023-04-17 20:17:00,2023-04-17 20:22:00
KTLX,s3://unidata-nexrad-level2/2023/04/17/KTLX/KTLX20230417_202402_V06,2023-04-17 20:24:02,2023-04-17 20:29:02
KTLX,s3://unidata-nexrad-level2/2023/04/17/KTLX/KTLX20230417_203105_V06,2023-04-17 20:31:05,2023-04-17 20:36:05
KTLX,s3://unidata-nexrad-level2/2023/04/17/KTLX/KTLX20230417_203808_V06,2023-04-17 20:38:08,2023-04-17 20:43:08
KTLX,s3://unidata-nexrad-level2/2023/04/17/KTLX/KTLX20230417_204510_V06,2023-04-17 20:45:10,2023-04-17 20:50:10
KTLX,s3://unidata-nexrad-level2/2023/04/17/KTLX/KTLX20230417_205211_V06,2023-04-17 20:52:11,2023-04-17 20:57:11
KTLX,s3://unidata-nexrad-level2/2023/04/17/KTLX/KTLX20230417_205913_V06,2023-04-17 20:59:13,2023-04-17 21:04:13
KTLX,s3://unidata-nexrad-level2/2023/04/17/KTLX/KTLX20230417_210616_V06,2023-04-17 21:06:16,2023-04-17 21:11:16
KTLX,s3://unidata-nexrad-level2/2023/04/17/KTLX/KTLX20230417_211306_V06,2023-04-17 21:13:06,2023-04-17 21:18:06
KTLX,s3://unidata-nexrad-level2/2023/04/17/KTLX/KTLX20230417_212008_V06,2023-04-17 21:20:08,2023-04-17 21:25:08
KTLX,s3://unidata-nexrad-level2/2023/04/17/KTLX/KTLX20230417_212659_V06,2023-04-17 21:26:59,2023-04-17 21:31:59
KTLX,s3://unidata-nexrad-level2/2023/04/17/KTLX/KTLX20230417_213401_V06,2023-04-17 21:34:01,2023-04-17 21:39:01
KTLX,s3://unidata-nexrad-level2/2023/04/17/KTLX/KTLX20230417_214104_V06,2023-04-17 21:41:04,2023-04-17 21:46:04
KTLX,s3://unidata-nexrad-level2/2023/04/17/KTLX/KTLX20230417_214754_V06,2023-04-17 21:47:54,2023-04-17 21:52:54
KTLX,s3://unidata-nexrad-level2/2023/04/17/KTLX/KTLX20230417_215445_V06,2023-04-17 21:54:45,2023-04-17 21:59:45
KTLX,s3://unidata-nexrad-level2/2023/04/17/KTLX/KTLX20230417_220140_V06,2023-04-17 22:01:40,2023-04-17 22:06:40
KTLX,s3://unidata-nexrad-level2/2023/04/17/KTLX/KTLX20230417_220831_V06,2023-04-17 22:08:31,2023-04-17 22:13:31
KTLX,s3://unidata-nexrad-level2/2023/04/17/KTLX/KTLX20230417_221527_V06,2023-04-17 22:15:27,2023-04-17 22:20:27
KTLX,s3://unidata-nexrad-level2/2023/04/17/KTLX/KTLX20230417_222214_V06,2023-04-17 22:22:14,2023-04-17 22:27:14
KTLX,s3://unidata-nexrad-level2/2023/04/17/KTLX/KTLX20230417_222909_V06,2023-04-17 22:29:09,2023-04-17 22:34:09
KTLX,s3://unidata-nexrad-level2/2023/04/17/KTLX/KTLX20230417_223612_V06,2023-04-17 22:36:12,2023-04-17 22:41:12
KTLX,s3://unidata-nexrad-level2/2023/04/17/KTLX/KTLX20230417_224314_V06,2023-04-17 22:43:14,2023-04-17 22:48:14
KTLX,s3://unidata-nexrad-level2/2023/04/17/KTLX/KTLX20230417_225015_V06,2023-04-17 22:50:15,2023-04-17 22:55:15
KTLX,s3://unidata-nexrad-level2/2023/04/17/KTLX/KTLX20230417_225711_V06,2023-04-17 22:57:11,2023-04-17 23:02:11
KTLX,s3://unidata-nexrad-level2/2023/04/17/KTLX/KTLX20230417_230402_V06,2023-04-17 23:04:02,2023-04-17 23:09:02
KTLX,s3://unidata-nexrad-level2/2023/04/17/KTLX/KTLX20230417_231053_V06,2023-04-17 23:10:53,2023-04-17 23:15:53
KTLX,s3://unidata-nexrad-level2/2023/04/17/KTLX/KTLX20230417_231748_V06,2023-04-17 23:17:48,2023-04-17 23:22:48
KTLX,s3://unidata-nexrad-level2/2023/04/17/KTLX/KTLX20230417_232450_V06,2023-04-17 23:24:50,2023-04-17 23:29:50
KTLX,s3://unidata-nexrad-level2/2023/04/17/KTLX/KTLX20230417_233145_V06,2023-04-17 23:31:45,2023-04-17 23:36:45
KTLX,s3://unidata-nexrad-level2/2023/04/17/KTLX/KTLX20230417_233836_V06,2023-04-17 23:38:36,2023-04-17 23:43:36
KTLX,s3://unidata-nexrad-level2/2023/04/17/KTLX/KTLX20230417_234527_V06,2023-04-17 23:45:27,2023-04-17 23:50:27
KTLX,s3://unidata-nexrad-level2/2023/04/17/KTLX/KTLX20230417_235217_V06,2023-04-17 23:52:17,2023-04-17 23:57:17
KTLX,s3://unidata-nexrad-level2/2023/04/17/KTLX/KTLX20230417_235908_V06,2023-04-17 23:59:08,2023-04-18 00:04:08
KTLX,s3://unidata-nexrad-level2/2023/04/18/KTLX/KTLX20230418_000600_V06,2023-04-18 00:06:00,2023-04-18 00:11:00
KTLX,s3://unidata-nexrad-level2/2023/04/18/KTLX/KTLX20230418_001249_V06,2023-04-18 00:12:49,2023-04-18 00:17:49
KTLX,s3://unidata-nexrad-level2/2023/04/18/KTLX/KTLX20230418_001935_V06,2023-04-18 00:19:35,2023-04-18 00:24:35
KTLX,s3://unidata-nexrad-level2/2023/04/18/KTLX/KTLX20230418_002621_V06,2023-04-18 00:26:21,2023-04-18 00:31:21
KTLX,s3://unidata-nexrad-level2/2023/04/18/KTLX/KTLX20230418_003308_V06,2023-04-18 00:33:08,2023-04-18 00:38:08
KTLX,s3://unidata-nexrad-level2/2023/04/18/KTLX/KTLX20230418_003955_V06,2023-04-18 00:39:55,2023-04-18 00:44:55
KTLX,s3://unidata-nexrad-level2/2023/04/18/KTLX/KTLX20230418_004642_V06,2023-04-18 00:46:42,2023-04-18 00:51:42
KTLX,s3://unidata-nexrad-level2/2023/04/18/KTLX/KTLX20230418_005329_V06,2023-04-18 00:53:29,2023-04-18 00:58:29
KTLX,s3://unidata-nexrad-level2/2023/04/18/KTLX/KTLX20230418_010016_V06,2023-04-18 01:00:16,2023-04-18 01:05:16
KTLX,s3://unidata-nexrad-level2/2023/04/18/KTLX/KTLX20230418_010702_V06,2023-04-18 01:07:02,2023-04-18 01:12:02
KTLX,s3://unidata-nexrad-level2/2023/04/18/KTLX/KTLX20230418_011347_V06,2023-04-18 01:13:47,2023-04-18 01:18:47
KTLX,s3://unidata-nexrad-level2/2023/04/18/KTLX/KTLX20230418_012031_V06,2023-04-18 01:20:31,2023-04-18 01:25:31
KTLX,s3://unidata-nexrad-level2/2023/04/18/KTLX/KTLX20230418_012718_V06,2023-04-18 01:27:18,2023-04-18 01:32:18
KTLX,s3://unidata-nexrad-level2/2023/04/18/KTLX/KTLX20230418_013401_V06,2023-04-18 01:34:01,2023-04-18 01:39:01
KTLX,s3://unidata-nexrad-level2/2023/04/18/KTLX/KTLX20230418_014043_V06,2023-04-18 01:40:43,2023-04-18 01:45:43
KTLX,s3://unidata-nexrad-level2/2023/04/18/KTLX/KTLX20230418_014724_V06,2023-04-18 01:47:24,2023-04-18 01:52:24
KTLX,s3://unidata-nexrad-level2/2023/04/18/KTLX/KTLX20230418_015407_V06,2023-04-18 01:54:07,2023-04-18 01:59:07
KTLX,s3://unidata-nexrad-level2/2023/04/18/KTLX/KTLX20230418_020051_V06,2023-04-18 02:00:51,2023-04-18 02:05:51
KTLX,s3://unidata-nexrad-level2/2023/04/18/KTLX/KTLX20230418_020738_V06,2023-04-18 02:07:38,2023-04-18 02:12:38
KTLX,s3://unidata-nexrad-level2/2023/04/18/KTLX/KTLX20230418_021425_V06,2023-04-18 02:14:25,2023-04-18 02:19:25
KTLX,s3://unidata-nexrad-level2/2023/04/18/KTLX/KTLX20230418_022127_V06,2023-04-18 02:21:27,2023-04-18 02:26:27
KTLX,s3://unidata-nexrad-level2/2023/04/18/KTLX/KTLX20230418_022939_V06,2023-04-18 02:29:39,2023-04-18 02:34:39
KTLX,s3://unidata-nexrad-level2/2023/04/18/KTLX/KTLX20230418_023641_V06,2023-04-18 02:36:41,2023-04-18 02:41:41
KTLX,s3://unidata-nexrad-level2/2023/04/18/KTLX/KTLX20230418_024341_V06,2023-04-18 02:43:41,2023-04-18 02:48:41
KTLX,s3://unidata-nexrad-level2/2023/04/18/KTLX/KTLX20230418_025043_V06,2023-04-18 02:50:43,2023-04-18 02:55:43
KTLX,s3://unidata-nexrad-level2/2023/04/18/KTLX/KTLX20230418_025746_V06,2023-04-18 02:57:46,2023-04-18 03:02:46
KTLX,s3://unidata-nexrad-level2/2023/04/18/KTLX/KTLX20230418_030448_V06,2023-04-18 03:04:48,2023-04-18 03:09:48
KTLX,s3://unidata-nexrad-level2/2023/04/18/KTLX/KTLX20230418_031149_V06,2023-04-18 03:11:49,2023-04-18 03:16:49
KTLX,s3://unidata-nexrad-level2/2023/04/18/KTLX/KTLX20230418_031851_V06,2023-04-18 03:18:51,2023-04-18 03:23:51
KTLX,s3://unidata-nexrad-level2/2023/04/18/KTLX/KTLX20230418_032552_V06,2023-04-18 03:25:52,2023-04-18 03:30:52
KTLX,s3://unidata-nexrad-level2/2023/04/18/KTLX/KTLX20230418_033254_V06,2023-04-18 03:32:54,2023-04-18 03:37:54
KTLX,s3://unidata-nexrad-level2/2023/04/18/KTLX/KTLX20230418_033955_V06,2023-04-18 03:39:55,2023-04-18 03:44:55
KTLX,s3://unidata-nexrad-level2/2023/04/18/KTLX/KTLX20230418_034655_V06,2023-04-18 03:46:55,2023-04-18 03:51:55
KTLX,s3://unidata-nexrad-level2/2023/04/18/KTLX/KTLX20230418_035356_V06,2023-04-18 03:53:56,2023-04-18 03:58:56
KTLX,s3://unidata-nexrad-level2/2023/04/18/KTLX/KTLX20230418_040057_V06,2023-04-18 04:00:57,2023-04-18 04:05:57
KTLX,s3://unidata-nexrad-level2/2023/04/18/KTLX/KTLX20230418_040800_V06,2023-04-18 04:08:00,2023-04-18 04:13:00
KTLX,s3://unidata-nexrad-level2/2023/04/18/KTLX/KTLX20230418_041500_V06,2023-04-18 04:15:00,2023-04-18 04:20:00
KTLX,s3://unidata-nexrad-level2/2023/04/18/KTLX/KTLX20230418_042203_V06,2023-04-18 04:22:03,2023-04-18 04:27:03
KTLX,s3://unidata-nexrad-level2/2023/04/18/KTLX/KTLX20230418_042905_V06,2023-04-18 04:29:05,2023-04-18 04:34:05
KTLX,s3://unidata-nexrad-level2/2023/04/18/KTLX/KTLX20230418_043606_V06,2023-04-18 04:36:06,2023-04-18 04:41:06
KTLX,s3://unidata-nexrad-level2/2023/04/18/KTLX/KTLX20230418_044309_V06,2023-04-18 04:43:09,2023-04-18 04:48:09
KTLX,s3://unidata-nexrad-level2/2023/04/18/KTLX/KTLX20230418_045009_V06,2023-04-18 04:50:09,2023-04-18 04:55:09
KTLX,s3://unidata-nexrad-level2/2023/04/18/KTLX/KTLX20230418_045711_V06,2023-04-18 04:57:11,2023-04-18 05:02:11
KTLX,s3://unidata-nexrad-level2/2023/04/18/KTLX/KTLX20230418_050413_V06,2023-04-18 05:04:13,2023-04-18 05:09:13
KTLX,s3://unidata-nexrad-level2/2023/04/18/KTLX/KTLX20230418_051114_V06,2023-04-18 05:11:14,2023-04-18 05:16:14
KTLX,s3://unidata-nexrad-level2/2023/04/18/KTLX/KTLX20230418_051815_V06,2023-04-18 05:18:15,2023-04-18 05:23:15
KTLX,s3://unidata-nexrad-level2/2023/04/18/KTLX/KTLX20230418_052516_V06,2023-04-18 05:25:16,2023-04-18 05:30:16
KTLX,s3://unidata-nexrad-level2/2023/04/18/KTLX/KTLX20230418_053217_V06,2023-04-18 05:32:17,2023-04-18 05:37:17
KTLX,s3://unidata-nexrad-level2/2023/04/18/KTLX/KTLX20230418_053919_V06,2023-04-18 05:39:19,2023-04-18 05:44:19
KTLX,s3://unidata-nexrad-level2/2023/04/18/KTLX/KTLX20230418_054620_V06,2023-04-18 05:46:20,2023-04-18 05:51:20
KTLX,s3://unidata-nexrad-level2/2023/04/18/KTLX/KTLX20230418_055321_V06,2023-04-18 05:53:21,2023-04-18 05:58:21
KTLX,s3://unidata-nexrad-level2/2023/04/18/KTLX/KTLX20230418_060024_V06,2023-04-18 06:00:24,2023-04-18 06:05:24
KTLX,s3://unidata-nexrad-level2/2023/04/18/KTLX/KTLX20230418_060726_V06,2023-04-18 06:07:26,2023-04-18 06:12:26
KTLX,s3://unidata-nexrad-level2/2023/04/18/KTLX/KTLX20230418_061428_V06,2023-04-18 06:14:28,2023-04-18 06:19:28
KTLX,s3://unidata-nexrad-level2/2023/04/18/KTLX/KTLX20230418_062130_V06,2023-04-18 06:21:30,2023-04-18 06:26:30
KTLX,s3://unidata-nexrad-level2/2023/04/18/KTLX/KTLX20230418_062830_V06,2023-04-18 06:28:30,2023-04-18 06:33:30
KTLX,s3://unidata-nexrad-level2/2023/04/18/KTLX/KTLX20230418_063530_V06,2023-04-18 06:35:30,2023-04-18 06:38:53
KTLX,s3://unidata-nexrad-level2/2023/04/18/KTLX/KTLX20230418_063853_V06,2023-04-18 06:38:53,2023-04-18 06:42:21
KTLX,s3://unidata-nexrad-level2/2023/04/18/KTLX/KTLX20230418_064221_V06,2023-04-18 06:42:21,2023-04-18 06:45:49
KTLX,s3://unidata-nexrad-level2/2023/04/18/KTLX/KTLX20230418_064549_V06,2023-04-18 06:45:49,2023-04-18 06:49:17
KTLX,s3://unidata-nexrad-level2/2023/04/18/KTLX/KTLX20230418_064917_V06,2023-04-18 06:49:17,2023-04-18 06:52:45
KTLX,s3://unidata-nexrad-level2/2023/04/18/KTLX/KTLX20230418_065245_V06,2023-04-18 06:52:45,2023-04-18 06:56:13
KTLX,s3://unidata-nexrad-level2/2023/04/18/KTLX/KTLX20230418_065613_V06,2023-04-18 06:56:13,2023-04-18 06:59:42
KTLX,s3://unidata-nexrad-level2/2023/04/18/KTLX/KTLX20230418_065942_V06,2023-04-18 06:59:42,2023-04-18 07:03:09
KTLX,s3://unidata-nexrad-level2/2023/04/18/KTLX/KTLX20230418_070309_V06,2023-04-18 07:03:09,2023-04-18 07:06:38
KTLX,s3://unidata-nexrad-level2/2023/04/18/KTLX/KTLX20230418_070638_V06,2023-04-18 07:06:38,2023-04-18 07:10:06
KTLX,s3://unidata-nexrad-level2/2023/04/18/KTLX/KTLX20230418_071006_V06,2023-04-18 07:10:06,2023-04-18 07:13:34
KTLX,s3://unidata-nexrad-level2/2023/04/18/KTLX/KTLX20230418_071334_V06,2023-04-18 07:13:34,2023-04-18 07:17:03
KTLX,s3://unidata-nexrad-level2/2023/04/18/KTLX/KTLX20230418_071703_V06,2023-04-18 07:17:03,2023-04-18 07:20:31
KTLX,s3://unidata-nexrad-level2/2023/04/18/KTLX/KTLX20230418_072031_V06,2023-04-18 07:20:31,2023-04-18 07:24:00
KTLX,s3://unidata-nexrad-level2/2023/04/18/KTLX/KTLX20230418_072400_V06,2023-04-18 07:24:00,2023-04-18 07:27:28
KTLX,s3://unidata-nexrad-level2/2023/04/18/KTLX/KTLX20230418_072728_V06,2023-04-18 07:27:28,2023-04-18 07:30:57
KTLX,s3://unidata-nexrad-level2/2023/04/18/KTLX/KTLX20230418_073057_V06,2023-04-18 07:30:57,2023-04-18 07:34:25
KTLX,s3://unidata-nexrad-level2/2023/04/18/KTLX/KTLX20230418_073425_V06,2023-04-18 07:34:25,2023-04-18 07:37:53
KTLX,s3://unidata-nexrad-level2/2023/04/18/KTLX/KTLX20230418_073753_V06,2023-04-18 07:37:53,2023-04-18 07:41:22
KTLX,s3://unidata-nexrad-level2/2023/04/18/KTLX/KTLX20230418_074122_V06,2023-04-18 07:41:22,2023-04-18 07:44:51
KTLX,s3://unidata-nexrad-level2/2023/04/18/KTLX/KTLX20230418_074451_V06,2023-04-18 07:44:51,2023-04-18 07:48:19
KTLX,s3://unidata-nexrad-level2/2023/04/18/KTLX/KTLX20230418_074819_V06,2023-04-18 07:48:19,2023-04-18 07:51:48
KTLX,s3://unidata-nexrad-level2/2023/04/18/KTLX/KTLX20230418_075148_V06,2023-04-18 07:51:48,2023-04-18 07:56:48
KTLX,s3://unidata-nexrad-level2/2023/04/18/KTLX/KTLX20230418_075842_V06,2023-04-18 07:58:42,2023-04-18 08:03:42
KTLX,s3://unidata-nexrad-level2/2023/04/18/KTLX/KTLX20230418_080536_V06,2023-04-18 08:05:36,2023-04-18 08:10:36
KTLX,s3://unidata-nexrad-level2/2023/04/18/KTLX/KTLX20230418_081232_V06,2023-04-18 08:12:32,2023-04-18 08:17:32
KTLX,s3://unidata-nexrad-level2/2023/04/18/KTLX/KTLX20230418_081927_V06,2023-04-18 08:19:27,2023-04-18 08:22:50
KTLX,s3://unidata-nexrad-level2/2023/04/18/KTLX/KTLX20230418_082250_V06,2023-04-18 08:22:50,2023-04-18 08:26:17
KTLX,s3://unidata-nexrad-level2/2023/04/18/KTLX/KTLX20230418_082617_V06,2023-04-18 08:26:17,2023-04-18 08:29:46
KTLX,s3://unidata-nexrad-level2/2023/04/18/KTLX/KTLX20230418_082946_V06,2023-04-18 08:29:46,2023-04-18 08:33:15
KTLX,s3://unidata-nexrad-level2/2023/04/18/KTLX/KTLX20230418_083315_V06,2023-04-18 08:33:15,2023-04-18 08:36:43
KTLX,s3://unidata-nexrad-level2/2023/04/18/KTLX/KTLX20230418_083643_V06,2023-04-18 08:36:43,2023-04-18 08:40:11
KTLX,s3://unidata-nexrad-level2/2023/04/18/KTLX/KTLX20230418_084011_V06,2023-04-18 08:40:11,2023-04-18 08:43:39
KTLX,s3://unidata-nexrad-level2/2023/04/18/KTLX/KTLX20230418_084339_V06,2023-04-18 08:43:39,2023-04-18 08:47:07
KTLX,s3://unidata-nexrad-level2/2023/04/18/KTLX/KTLX20230418_084707_V06,2023-04-18 08:47:07,2023-04-18 08:50:35
KTLX,s3://unidata-nexrad-level2/2023/04/18/KTLX/KTLX20230418_085035_V06,2023-04-18 08:50:35,2023-04-18 08:54:10
KTLX,s3://unidata-nexrad-level2/2023/04/18/KTLX/KTLX20230418_085410_V06,2023-04-18 08:54:10,2023-04-18 08:57:46
KTLX,s3://unidata-nexrad-level2/2023/04/18/KTLX/KTLX20230418_085746_V06,2023-04-18 08:57:46,2023-04-18 09:01:20
KTLX,s3://unidata-nexrad-level2/2023/04/18/KTLX/KTLX20230418_090120_V06,2023-04-18 09:01:20,2023-04-18 09:04:55
KTLX,s3://unidata-nexrad-level2/2023/04/18/KTLX/KTLX20230418_090455_V06,2023-04-18 09:04:55,2023-04-18 09:08:30
KTLX,s3://unidata-nexrad-level2/2023/04/18/KTLX/KTLX20230418_090830_V06,2023-04-18 09:08:30,2023-04-18 09:12:07
KTLX,s3://unidata-nexrad-level2/2023/04/18/KTLX/KTLX20230418_091207_V06,2023-04-18 09:12:07,2023-04-18 09:17:07
KTLX,s3://unidata-nexrad-level2/2023/04/18/KTLX/KTLX20230418_091901_V06,2023-04-18 09:19:01,2023-04-18 09:24:01
KTLX,s3://unidata-nexrad-level2/2023/04/18/KTLX/KTLX20230418_092555_V06,2023-04-18 09:25:55,2023-04-18 09:30:55
KTLX,s3://unidata-nexrad-level2/2023/04/18/KTLX/KTLX20230418_093250_V06,2023-04-18 09:32:50,2023-04-18 09:37:50
KTLX,s3://unidata-nexrad-level2/2023/04/18/KTLX/KTLX20230418_093944_V06,2023-04-18 09:39:44,2023-04-18 09:44:44
KTLX,s3://unidata-nexrad-level2/2023/04/18/KTLX/KTLX20230418_094635_V06,2023-04-18 09:46:35,2023-04-18 09:51:35
KTLX,s3://unidata-nexrad-level2/2023/04/18/KTLX/KTLX20230418_095324_V06,2023-04-18 09:53:24,2023-04-18 09:58:24
KTLX,s3://unidata-nexrad-level2/2023/04/18/KTLX/KTLX20230418_100014_V06,2023-04-18 10:00:14,2023-04-18 10:05:14
KTLX,s3://unidata-nexrad-level2/2023/04/18/KTLX/KTLX20230418_100700_V06,2023-04-18 10:07:00,2023-04-18 10:12:00
KTLX,s3://unidata-nexrad-level2/2023/04/18/KTLX/KTLX20230418_101350_V06,2023-04-18 10:13:50,2023-04-18 10:18:50
KTLX,s3://unidata-nexrad-level2/2023/04/18/KTLX/KTLX20230418_102035_V06,2023-04-18 10:20:35,2023-04-18 10:25:35
KTLX,s3://unidata-nexrad-level2/2023/04/18/KTLX/KTLX20230418_102721_V06,2023-04-18 10:27:21,2023-04-18 10:32:21
KTLX,s3://unidata-nexrad-level2/2023/04/18/KTLX/KTLX20230418_103518_V06,2023-04-18 10:35:18,2023-04-18 10:40:18
KTLX,s3://unidata-nexrad-level2/2023/04/18/KTLX/KTLX20230418_104205_V06,2023-04-18 10:42:05,2023-04-18 10:47:05
KTLX,s3://unidata-nexrad-level2/2023/04/18/KTLX/KTLX20230418_104850_V06,2023-04-18 10:48:50,2023-04-18 10:53:50
KTLX,s3://unidata-nexrad-level2/2023/04/18/KTLX/KTLX20230418_105536_V06,2023-04-18 10:55:36,2023-04-18 11:00:36
KTLX,s3://unidata-nexrad-level2/2023/04/18/KTLX/KTLX20230418_110222_V06,2023-04-18 11:02:22,2023-04-18 11:07:22
KTLX,s3://unidata-nexrad-level2/2023/04/18/KTLX/KTLX20230418_110909_V06,2023-04-18 11:09:09,2023-04-18 11:14:09
KTLX,s3://unidata-nexrad-level2/2023/04/18/KTLX/KTLX20230418_111555_V06,2023-04-18 11:15:55,2023-04-18 11:20:55
KTLX,s3://unidata-nexrad-level2/2023/04/18/KTLX/KTLX20230418_112241_V06,2023-04-18 11:22:41,2023-04-18 11:27:41
KTLX,s3://unidata-nexrad-level2/2023/04/18/KTLX/KTLX20230418_112927_V06,2023-04-18 11:29:27,2023-04-18 11:34:27
KTLX,s3://unidata-nexrad-level2/2023/04/18/KTLX/KTLX20230418_113613_V06,2023-04-18 11:36:13,2023-04-18 11:41:13
KTLX,s3://unidata-nexrad-level2/2023/04/18/KTLX/KTLX20230418_114303_V06,2023-04-18 11:43:03,2023-04-18 11:48:03
KTLX,s3://unidata-nexrad-level2/2023/04/18/KTLX/KTLX20230418_114948_V06,2023-04-18 11:49:48,2023-04-18 11:54:48
KTLX,s3://unidata-nexrad-level2/2023/04/18/KTLX/KTLX20230418_115634_V06,2023-04-18 11:56:34,2023-04-18 12:01:34
KTLX,s3://unidata-nexrad-level2/2023/04/18/KTLX/KTLX20230418_120316_V06,2023-04-18 12:03:16,2023-04-18 12:08:16
KTLX,s3://unidata-nexrad-level2/2023/04/18/KTLX/KTLX20230418_120958_V06,2023-04-18 12:09:58,2023-04-18 12:14:58
KTLX,s3://unidata-nexrad-level2/2023/04/18/KTLX/KTLX20230418_121643_V06,2023-04-18 12:16:43,2023-04-18 12:21:43
KTLX,s3://unidata-nexrad-level2/2023/04/18/KTLX/KTLX20230418_122329_V06,2023-04-18 12:23:29,2023-04-18 12:28:29
KTLX,s3://unidata-nexrad-level2/2023/04/18/KTLX/KTLX20230418_123015_V06,2023-04-18 12:30:15,2023-04-18 12:35:15
KTLX,s3://unidata-nexrad-level2/2023/04/18/KTLX/KTLX20230418_123701_V06,2023-04-18 12:37:01,2023-04-18 12:42:01
KTLX,s3://unidata-nexrad-level2/2023/04/18/KTLX/KTLX20230418_124343_V06,2023-04-18 12:43:43,2023-04-18 12:48:43
KTLX,s3://unidata-nexrad-level2/2023/04/18/KTLX/KTLX20230418_125024_V06,2023-04-18 12:50:24,2023-04-18 12:55:24
KTLX,s3://unidata-nexrad-level2/2023/04/18/KTLX/KTLX20230418_125710_V06,2023-04-18 12:57:10,2023-04-18 13:02:10
KTLX,s3://unidata-nexrad-level2/2023/04/18/KTLX/KTLX20230418_130352_V06,2023-04-18 13:03:52,2023-04-18 13:08:52
KTLX,s3://unidata-nexrad-level2/2023/04/18/KTLX/KTLX20230418_131038_V06,2023-04-18 13:10:38,2023-04-18 13:15:38
KTLX,s3://unidata-nexrad-level2/2023/04/18/KTLX/KTLX20230418_131723_V06,2023-04-18 13:17:23,2023-04-18 13:22:23
KTLX,s3://unidata-nexrad-level2/2023/04/18/KTLX/KTLX20230418_132409_V06,2023-04-18 13:24:09,2023-04-18 13:29:09
KTLX,s3://unidata-nexrad-level2/2023/04/18/KTLX/KTLX20230418_133055_V06,2023-04-18 13:30:55,2023-04-18 13:35:55
KTLX,s3://unidata-nexrad-level2/2023/04/18/KTLX/KTLX20230418_133741_V06,2023-04-18 13:37:41,2023-04-18 13:42:41
KTLX,s3://unidata-nexrad-level2/2023/04/18/KTLX/KTLX20230418_134427_V06,2023-04-18 13:44:27,2023-04-18 13:49:27
KTLX,s3://unidata-nexrad-level2/2023/04/18/KTLX/KTLX20230418_135112_V06,2023-04-18 13:51:12,2023-04-18 13:56:12
KTLX,s3://unidata-nexrad-level2/2023/04/18/KTLX/KTLX20230418_135758_V06,2023-04-18 13:57:58,2023-04-18 14:02:58
KTLX,s3://unidata-nexrad-level2/2023/04/18/KTLX/KTLX20230418_140445_V06,2023-04-18 14:04:45,2023-04-18 14:09:45
KTLX,s3://unidata-nexrad-level2/2023/04/18/KTLX/KTLX20230418_141132_V06,2023-04-18 14:11:32,2023-04-18 14:16:32
KTLX,s3://unidata-nexrad-level2/2023/04/18/KTLX/KTLX20230418_141813_V06,2023-04-18 14:18:13,2023-04-18 14:23:13
KTLX,s3://unidata-nexrad-level2/2023/04/18/KTLX/KTLX20230418_142456_V06,2023-04-18 14:24:56,2023-04-18 14:28:29
KTLX,s3://unidata-nexrad-level2/2023/04/18/KTLX/KTLX20230418_142829_V06,2023-04-18 14:28:29,2023-04-18 14:32:56
KTLX,s3://unidata-nexrad-level2/2023/04/18/KTLX/KTLX20230418_143256_V06,2023-04-18 14:32:56,2023-04-18 14:37:23
KTLX,s3://unidata-nexrad-level2/2023/04/18/KTLX/KTLX20230418_143723_V06,2023-04-18 14:37:23,2023-04-18 14:41:50
KTLX,s3://unidata-nexrad-level2/2023/04/18/KTLX/KTLX20230418_144150_V06,2023-04-18 14:41:50,2023-04-18 14:46:17
KTLX,s3://unidata-nexrad-level2/2023/04/18/KTLX/KTLX20230418_144617_V06,2023-04-18 14:46:17,2023-04-18 14:50:44
KTLX,s3://unidata-nexrad-level2/2023/04/18/KTLX/KTLX20230418_145044_V06,2023-04-18 14:50:44,2023-04-18 14:55:11
KTLX,s3://unidata-nexrad-level2/2023/04/18/KTLX/KTLX20230418_145511_V06,2023-04-18 14:55:11,2023-04-18 14:59:38
KTLX,s3://unidata-nexrad-level2/2023/04/18/KTLX/KTLX20230418_145938_V06,2023-04-18 14:59:38,2023-04-18 15:04:04
KTLX,s3://unidata-nexrad-level2/2023/04/18/KTLX/KTLX20230418_150404_V06,2023-04-18 15:04:04,2023-04-18 15:08:31
KTLX,s3://unidata-nexrad-level2/2023/04/18/KTLX/KTLX20230418_150831_V06,2023-04-18 15:08:31,2023-04-18 15:12:59
KTLX,s3://unidata-nexrad-level2/2023/04/18/KTLX/KTLX20230418_151259_V06,2023-04-18 15:12:59,2023-04-18 15:17:27
KTLX,s3://unidata-nexrad-level2/2023/04/18/KTLX/KTLX20230418_151727_V06,2023-04-18 15:17:27,2023-04-18 15:21:55
KTLX,s3://unidata-nexrad-level2/2023/04/18/KTLX/KTLX20230418_152155_V06,2023-04-18 15:21:55,2023-04-18 15:26:22
KTLX,s3://unidata-nexrad-level2/2023/04/18/KTLX/KTLX20230418_152622_V06,2023-04-18 15:26:22,2023-04-18 15:30:50
KTLX,s3://unidata-nexrad-level2/2023/04/18/KTLX/KTLX20230418_153050_V06,2023-04-18 15:30:50,2023-04-18 15:35:16
KTLX,s3://unidata-nexrad-level2/2023/04/18/KTLX/KTLX20230418_153516_V06,2023-04-18 15:35:16,2023-04-18 15:39:43
KTLX,s3://unidata-nexrad-level2/2023/04/18/KTLX/KTLX20230418_153943_V06,2023-04-18 15:39:43,2023-04-18 15:44:10
KTLX,s3://unidata-nexrad-level2/2023/04/18/KTLX/KTLX20230418_154410_V06,2023-04-18 15:44:10,2023-04-18 15:48:37
KTLX,s3://unidata-nexrad-level2/2023/04/18/KTLX/KTLX20230418_154837_V06,2023-04-18 15:48:37,2023-04-18 15:53:04
KTLX,s3://unidata-nexrad-level2/2023/04/18/KTLX/KTLX20230418_155304_V06,2023-04-18 15:53:04,2023-04-18 15:57:32
KTLX,s3://unidata-nexrad-level2/2023/04/18/KTLX/KTLX20230418_155732_V06,2023-04-18 15:57:32,2023-04-18 16:01:58
KTLX,s3://unidata-nexrad-level2/2023/04/18/KTLX/KTLX20230418_160158_V06,2023-04-18 16:01:58,2023-04-18 16:06:25
KTLX,s3://unidata-nexrad-level2/2023/04/18/KTLX/KTLX20230418_160625_V06,2023-04-18 16:06:25,2023-04-18 16:10:52
KTLX,s3://unidata-nexrad-level2/2023/04/18/KTLX/KTLX20230418_161052_V06,2023-04-18 16:10:52,2023-04-18 16:15:19
KTLX,s3://unidata-nexrad-level2/2023/04/18/KTLX/KTLX20230418_161519_V06,2023-04-18 16:15:19,2023-04-18 16:19:46
KTLX,s3://unidata-nexrad-level2/2023/04/18/KTLX/KTLX20230418_161946_V06,2023-04-18 16:19:46,2023-04-18 16:24:13
KTLX,s3://unidata-nexrad-level2/2023/04/18/KTLX/KTLX20230418_162413_V06,2023-04-18 16:24:13,2023-04-18 16:28:39
KTLX,s3://unidata-nexrad-level2/2023/04/18/KTLX/KTLX20230418_162839_V06,2023-04-18 16:28:39,2023-04-18 16:33:06
KTLX,s3://unidata-nexrad-level2/2023/04/18/KTLX/KTLX20230418_163306_V06,2023-04-18 16:33:06,2023-04-18 16:37:34
KTLX,s3://unidata-nexrad-level2/2023/04/18/KTLX/KTLX20230418_163734_V06,2023-04-18 16:37:34,2023-04-18 16:42:01
KTLX,s3://unidata-nexrad-level2/2023/04/18/KTLX/KTLX20230418_164201_V06,2023-04-18 16:42:01,2023-04-18 16:46:29
KTLX,s3://unidata-nexrad-level2/2023/04/18/KTLX/KTLX20230418_164629_V06,2023-04-18 16:46:29,2023-04-18 16:50:56
KTLX,s3://unidata-nexrad-level2/2023/04/18/KTLX/KTLX20230418_165056_V06,2023-04-18 16:50:56,2023-04-18 16:55:22
KTLX,s3://unidata-nexrad-level2/2023/04/18/KTLX/KTLX20230418_165522_V06,2023-04-18 16:55:22,2023-04-18 16:59:48
KTLX,s3://unidata-nexrad-level2/2023/04/18/KTLX/KTLX20230418_165948_V06,2023-04-18 16:59:48,2023-04-18 17:04:15
KTLX,s3://unidata-nexrad-level2/2023/04/18/KTLX/KTLX20230418_170415_V06,2023-04-18 17:04:15,2023-04-18 17:08:42
KTLX,s3://unidata-nexrad-level2/2023/04/18/KTLX/KTLX20230418_170842_V06,2023-04-18 17:08:42,2023-04-18 17:13:09
KTLX,s3://unidata-nexrad-level2/2023/04/18/KTLX/KTLX20230418_171309_V06,2023-04-18 17:13:09,2023-04-18 17:17:35
KTLX,s3://unidata-nexrad-level2/2023/04/18/KTLX/KTLX20230418_171735_V06,2023-04-18 17:17:35,2023-04-18 17:22:04
KTLX,s3://unidata-nexrad-level2/2023/04/18/KTLX/KTLX20230418_172204_V06,2023-04-18 17:22:04,2023-04-18 17:26:30
KTLX,s3://unidata-nexrad-level2/2023/04/18/KTLX/KTLX20230418_172630_V06,2023-04-18 17:26:30,2023-04-18 17:30:58
KTLX,s3://unidata-nexrad-level2/2023/04/18/KTLX/KTLX20230418_173058_V06,2023-04-18 17:30:58,2023-04-18 17:35:24
KTLX,s3://unidata-nexrad-level2/2023/04/18/KTLX/KTLX20230418_173524_V06,2023-04-18 17:35:24,2023-04-18 17:39:51
KTLX,s3://unidata-nexrad-level2/2023/04/18/KTLX/KTLX20230418_173951_V06,2023-04-18 17:39:51,2023-04-18 17:44:17
KTLX,s3://unidata-nexrad-level2/2023/04/18/KTLX/KTLX20230418_174417_V06,2023-04-18 17:44:17,2023-04-18 17:48:44
KTLX,s3://unidata-nexrad-level2/2023/04/18/KTLX/KTLX20230418_174844_V06,2023-04-18 17:48:44,2023-04-18 17:53:11
KTLX,s3://unidata-nexrad-level2/2023/04/18/KTLX/KTLX20230418_175311_V06,2023-04-18 17:53:11,2023-04-18 17:57:38
KTLX,s3://unidata-nexrad-level2/2023/04/18/KTLX/KTLX20230418_175738_V06,2023-04-18 17:57:38,2023-04-18 18:02:05
KTLX,s3://unidata-nexrad-level2/2023/04/18/KTLX/KTLX20230418_180205_V06,2023-04-18 18:02:05,2023-04-18 18:06:32
KTLX,s3://unidata-nexrad-level2/2023/04/18/KTLX/KTLX20230418_180632_V06,2023-04-18 18:06:32,2023-04-18 18:10:59
KTLX,s3://unidata-nexrad-level2/2023/04/18/KTLX/KTLX20230418_181059_V06,2023-04-18 18:10:59,2023-04-18 18:15:27
KTLX,s3://unidata-nexrad-level2/2023/04/18/KTLX/KTLX20230418_181527_V06,2023-04-18 18:15:27,2023-04-18 18:19:55
KTLX,s3://unidata-nexrad-level2/2023/04/18/KTLX/KTLX20230418_181955_V06,2023-04-18 18:19:55,2023-04-18 18:24:23
KTLX,s3://unidata-nexrad-level2/2023/04/18/KTLX/KTLX20230418_182423_V06,2023-04-18 18:24:23,2023-04-18 18:28:50
KTLX,s3://unidata-nexrad-level2/2023/04/18/KTLX/KTLX20230418_182850_V06,2023-04-18 18:28:50,2023-04-18 18:33:16
KTLX,s3://unidata-nexrad-level2/2023/04/18/KTLX/KTLX20230418_183316_V06,2023-04-18 18:33:16,2023-04-18 18:38:16
KTLX,s3://unidata-nexrad-level2/2023/04/18/KTLX/KTLX20230418_183853_V06,2023-04-18 18:38:53,2023-04-18 18:43:21
KTLX,s3://unidata-nexrad-level2/2023/04/18/KTLX/KTLX20230418_184321_V06,2023-04-18 18:43:21,2023-04-18 18:47:48
KTLX,s3://unidata-nexrad-level2/2023/04/18/KTLX/KTLX20230418_184748_V06,2023-04-18 18:47:48,2023-04-18 18:52:15
KTLX,s3://unidata-nexrad-level2/2023/04/18/KTLX/KTLX20230418_185215_V06,2023-04-18 18:52:15,2023-04-18 18:56:42
KTLX,s3://unidata-nexrad-level2/2023/04/18/KTLX/KTLX20230418_185642_V06,2023-04-18 18:56:42,2023-04-18 19:01:08
KTLX,s3://unidata-nexrad-level2/2023/04/18/KTLX/KTLX20230418_190108_V06,2023-04-18 19:01:08,2023-04-18 19:05:36
KTLX,s3://unidata-nexrad-level2/2023/04/18/KTLX/KTLX20230418_190536_V06,2023-04-18 19:05:36,2023-04-18 19:10:03
KTLX,s3://unidata-nexrad-level2/2023/04/18/KTLX/KTLX20230418_191003_V06,2023-04-18 19:10:03,2023-04-18 19:14:30
KTLX,s3://unidata-nexrad-level2/2023/04/18/KTLX/KTLX20230418_191430_V06,2023-04-18 19:14:30,2023-04-18 19:18:57
KTLX,s3://unidata-nexrad-level2/2023/04/18/KTLX/KTLX20230418_191857_V06,2023-04-18 19:18:57,2023-04-18 19:23:25
KTLX,s3://unidata-nexrad-level2/2023/04/18/KTLX/KTLX20230418_192325_V06,2023-04-18 19:23:25,2023-04-18 19:27:53
KTLX,s3://unidata-nexrad-level2/2023/04/18/KTLX/KTLX20230418_192753_V06,2023-04-18 19:27:53,2023-04-18 19:32:20
KTLX,s3://unidata-nexrad-level2/2023/04/18/KTLX/KTLX20230418_193220_V06,2023-04-18 19:32:20,2023-04-18 19:36:47
KTLX,s3://unidata-nexrad-level2/2023/04/18/KTLX/KTLX20230418_193647_V06,2023-04-18 19:36:47,2023-04-18 19:41:15
KTLX,s3://unidata-nexrad-level2/2023/04/18/KTLX/KTLX20230418_194115_V06,2023-04-18 19:41:15,2023-04-18 19:45:43
KTLX,s3://unidata-nexrad-level2/2023/04/18/KTLX/KTLX20230418_194543_V06,2023-04-18 19:45:43,2023-04-18 19:50:10
KTLX,s3://unidata-nexrad-level2/2023/04/18/KTLX/KTLX20230418_195010_V06,2023-04-18 19:50:10,2023-04-18 19:54:43
KTLX,s3://unidata-nexrad-level2/2023/04/18/KTLX/KTLX20230418_195443_V06,2023-04-18 19:54:43,2023-04-18 19:59:12
KTLX,s3://unidata-nexrad-level2/2023/04/18/KTLX/KTLX20230418_195912_V06,2023-04-18 19:59:12,2023-04-18 20:04:12
KTLX,s3://unidata-nexrad-level2/2023/04/18/KTLX/KTLX20230418_200606_V06,2023-04-18 20:06:06,2023-04-18 20:11:06
KTLX,s3://unidata-nexrad-level2/2023/04/18/KTLX/KTLX20230418_201307_V06,2023-04-18 20:13:07,2023-04-18 20:18:07
KTLX,s3://unidata-nexrad-level2/2023/04/18/KTLX/KTLX20230418_202008_V06,2023-04-18 20:20:08,2023-04-18 20:25:08
KTLX,s3://unidata-nexrad-level2/2023/04/18/KTLX/KTLX20230418_202703_V06,2023-04-18 20:27:03,2023-04-18 20:32:03
KTLX,s3://unidata-nexrad-level2/2023/04/18/KTLX/KTLX20230418_203358_V06,2023-04-18 20:33:58,2023-04-18 20:38:58
KTLX,s3://unidata-nexrad-level2/2023/04/18/KTLX/KTLX20230418_204100_V06,2023-04-18 20:41:00,2023-04-18 20:46:00
KTLX,s3://unidata-nexrad-level2/2023/04/18/KTLX/KTLX20230418_204800_V06,2023-04-18 20:48:00,2023-04-18 20:53:00
KTLX,s3://unidata-nexrad-level2/2023/04/18/KTLX/KTLX20230418_205502_V06,2023-04-18 20:55:02,2023-04-18 21:00:02
KTLX,s3://unidata-nexrad-level2/2023/04/18/KTLX/KTLX20230418_210158_V06,2023-04-18 21:01:58,2023-04-18 21:06:58
KTLX,s3://unidata-nexrad-level2/2023/04/18/KTLX/KTLX20230418_210853_V06,2023-04-18 21:08:53,2023-04-18 21:13:53
KTLX,s3://unidata-nexrad-level2/2023/04/18/KTLX/KTLX20230418_211555_V06,2023-04-18 21:15:55,2023-04-18 21:20:55
KTLX,s3://unidata-nexrad-level2/2023/04/18/KTLX/KTLX20230418_212255_V06,2023-04-18 21:22:55,2023-04-18 21:27:55
KTLX,s3://unidata-nexrad-level2/2023/04/18/KTLX/KTLX20230418_212956_V06,2023-04-18 21:29:56,2023-04-18 21:34:56
KTLX,s3://unidata-nexrad-level2/2023/04/18/KTLX/KTLX20230418_213651_V06,2023-04-18 21:36:51,2023-04-18 21:41:51
KTLX,s3://unidata-nexrad-level2/2023/04/18/KTLX/KTLX20230418_214336_V06,2023-04-18 21:43:36,2023-04-18 21:48:36
KTLX,s3://unidata-nexrad-level2/2023/04/18/KTLX/KTLX20230418_215022_V06,2023-04-18 21:50:22,2023-04-18 21:55:22
KTLX,s3://unidata-nexrad-level2/2023/04/18/KTLX/KTLX20230418_215708_V06,2023-04-18 21:57:08,2023-04-18 22:02:08
KTLX,s3://unidata-nexrad-level2/2023/04/18/KTLX/KTLX20230418_220355_V06,2023-04-18 22:03:55,2023-04-18 22:08:55
KTLX,s3://unidata-nexrad-level2/2023/04/18/KTLX/KTLX20230418_221057_V06,2023-04-18 22:10:57,2023-04-18 22:15:57
KTLX,s3://unidata-nexrad-level2/2023/04/18/KTLX/KTLX20230418_221751_V06,2023-04-18 22:17:51,2023-04-18 22:22:51
KTLX,s3://unidata-nexrad-level2/2023/04/18/KTLX/KTLX20230418_222453_V06,2023-04-18 22:24:53,2023-04-18 22:29:53
KTLX,s3://unidata-nexrad-level2/2023/04/18/KTLX/KTLX20230418_223139_V06,2023-04-18 22:31:39,2023-04-18 22:36:39
KTLX,s3://unidata-nexrad-level2/2023/04/18/KTLX/KTLX20230418_223841_V06,2023-04-18 22:38:41,2023-04-18 22:43:41
KTLX,s3://unidata-nexrad-level2/2023/04/18/KTLX/KTLX20230418_224531_V06,2023-04-18 22:45:31,2023-04-18 22:50:31
KTLX,s3://unidata-nexrad-level2/2023/04/18/KTLX/KTLX20230418_225219_V06,2023-04-18 22:52:19,2023-04-18 22:57:19
KTLX,s3://unidata-nexrad-level2/2023/04/18/KTLX/KTLX20230418_225909_V06,2023-04-18 22:59:09,2023-04-18 23:04:09
KTLX,s3://unidata-nexrad-level2/2023/04/18/KTLX/KTLX20230418_230610_V06,2023-04-18 23:06:10,2023-04-18 23:11:10
KTLX,s3://unidata-nexrad-level2/2023/04/18/KTLX/KTLX20230418_231300_V06,2023-04-18 23:13:00,2023-04-18 23:18:00
KTLX,s3://unidata-nexrad-level2/2023/04/18/KTLX/KTLX20230418_231950_V06,2023-04-18 23:19:50,2023-04-18 23:24:50
KTLX,s3://unidata-nexrad-level2/2023/04/18/KTLX/KTLX20230418_232653_V06,2023-04-18 23:26:53,2023-04-18 23:31:53
KTLX,s3://unidata-nexrad-level2/2023/04/18/KTLX/KTLX20230418_233336_V06,2023-04-18 23:33:36,2023-04-18 23:38:36
KTLX,s3://unidata-nexrad-level2/2023/04/18/KTLX/KTLX20230418_234032_V06,2023-04-18 23:40:32,2023-04-18 23:45:32
KTLX,s3://unidata-nexrad-level2/2023/04/18/KTLX/KTLX20230418_234734_V06,2023-04-18 23:47:34,2023-04-18 23:52:34
KTLX,s3://unidata-nexrad-level2/2023/04/18/KTLX/KTLX20230418_235416_V06,2023-04-18 23:54:16,2023-04-18 23:59:16
KTLX,s3://unidata-nexrad-level2/2023/04/19/KTLX/KTLX20230419_000107_V06,2023-04-19 00:01:07,2023-04-19 00:06:07
KTLX,s3://unidata-nexrad-level2/2023/04/19/KTLX/KTLX20230419_000802_V06,2023-04-19 00:08:02,2023-04-19 00:13:02
KTLX,s3://unidata-nexrad-level2/2023/04/19/KTLX/KTLX20230419_001447_V06,2023-04-19 00:14:47,2023-04-19 00:19:47
KTLX,s3://unidata-nexrad-level2/2023/04/19/KTLX/KTLX20230419_002130_V06,2023-04-19 00:21:30,2023-04-19 00:26:30
KTLX,s3://unidata-nexrad-level2/2023/04/19/KTLX/KTLX20230419_002831_V06,2023-04-19 00:28:31,2023-04-19 00:33:31
KTLX,s3://unidata-nexrad-level2/2023/04/19/KTLX/KTLX20230419_003522_V06,2023-04-19 00:35:22,2023-04-19 00:40:22
KTLX,s3://unidata-nexrad-level2/2023/04/19/KTLX/KTLX20230419_004223_V06,2023-04-19 00:42:23,2023-04-19 00:47:23
KTLX,s3://unidata-nexrad-level2/2023/04/19/KTLX/KTLX20230419_004924_V06,2023-04-19 00:49:24,2023-04-19 00:54:24
KTLX,s3://unidata-nexrad-level2/2023/04/19/KTLX/KTLX20230419_005627_V06,2023-04-19 00:56:27,2023-04-19 01:01:27
KTLX,s3://unidata-nexrad-level2/2023/04/19/KTLX/KTLX20230419_010323_V06,2023-04-19 01:03:23,2023-04-19 01:08:23
KTLX,s3://unidata-nexrad-level2/2023/04/19/KTLX/KTLX20230419_011014_V06,2023-04-19 01:10:14,2023-04-19 01:15:14
KTLX,s3://unidata-nexrad-level2/2023/04/19/KTLX/KTLX20230419_011700_V06,2023-04-19 01:17:00,2023-04-19 01:22:00
KTLX,s3://unidata-nexrad-level2/2023/04/19/KTLX/KTLX20230419_012348_V06,2023-04-19 01:23:48,2023-04-19 01:28:48
KTLX,s3://unidata-nexrad-level2/2023/04/19/KTLX/KTLX20230419_013049_V06,2023-04-19 01:30:49,2023-04-19 01:35:49
KTLX,s3://unidata-nexrad-level2/2023/04/19/KTLX/KTLX20230419_013744_V06,2023-04-19 01:37:44,2023-04-19 01:42:44
KTLX,s3://unidata-nexrad-level2/2023/04/19/KTLX/KTLX20230419_014439_V06,2023-04-19 01:44:39,2023-04-19 01:49:39
KTLX,s3://unidata-nexrad-level2/2023/04/19/KTLX/KTLX20230419_015140_V06,2023-04-19 01:51:40,2023-04-19 01:56:40
KTLX,s3://unidata-nexrad-level2/2023/04/19/KTLX/KTLX20230419_015841_V06,2023-04-19 01:58:41,2023-04-19 02:03:41
KTLX,s3://unidata-nexrad-level2/2023/04/19/KTLX/KTLX20230419_020542_V06,2023-04-19 02:05:42,2023-04-19 02:10:42
KTLX,s3://unidata-nexrad-level2/2023/04/19/KTLX/KTLX20230419_021242_V06,2023-04-19 02:12:42,2023-04-19 02:17:42
KTLX,s3://unidata-nexrad-level2/2023/04/19/KTLX/KTLX20230419_021944_V06,2023-04-19 02:19:44,2023-04-19 02:24:44
KTLX,s3://unidata-nexrad-level2/2023/04/19/KTLX/KTLX20230419_022646_V06,2023-04-19 02:26:46,2023-04-19 02:31:46
KTLX,s3://unidata-nexrad-level2/2023/04/19/KTLX/KTLX20230419_023348_V06,2023-04-19 02:33:48,2023-04-19 02:38:48
KTLX,s3://unidata-nexrad-level2/2023/04/19/KTLX/KTLX20230419_024204_V06,2023-04-19 02:42:04,2023-04-19 02:47:04
KTLX,s3://unidata-nexrad-level2/2023/04/19/KTLX/KTLX20230419_024906_V06,2023-04-19 02:49:06,2023-04-19 02:54:06
KTLX,s3://unidata-nexrad-level2/2023/04/19/KTLX/KTLX20230419_025608_V06,2023-04-19 02:56:08,2023-04-19 03:01:08
KTLX,s3://unidata-nexrad-level2/2023/04/19/KTLX/KTLX20230419_030309_V06,2023-04-19 03:03:09,2023-04-19 03:08:09
KTLX,s3://unidata-nexrad-level2/2023/04/19/KTLX/KTLX20230419_031009_V06,2023-04-19 03:10:09,2023-04-19 03:15:09
KTLX,s3://unidata-nexrad-level2/2023/04/19/KTLX/KTLX20230419_031710_V06,2023-04-19 03:17:10,2023-04-19 03:22:10
KTLX,s3://unidata-nexrad-level2/2023/04/19/KTLX/KTLX20230419_032412_V06,2023-04-19 03:24:12,2023-04-19 03:29:12
KTLX,s3://unidata-nexrad-level2/2023/04/19/KTLX/KTLX20230419_033113_V06,2023-04-19 03:31:13,2023-04-19 03:36:13
KTLX,s3://unidata-nexrad-level2/2023/04/19/KTLX/KTLX20230419_033815_V06,2023-04-19 03:38:15,2023-04-19 03:43:15
KTLX,s3://unidata-nexrad-level2/2023/04/19/KTLX/KTLX20230419_034515_V06,2023-04-19 03:45:15,2023-04-19 03:50:15
KTLX,s3://unidata-nexrad-level2/2023/04/19/KTLX/KTLX20230419_035217_V06,2023-04-19 03:52:17,2023-04-19 03:57:17
KTLX,s3://unidata-nexrad-level2/2023/04/19/KTLX/KTLX20230419_035918_V06,2023-04-19 03:59:18,2023-04-19 04:04:18
KTLX,s3://unidata-nexrad-level2/2023/04/19/KTLX/KTLX20230419_040619_V06,2023-04-19 04:06:19,2023-04-19 04:11:19
KTLX,s3://unidata-nexrad-level2/2023/04/19/KTLX/KTLX20230419_041320_V06,2023-04-19 04:13:20,2023-04-19 04:18:20
KTLX,s3://unidata-nexrad-level2/2023/04/19/KTLX/KTLX20230419_042022_V06,2023-04-19 04:20:22,2023-04-19 04:25:22
KTLX,s3://unidata-nexrad-level2/2023/04/19/KTLX/KTLX20230419_042724_V06,2023-04-19 04:27:24,2023-04-19 04:32:24
KTLX,s3://unidata-nexrad-level2/2023/04/19/KTLX/KTLX20230419_043425_V06,2023-04-19 04:34:25,2023-04-19 04:39:25
KTLX,s3://unidata-nexrad-level2/2023/04/19/KTLX/KTLX20230419_044125_V06,2023-04-19 04:41:25,2023-04-19 04:46:25
KTLX,s3://unidata-nexrad-level2/2023/04/19/KTLX/KTLX20230419_044826_V06,2023-04-19 04:48:26,2023-04-19 04:53:26
KTLX,s3://unidata-nexrad-level2/2023/04/19/KTLX/KTLX20230419_045528_V06,2023-04-19 04:55:28,2023-04-19 05:00:28
KTLX,s3://unidata-nexrad-level2/2023/04/19/KTLX/KTLX20230419_050229_V06,2023-04-19 05:02:29,2023-04-19 05:07:29
KTLX,s3://unidata-nexrad-level2/2023/04/19/KTLX/KTLX20230419_050929_V06,2023-04-19 05:09:29,2023-04-19 05:14:29
KTLX,s3://unidata-nexrad-level2/2023/04/19/KTLX/KTLX20230419_051630_V06,2023-04-19 05:16:30,2023-04-19 05:21:30
KTLX,s3://unidata-nexrad-level2/2023/04/19/KTLX/KTLX20230419_052331_V06,2023-04-19 05:23:31,2023-04-19 05:28:31
KTLX,s3://unidata-nexrad-level2/2023/04/19/KTLX/KTLX20230419_053032_V06,2023-04-19 05:30:32,2023-04-19 05:35:32
KTLX,s3://unidata-nexrad-level2/2023/04/19/KTLX/KTLX20230419_053734_V06,2023-04-19 05:37:34,2023-04-19 05:42:34
KTLX,s3://unidata-nexrad-level2/2023/04/19/KTLX/KTLX20230419_054434_V06,2023-04-19 05:44:34,2023-04-19 05:49:34
KTLX,s3://unidata-nexrad-level2/2023/04/19/KTLX/KTLX20230419_055137_V06,2023-04-19 05:51:37,2023-04-19 05:56:37
KTLX,s3://unidata-nexrad-level2/2023/04/19/KTLX/KTLX20230419_055840_V06,2023-04-19 05:58:40,2023-04-19 06:03:40
KTLX,s3://unidata-nexrad-level2/2023/04/19/KTLX/KTLX20230419_060542_V06,2023-04-19 06:05:42,2023-04-19 06:10:42
KTLX,s3://unidata-nexrad-level2/2023/04/19/KTLX/KTLX20230419_061242_V06,2023-04-19 06:12:42,2023-04-19 06:17:42
KTLX,s3://unidata-nexrad-level2/2023/04/19/KTLX/KTLX20230419_061943_V06,2023-04-19 06:19:43,2023-04-19 06:24:43
KTLX,s3://unidata-nexrad-level2/2023/04/19/KTLX/KTLX20230419_062646_V06,2023-04-19 06:26:46,2023-04-19 06:31:46
KTLX,s3://unidata-nexrad-level2/2023/04/19/KTLX/KTLX20230419_063347_V06,2023-04-19 06:33:47,2023-04-19 06:38:47
KTLX,s3://unidata-nexrad-level2/2023/04/19/KTLX/KTLX20230419_064048_V06,2023-04-19 06:40:48,2023-04-19 06:45:48
KTLX,s3://unidata-nexrad-level2/2023/04/19/KTLX/KTLX20230419_064749_V06,2023-04-19 06:47:49,2023-04-19 06:52:49
KTLX,s3://unidata-nexrad-level2/2023/04/19/KTLX/KTLX20230419_065451_V06,2023-04-19 06:54:51,2023-04-19 06:59:51
KTLX,s3://unidata-nexrad-level2/2023/04/19/KTLX/KTLX20230419_070152_V06,2023-04-19 07:01:52,2023-04-19 07:06:52
KTLX,s3://unidata-nexrad-level2/2023/04/19/KTLX/KTLX20230419_070855_V06,2023-04-19 07:08:55,2023-04-19 07:13:55
KTLX,s3://unidata-nexrad-level2/2023/04/19/KTLX/KTLX20230419_071555_V06,2023-04-19 07:15:55,2023-04-19 07:20:55
KTLX,s3://unidata-nexrad-level2/2023/04/19/KTLX/KTLX20230419_072257_V06,2023-04-19 07:22:57,2023-04-19 07:27:57
KTLX,s3://unidata-nexrad-level2/2023/04/19/KTLX/KTLX20230419_072959_V06,2023-04-19 07:29:59,2023-04-19 07:34:59
KTLX,s3://unidata-nexrad-level2/2023/04/19/KTLX/KTLX20230419_073701_V06,2023-04-19 07:37:01,2023-04-19 07:42:01
KTLX,s3://unidata-nexrad-level2/2023/04/19/KTLX/KTLX20230419_074402_V06,2023-04-19 07:44:02,2023-04-19 07:49:02
KTLX,s3://unidata-nexrad-level2/2023/04/19/KTLX/KTLX20230419_075103_V06,2023-04-19 07:51:03,2023-04-19 07:56:03
KTLX,s3://unidata-nexrad-level2/2023/04/19/KTLX/KTLX20230419_075805_V06,2023-04-19 07:58:05,2023-04-19 08:03:05
KTLX,s3://unidata-nexrad-level2/2023/04/19/KTLX/KTLX20230419_080507_V06,2023-04-19 08:05:07,2023-04-19 08:10:07
KTLX,s3://unidata-nexrad-level2/2023/04/19/KTLX/KTLX20230419_081208_V06,2023-04-19 08:12:08,2023-04-19 08:17:08
KTLX,s3://unidata-nexrad-level2/2023/04/19/KTLX/KTLX20230419_081909_V06,2023-04-19 08:19:09,2023-04-19 08:24:09
KTLX,s3://unidata-nexrad-level2/2023/04/19/KTLX/KTLX20230419_082610_V06,2023-04-19 08:26:10,2023-04-19 08:31:10
KTLX,s3://unidata-nexrad-level2/2023/04/19/KTLX/KTLX20230419_083312_V06,2023-04-19 08:33:12,2023-04-19 08:38:12
KTLX,s3://unidata-nexrad-level2/2023/04/19/KTLX/KTLX20230419_084013_V06,2023-04-19 08:40:13,2023-04-19 08:45:13
KTLX,s3://unidata-nexrad-level2/2023/04/19/KTLX/KTLX20230419_084715_V06,2023-04-19 08:47:15,2023-04-19 08:52:15
KTLX,s3://unidata-nexrad-level2/2023/04/19/KTLX/KTLX20230419_085417_V06,2023-04-19 08:54:17,2023-04-19 08:59:17
KTLX,s3://unidata-nexrad-level2/2023/04/19/KTLX/KTLX20230419_090119_V06,2023-04-19 09:01:19,2023-04-19 09:06:19
KTLX,s3://unidata-nexrad-level2/2023/04/19/KTLX/KTLX20230419_090820_V06,2023-04-19 09:08:20,2023-04-19 09:13:20
KTLX,s3://unidata-nexrad-level2/2023/04/19/KTLX/KTLX20230419_091523_V06,2023-04-19 09:15:23,2023-04-19 09:20:23
KTLX,s3://unidata-nexrad-level2/2023/04/19/KTLX/KTLX20230419_092225_V06,2023-04-19 09:22:25,2023-04-19 09:27:25
KTLX,s3://unidata-nexrad-level2/2023/04/19/KTLX/KTLX20230419_092927_V06,2023-04-19 09:29:27,2023-04-19 09:34:27
KTLX,s3://unidata-nexrad-level2/2023/04/19/KTLX/KTLX20230419_093628_V06,2023-04-19 09:36:28,2023-04-19 09:41:28
KTLX,s3://unidata-nexrad-level2/2023/04/19/KTLX/KTLX20230419_094328_V06,2023-04-19 09:43:28,2023-04-19 09:48:28
KTLX,s3://unidata-nexrad-level2/2023/04/19/KTLX/KTLX20230419_095029_V06,2023-04-19 09:50:29,2023-04-19 09:55:29
KTLX,s3://unidata-nexrad-level2/2023/04/19/KTLX/KTLX20230419_095731_V06,2023-04-19 09:57:31,2023-04-19 10:02:31
KTLX,s3://unidata-nexrad-level2/2023/04/19/KTLX/KTLX20230419_100432_V06,2023-04-19 10:04:32,2023-04-19 10:09:32
KTLX,s3://unidata-nexrad-level2/2023/04/19/KTLX/KTLX20230419_101133_V06,2023-04-19 10:11:33,2023-04-19 10:16:33
KTLX,s3://unidata-nexrad-level2/2023/04/19/KTLX/KTLX20230419_101834_V06,2023-04-19 10:18:34,2023-04-19 10:23:34
KTLX,s3://unidata-nexrad-level2/2023/04/19/KTLX/KTLX20230419_102536_V06,2023-04-19 10:25:36,2023-04-19 10:30:36
KTLX,s3://unidata-nexrad-level2/2023/04/19/KTLX/KTLX20230419_103236_V06,2023-04-19 10:32:36,2023-04-19 10:37:36
KTLX,s3://unidata-nexrad-level2/2023/04/19/KTLX/KTLX20230419_103938_V06,2023-04-19 10:39:38,2023-04-19 10:44:38
KTLX,s3://unidata-nexrad-level2/2023/04/19/KTLX/KTLX20230419_104750_V06,2023-04-19 10:47:50,2023-04-19 10:52:50
KTLX,s3://unidata-nexrad-level2/2023/04/19/KTLX/KTLX20230419_105452_V06,2023-04-19 10:54:52,2023-04-19 10:59:52
KTLX,s3://unidata-nexrad-level2/2023/04/19/KTLX/KTLX20230419_110153_V06,2023-04-19 11:01:53,2023-04-19 11:06:53
KTLX,s3://unidata-nexrad-level2/2023/04/19/KTLX/KTLX20230419_110854_V06,2023-04-19 11:08:54,2023-04-19 11:13:54
KTLX,s3://unidata-nexrad-level2/2023/04/19/KTLX/KTLX20230419_111555_V06,2023-04-19 11:15:55,2023-04-19 11:20:55
KTLX,s3://unidata-nexrad-level2/2023/04/19/KTLX/KTLX20230419_112256_V06,2023-04-19 11:22:56,2023-04-19 11:27:56
KTLX,s3://unidata-nexrad-level2/2023/04/19/KTLX/KTLX20230419_112957_V06,2023-04-19 11:29:57,2023-04-19 11:34:57
KTLX,s3://unidata-nexrad-level2/2023/04/19/KTLX/KTLX20230419_113652_V06,2023-04-19 11:36:52,2023-04-19 11:41:52
KTLX,s3://unidata-nexrad-level2/2023/04/19/KTLX/KTLX20230419_114342_V06,2023-04-19 11:43:42,2023-04-19 11:48:42
KTLX,s3://unidata-nexrad-level2/2023/04/19/KTLX/KTLX20230419_115033_V06,2023-04-19 11:50:33,2023-04-19 11:55:33
KTLX,s3://unidata-nexrad-level2/2023/04/19/KTLX/KTLX20230419_115719_V06,2023-04-19 11:57:19,2023-04-19 12:02:19
KTLX,s3://unidata-nexrad-level2/2023/04/19/KTLX/KTLX20230419_120409_V06,2023-04-19 12:04:09,2023-04-19 12:09:09
KTLX,s3://unidata-nexrad-level2/2023/04/19/KTLX/KTLX20230419_121100_V06,2023-04-19 12:11:00,2023-04-19 12:16:00
KTLX,s3://unidata-nexrad-level2/2023/04/19/KTLX/KTLX20230419_121756_V06,2023-04-19 12:17:56,2023-04-19 12:22:56
KTLX,s3://unidata-nexrad-level2/2023/04/19/KTLX/KTLX20230419_122452_V06,2023-04-19 12:24:52,2023-04-19 12:29:52
KTLX,s3://unidata-nexrad-level2/2023/04/19/KTLX/KTLX20230419_123147_V06,2023-04-19 12:31:47,2023-04-19 12:36:47
KTLX,s3://unidata-nexrad-level2/2023/04/19/KTLX/KTLX20230419_123841_V06,2023-04-19 12:38:41,2023-04-19 12:43:41
KTLX,s3://unidata-nexrad-level2/2023/04/19/KTLX/KTLX20230419_124537_V06,2023-04-19 12:45:37,2023-04-19 12:50:37
KTLX,s3://unidata-nexrad-level2/2023/04/19/KTLX/KTLX20230419_125233_V06,2023-04-19 12:52:33,2023-04-19 12:57:33
KTLX,s3://unidata-nexrad-level2/2023/04/19/KTLX/KTLX20230419_125928_V06,2023-04-19 12:59:28,2023-04-19 13:04:28
KTLX,s3://unidata-nexrad-level2/2023/04/19/KTLX/KTLX20230419_130623_V06,2023-04-19 13:06:23,2023-04-19 13:11:23
KTLX,s3://unidata-nexrad-level2/2023/04/19/KTLX/KTLX20230419_131326_V06,2023-04-19 13:13:26,2023-04-19 13:18:26
KTLX,s3://unidata-nexrad-level2/2023/04/19/KTLX/KTLX20230419_132028_V06,2023-04-19 13:20:28,2023-04-19 13:25:28
KTLX,s3://unidata-nexrad-level2/2023/04/19/KTLX/KTLX20230419_132730_V06,2023-04-19 13:27:30,2023-04-19 13:32:30
KTLX,s3://unidata-nexrad-level2/2023/04/19/KTLX/KTLX20230419_133425_V06,2023-04-19 13:34:25,2023-04-19 13:39:25
KTLX,s3://unidata-nexrad-level2/2023/04/19/KTLX/KTLX20230419_134126_V06,2023-04-19 13:41:26,2023-04-19 13:46:26
KTLX,s3://unidata-nexrad-level2/2023/04/19/KTLX/KTLX20230419_134821_V06,2023-04-19 13:48:21,2023-04-19 13:53:21
KTLX,s3://unidata-nexrad-level2/2023/04/19/KTLX/KTLX20230419_135516_V06,2023-04-19 13:55:16,2023-04-19 14:00:16
KTLX,s3://unidata-nexrad-level2/2023/04/19/KTLX/KTLX20230419_140217_V06,2023-04-19 14:02:17,2023-04-19 14:07:17
KTLX,s3://unidata-nexrad-level2/2023/04/19/KTLX/KTLX20230419_140911_V06,2023-04-19 14:09:11,2023-04-19 14:14:11
KTLX,s3://unidata-nexrad-level2/2023/04/19/KTLX/KTLX20230419_141606_V06,2023-04-19 14:16:06,2023-04-19 14:21:06
KTLX,s3://unidata-nexrad-level2/2023/04/19/KTLX/KTLX20230419_142257_V06,2023-04-19 14:22:57,2023-04-19 14:27:57
KTLX,s3://unidata-nexrad-level2/2023/04/19/KTLX/KTLX20230419_142949_V06,2023-04-19 14:29:49,2023-04-19 14:34:49
KTLX,s3://unidata-nexrad-level2/2023/04/19/KTLX/KTLX20230419_143639_V06,2023-04-19 14:36:39,2023-04-19 14:41:39
KTLX,s3://unidata-nexrad-level2/2023/04/19/KTLX/KTLX20230419_144330_V06,2023-04-19 14:43:30,2023-04-19 14:48:30
KTLX,s3://unidata-nexrad-level2/2023/04/19/KTLX/KTLX20230419_145021_V06,2023-04-19 14:50:21,2023-04-19 14:55:21
KTLX,s3://unidata-nexrad-level2/2023/04/19/KTLX/KTLX20230419_145712_V06,2023-04-19 14:57:12,2023-04-19 15:02:12
KTLX,s3://unidata-nexrad-level2/2023/04/19/KTLX/KTLX20230419_150358_V06,2023-04-19 15:03:58,2023-04-19 15:08:58
KTLX,s3://unidata-nexrad-level2/2023/04/19/KTLX/KTLX20230419_151044_V06,2023-04-19 15:10:44,2023-04-19 15:15:44
KTLX,s3://unidata-nexrad-level2/2023/04/19/KTLX/KTLX20230419_151731_V06,2023-04-19 15:17:31,2023-04-19 15:22:31
KTLX,s3://unidata-nexrad-level2/2023/04/19/KTLX/KTLX20230419_152418_V06,2023-04-19 15:24:18,2023-04-19 15:29:18
KTLX,s3://unidata-nexrad-level2/2023/04/19/KTLX/KTLX20230419_153103_V06,2023-04-19 15:31:03,2023-04-19 15:36:03
KTLX,s3://unidata-nexrad-level2/2023/04/19/KTLX/KTLX20230419_153751_V06,2023-04-19 15:37:51,2023-04-19 15:42:51
KTLX,s3://unidata-nexrad-level2/2023/04/19/KTLX/KTLX20230419_154437_V06,2023-04-19 15:44:37,2023-04-19 15:49:37
KTLX,s3://unidata-nexrad-level2/2023/04/19/KTLX/KTLX20230419_155124_V06,2023-04-19 15:51:24,2023-04-19 15:56:24
KTLX,s3://unidata-nexrad-level2/2023/04/19/KTLX/KTLX20230419_155811_V06,2023-04-19 15:58:11,2023-04-19 16:03:11
KTLX,s3://unidata-nexrad-level2/2023/04/19/KTLX/KTLX20230419_160457_V06,2023-04-19 16:04:57,2023-04-19 16:09:57
KTLX,s3://unidata-nexrad-level2/2023/04/19/KTLX/KTLX20230419_161144_V06,2023-04-19 16:11:44,2023-04-19 16:16:44
KTLX,s3://unidata-nexrad-level2/2023/04/19/KTLX/KTLX20230419_161846_V06,2023-04-19 16:18:46,2023-04-19 16:23:46
KTLX,s3://unidata-nexrad-level2/2023/04/19/KTLX/KTLX20230419_162548_V06,2023-04-19 16:25:48,2023-04-19 16:30:48
KTLX,s3://unidata-nexrad-level2/2023/04/19/KTLX/KTLX20230419_163248_V06,2023-04-19 16:32:48,2023-04-19 16:37:48
KTLX,s3://unidata-nexrad-level2/2023/04/19/KTLX/KTLX20230419_163943_V06,2023-04-19 16:39:43,2023-04-19 16:44:43
KTLX,s3://unidata-nexrad-level2/2023/04/19/KTLX/KTLX20230419_164638_V06,2023-04-19 16:46:38,2023-04-19 16:51:38
KTLX,s3://unidata-nexrad-level2/2023/04/19/KTLX/KTLX20230419_165333_V06,2023-04-19 16:53:33,2023-04-19 16:58:33
KTLX,s3://unidata-nexrad-level2/2023/04/19/KTLX/KTLX20230419_170024_V06,2023-04-19 17:00:24,2023-04-19 17:05:24
KTLX,s3://unidata-nexrad-level2/2023/04/19/KTLX/KTLX20230419_170715_V06,2023-04-19 17:07:15,2023-04-19 17:12:15
KTLX,s3://unidata-nexrad-level2/2023/04/19/KTLX/KTLX20230419_171418_V06,2023-04-19 17:14:18,2023-04-19 17:19:18
KTLX,s3://unidata-nexrad-level2/2023/04/19/KTLX/KTLX20230419_172120_V06,2023-04-19 17:21:20,2023-04-19 17:26:20
KTLX,s3://unidata-nexrad-level2/2023/04/19/KTLX/KTLX20230419_172821_V06,2023-04-19 17:28:21,2023-04-19 17:33:21
KTLX,s3://unidata-nexrad-level2/2023/04/19/KTLX/KTLX20230419_173522_V06,2023-04-19 17:35:22,2023-04-19 17:40:22
KTLX,s3://unidata-nexrad-level2/2023/04/19/KTLX/KTLX20230419_174218_V06,2023-04-19 17:42:18,2023-04-19 17:47:18
KTLX,s3://unidata-nexrad-level2/2023/04/19/KTLX/KTLX20230419_174908_V06,2023-04-19 17:49:08,2023-04-19 17:54:08
KTLX,s3://unidata-nexrad-level2/2023/04/19/KTLX/KTLX20230419_175603_V06,2023-04-19 17:56:03,2023-04-19 18:01:03
KTLX,s3://unidata-nexrad-level2/2023/04/19/KTLX/KTLX20230419_180304_V06,2023-04-19 18:03:04,2023-04-19 18:08:04
KTLX,s3://unidata-nexrad-level2/2023/04/19/KTLX/KTLX20230419_181000_V06,2023-04-19 18:10:00,2023-04-19 18:15:00
KTLX,s3://unidata-nexrad-level2/2023/04/19/KTLX/KTLX20230419_181701_V06,2023-04-19 18:17:01,2023-04-19 18:22:01
KTLX,s3://unidata-nexrad-level2/2023/04/19/KTLX/KTLX20230419_182402_V06,2023-04-19 18:24:02,2023-04-19 18:29:02
KTLX,s3://unidata-nexrad-level2/2023/04/19/KTLX/KTLX20230419_183104_V06,2023-04-19 18:31:04,2023-04-19 18:36:04
KTLX,s3://unidata-nexrad-level2/2023/04/19/KTLX/KTLX20230419_183758_V06,2023-04-19 18:37:58,2023-04-19 18:42:58
KTLX,s3://unidata-nexrad-level2/2023/04/19/KTLX/KTLX20230419_184448_V06,2023-04-19 18:44:48,2023-04-19 18:49:48
KTLX,s3://unidata-nexrad-level2/2023/04/19/KTLX/KTLX20230419_185247_V06,2023-04-19 18:52:47,2023-04-19 18:57:47
KTLX,s3://unidata-nexrad-level2/2023/04/19/KTLX/KTLX20230419_185948_V06,2023-04-19 18:59:48,2023-04-19 19:04:48
KTLX,s3://unidata-nexrad-level2/2023/04/19/KTLX/KTLX20230419_190649_V06,2023-04-19 19:06:49,2023-04-19 19:11:49
KTLX,s3://unidata-nexrad-level2/2023/04/19/KTLX/KTLX20230419_191344_V06,2023-04-19 19:13:44,2023-04-19 19:18:44
KTLX,s3://unidata-nexrad-level2/2023/04/19/KTLX/KTLX20230419_192046_V06,2023-04-19 19:20:46,2023-04-19 19:25:46
KTLX,s3://unidata-nexrad-level2/2023/04/19/KTLX/KTLX20230419_192747_V06,2023-04-19 19:27:47,2023-04-19 19:32:47
KTLX,s3://unidata-nexrad-level2/2023/04/19/KTLX/KTLX20230419_193443_V06,2023-04-19 19:34:43,2023-04-19 19:39:43
KTLX,s3://unidata-nexrad-level2/2023/04/19/KTLX/KTLX20230419_194134_V06,2023-04-19 19:41:34,2023-04-19 19:46:34
KTLX,s3://unidata-nexrad-level2/2023/04/19/KTLX/KTLX20230419_194836_V06,2023-04-19 19:48:36,2023-04-19 19:53:36
KTLX,s3://unidata-nexrad-level2/2023/04/19/KTLX/KTLX20230419_195539_V06,2023-04-19 19:55:39,2023-04-19 20:00:39
KTLX,s3://unidata-nexrad-level2/2023/04/19/KTLX/KTLX20230419_200234_V06,2023-04-19 20:02:34,2023-04-19 20:07:34
KTLX,s3://unidata-nexrad-level2/2023/04/19/KTLX/KTLX20230419_200930_V06,2023-04-19 20:09:30,2023-04-19 20:14:30
KTLX,s3://unidata-nexrad-level2/2023/04/19/KTLX/KTLX20230419_201632_V06,2023-04-19 20:16:32,2023-04-19 20:21:32
KTLX,s3://unidata-nexrad-level2/2023/04/19/KTLX/KTLX20230419_202327_V06,2023-04-19 20:23:27,2023-04-19 20:28:27
KTLX,s3://unidata-nexrad-level2/2023/04/19/KTLX/KTLX20230419_203022_V06,2023-04-19 20:30:22,2023-04-19 20:35:22
KTLX,s3://unidata-nexrad-level2/2023/04/19/KTLX/KTLX20230419_203716_V06,2023-04-19 20:37:16,2023-04-19 20:42:16
KTLX,s3://unidata-nexrad-level2/2023/04/19/KTLX/KTLX20230419_204412_V06,2023-04-19 20:44:12,2023-04-19 20:49:12
KTLX,s3://unidata-nexrad-level2/2023/04/19/KTLX/KTLX20230419_205103_V06,2023-04-19 20:51:03,2023-04-19 20:56:03
KTLX,s3://unidata-nexrad-level2/2023/04/19/KTLX/KTLX20230419_205805_V06,2023-04-19 20:58:05,2023-04-19 21:03:05
KTLX,s3://unidata-nexrad-level2/2023/04/19/KTLX/KTLX20230419_210506_V06,2023-04-19 21:05:06,2023-04-19 21:10:06
KTLX,s3://unidata-nexrad-level2/2023/04/19/KTLX/KTLX20230419_211202_V06,2023-04-19 21:12:02,2023-04-19 21:17:02
KTLX,s3://unidata-nexrad-level2/2023/04/19/KTLX/KTLX20230419_211751_V06,2023-04-19 21:17:51,2023-04-19 21:21:14
KTLX,s3://unidata-nexrad-level2/2023/04/19/KTLX/KTLX20230419_212114_V06,2023-04-19 21:21:14,2023-04-19 21:24:40
KTLX,s3://unidata-nexrad-level2/2023/04/19/KTLX/KTLX20230419_212440_V06,2023-04-19 21:24:40,2023-04-19 21:28:31
KTLX,s3://unidata-nexrad-level2/2023/04/19/KTLX/KTLX20230419_212831_V06,2023-04-19 21:28:31,2023-04-19 21:32:51
KTLX,s3://unidata-nexrad-level2/2023/04/19/KTLX/KTLX20230419_213251_V06,2023-04-19 21:32:51,2023-04-19 21:36:56
KTLX,s3://unidata-nexrad-level2/2023/04/19/KTLX/KTLX20230419_213656_V06,2023-04-19 21:36:56,2023-04-19 21:41:11
KTLX,s3://unidata-nexrad-level2/2023/04/19/KTLX/KTLX20230419_214111_V06,2023-04-19 21:41:11,2023-04-19 21:45:31
KTLX,s3://unidata-nexrad-level2/2023/04/19/KTLX/KTLX20230419_214531_V06,2023-04-19 21:45:31,2023-04-19 21:50:05
KTLX,s3://unidata-nexrad-level2/2023/04/19/KTLX/KTLX20230419_215005_V06,2023-04-19 21:50:05,2023-04-19 21:55:05
KTLX,s3://unidata-nexrad-level2/2023/04/19/KTLX/KTLX20230419_215529_V06,2023-04-19 21:55:29,2023-04-19 22:00:29
KTLX,s3://unidata-nexrad-level2/2023/04/19/KTLX/KTLX20230419_220043_V06,2023-04-19 22:00:43,2023-04-19 22:05:43
KTLX,s3://unidata-nexrad-level2/2023/04/19/KTLX/KTLX20230419_220558_V06,2023-04-19 22:05:58,2023-04-19 22:10:58
KTLX,s3://unidata-nexrad-level2/2023/04/19/KTLX/KTLX20230419_221114_V06,2023-04-19 22:11:14,2023-04-19 22:16:14
KTLX,s3://unidata-nexrad-level2/2023/04/19/KTLX/KTLX20230419_221638_V06,2023-04-19 22:16:38,2023-04-19 22:21:38
KTLX,s3://unidata-nexrad-level2/2023/04/19/KTLX/KTLX20230419_222202_V06,2023-04-19 22:22:02,2023-04-19 22:27:02
KTLX,s3://unidata-nexrad-level2/2023/04/19/KTLX/KTLX20230419_222726_V06,2023-04-19 22:27:26,2023-04-19 22:32:26
KTLX,s3://unidata-nexrad-level2/2023/04/19/KTLX/KTLX20230419_223240_V06,2023-04-19 22:32:40,2023-04-19 22:37:40
KTLX,s3://unidata-nexrad-level2/2023/04/19/KTLX/KTLX20230419_223756_V06,2023-04-19 22:37:56,2023-04-19 22:42:56
KTLX,s3://unidata-nexrad-level2/2023/04/19/KTLX/KTLX20230419_224304_V06,2023-04-19 22:43:04,2023-04-19 22:48:04
KTLX,s3://unidata-nexrad-level2/2023/04/19/KTLX/KTLX20230419_224812_V06,2023-04-19 22:48:12,2023-04-19 22:53:12
KTLX,s3://unidata-nexrad-level2/2023/04/19/KTLX/KTLX20230419_225337_V06,2023-04-19 22:53:37,2023-04-19 22:58:37
KTLX,s3://unidata-nexrad-level2/2023/04/19/KTLX/KTLX20230419_225838_V06,2023-04-19 22:58:38,2023-04-19 23:03:38
KTLX,s3://unidata-nexrad-level2/2023/04/19/KTLX/KTLX20230419_230340_V06,2023-04-19 23:03:40,2023-04-19 23:08:40
KTLX,s3://unidata-nexrad-level2/2023/04/19/KTLX/KTLX20230419_230841_V06,2023-04-19 23:08:41,2023-04-19 23:13:41
KTLX,s3://unidata-nexrad-level2/2023/04/19/KTLX/KTLX20230419_231343_V06,2023-04-19 23:13:43,2023-04-19 23:18:43
KTLX,s3://unidata-nexrad-level2/2023/04/19/KTLX/KTLX20230419_231851_V06,2023-04-19 23:18:51,2023-04-19 23:23:51
KTLX,s3://unidata-nexrad-level2/2023/04/19/KTLX/KTLX20230419_232414_V06,2023-04-19 23:24:14,2023-04-19 23:29:14
KTLX,s3://unidata-nexrad-level2/2023/04/19/KTLX/KTLX20230419_233022_V06,2023-04-19 23:30:22,2023-04-19 23:35:22
KTLX,s3://unidata-nexrad-level2/2023/04/19/KTLX/KTLX20230419_233712_V06,2023-04-19 23:37:12,2023-04-19 23:42:12
KTLX,s3://unidata-nexrad-level2/2023/04/19/KTLX/KTLX20230419_234402_V06,2023-04-19 23:44:02,2023-04-19 23:49:02
KTLX,s3://unidata-nexrad-level2/2023/04/19/KTLX/KTLX20230419_235053_V06,2023-04-19 23:50:53,2023-04-19 23:55:53
KTLX,s3://unidata-nexrad-level2/2023/04/19/KTLX/KTLX20230419_235720_V06,2023-04-19 23:57:20,2023-04-20 00:02:20
KTLX,s3://unidata-nexrad-level2/2023/04/20/KTLX/KTLX20230420_000345_V06,2023-04-20 00:03:45,2023-04-20 00:08:45
KTLX,s3://unidata-nexrad-level2/2023/04/20/KTLX/KTLX20230420_001002_V06,2023-04-20 00:10:02,2023-04-20 00:15:02
KTLX,s3://unidata-nexrad-level2/2023/04/20/KTLX/KTLX20230420_001609_V06,2023-04-20 00:16:09,2023-04-20 00:21:09
KTLX,s3://unidata-nexrad-level2/2023/04/20/KTLX/KTLX20230420_002236_V06,2023-04-20 00:22:36,2023-04-20 00:27:36
KTLX,s3://unidata-nexrad-level2/2023/04/20/KTLX/KTLX20230420_002926_V06,2023-04-20 00:29:26,2023-04-20 00:34:26
KTLX,s3://unidata-nexrad-level2/2023/04/20/KTLX/KTLX20230420_003544_V06,2023-04-20 00:35:44,2023-04-20 00:40:44
KTLX,s3://unidata-nexrad-level2/2023/04/20/KTLX/KTLX20230420_004221_V06,2023-04-20 00:42:21,2023-04-20 00:47:21
KTLX,s3://unidata-nexrad-level2/2023/04/20/KTLX/KTLX20230420_004858_V06,2023-04-20 00:48:58,2023-04-20 00:53:58
KTLX,s3://unidata-nexrad-level2/2023/04/20/KTLX/KTLX20230420_005549_V06,2023-04-20 00:55:49,2023-04-20 01:00:49
KTLX,s3://unidata-nexrad-level2/2023/04/20/KTLX/KTLX20230420_010216_V06,2023-04-20 01:02:16,2023-04-20 01:07:16
KTLX,s3://unidata-nexrad-level2/2023/04/20/KTLX/KTLX20230420_010844_V06,2023-04-20 01:08:44,2023-04-20 01:13:44
KTLX,s3://unidata-nexrad-level2/2023/04/20/KTLX/KTLX20230420_011535_V06,2023-04-20 01:15:35,2023-04-20 01:20:35
KTLX,s3://unidata-nexrad-level2/2023/04/20/KTLX/KTLX20230420_012226_V06,2023-04-20 01:22:26,2023-04-20 01:27:26
KTLX,s3://unidata-nexrad-level2/2023/04/20/KTLX/KTLX20230420_012903_V06,2023-04-20 01:29:03,2023-04-20 01:34:03
KTLX,s3://unidata-nexrad-level2/2023/04/20/KTLX/KTLX20230420_013540_V06,2023-04-20 01:35:40,2023-04-20 01:40:40
KTLX,s3://unidata-nexrad-level2/2023/04/20/KTLX/KTLX20230420_014231_V06,2023-04-20 01:42:31,2023-04-20 01:47:31
KTLX,s3://unidata-nexrad-level2/2023/04/20/KTLX/KTLX20230420_014922_V06,2023-04-20 01:49:22,2023-04-20 01:54:22
KTLX,s3://unidata-nexrad-level2/2023/04/20/KTLX/KTLX20230420_015559_V06,2023-04-20 01:55:59,2023-04-20 02:00:59
KTLX,s3://unidata-nexrad-level2/2023/04/20/KTLX/KTLX20230420_020236_V06,2023-04-20 02:02:36,2023-04-20 02:07:36
KTLX,s3://unidata-nexrad-level2/2023/04/20/KTLX/KTLX20230420_020928_V06,2023-04-20 02:09:28,2023-04-20 02:14:28
KTLX,s3://unidata-nexrad-level2/2023/04/20/KTLX/KTLX20230420_021619_V06,2023-04-20 02:16:19,2023-04-20 02:21:19
KTLX,s3://unidata-nexrad-level2/2023/04/20/KTLX/KTLX20230420_022310_V06,2023-04-20 02:23:10,2023-04-20 02:28:10
KTLX,s3://unidata-nexrad-level2/2023/04/20/KTLX/KTLX20230420_023000_V06,2023-04-20 02:30:00,2023-04-20 02:35:00
KTLX,s3://unidata-nexrad-level2/2023/04/20/KTLX/KTLX20230420_023652_V06,2023-04-20 02:36:52,2023-04-20 02:41:52
KTLX,s3://unidata-nexrad-level2/2023/04/20/KTLX/KTLX20230420_024344_V06,2023-04-20 02:43:44,2023-04-20 02:48:44
KTLX,s3://unidata-nexrad-level2/2023/04/20/KTLX/KTLX20230420_024952_V06,2023-04-20 02:49:52,2023-04-20 02:54:52
KTLX,s3://unidata-nexrad-level2/2023/04/20/KTLX/KTLX20230420_025707_V06,2023-04-20 02:57:07,2023-04-20 03:02:07
KTLX,s3://unidata-nexrad-level2/2023/04/20/KTLX/KTLX20230420_030325_V06,2023-04-20 03:03:25,2023-04-20 03:08:25
KTLX,s3://unidata-nexrad-level2/2023/04/20/KTLX/KTLX20230420_030931_V06,2023-04-20 03:09:31,2023-04-20 03:14:31
KTLX,s3://unidata-nexrad-level2/2023/04/20/KTLX/KTLX20230420_031539_V06,2023-04-20 03:15:39,2023-04-20 03:20:39
KTLX,s3://unidata-nexrad-level2/2023/04/20/KTLX/KTLX20230420_032155_V06,2023-04-20 03:21:55,2023-04-20 03:26:55
KTLX,s3://unidata-nexrad-level2/2023/04/20/KTLX/KTLX20230420_032801_V06,2023-04-20 03:28:01,2023-04-20 03:33:01
KTLX,s3://unidata-nexrad-level2/2023/04/20/KTLX/KTLX20230420_033418_V06,2023-04-20 03:34:18,2023-04-20 03:39:18
KTLX,s3://unidata-nexrad-level2/2023/04/20/KTLX/KTLX20230420_034055_V06,2023-04-20 03:40:55,2023-04-20 03:45:55
KTLX,s3://unidata-nexrad-level2/2023/04/20/KTLX/KTLX20230420_034746_V06,2023-04-20 03:47:46,2023-04-20 03:52:46
KTLX,s3://unidata-nexrad-level2/2023/04/20/KTLX/KTLX20230420_035403_V06,2023-04-20 03:54:03,2023-04-20 03:59:03
KTLX,s3://unidata-nexrad-level2/2023/04/20/KTLX/KTLX20230420_040028_V06,2023-04-20 04:00:28,2023-04-20 04:05:28
KTLX,s3://unidata-nexrad-level2/2023/04/20/KTLX/KTLX20230420_040622_V06,2023-04-20 04:06:22,2023-04-20 04:11:22
KTLX,s3://unidata-nexrad-level2/2023/04/20/KTLX/KTLX20230420_041225_V06,2023-04-20 04:12:25,2023-04-20 04:17:25
KTLX,s3://unidata-nexrad-level2/2023/04/20/KTLX/KTLX20230420_041828_V06,2023-04-20 04:18:28,2023-04-20 04:23:28
KTLX,s3://unidata-nexrad-level2/2023/04/20/KTLX/KTLX20230420_042427_V06,2023-04-20 04:24:27,2023-04-20 04:29:27
KTLX,s3://unidata-nexrad-level2/2023/04/20/KTLX/KTLX20230420_043037_V06,2023-04-20 04:30:37,2023-04-20 04:35:37
KTLX,s3://unidata-nexrad-level2/2023/04/20/KTLX/KTLX20230420_043646_V06,2023-04-20 04:36:46,2023-04-20 04:41:46
KTLX,s3://unidata-nexrad-level2/2023/04/20/KTLX/KTLX20230420_044256_V06,2023-04-20 04:42:56,2023-04-20 04:47:56
KTLX,s3://unidata-nexrad-level2/2023/04/20/KTLX/KTLX20230420_044905_V06,2023-04-20 04:49:05,2023-04-20 04:54:05
KTLX,s3://unidata-nexrad-level2/2023/04/20/KTLX/KTLX20230420_045515_V06,2023-04-20 04:55:15,2023-04-20 05:00:15
KTLX,s3://unidata-nexrad-level2/2023/04/20/KTLX/KTLX20230420_050125_V06,2023-04-20 05:01:25,2023-04-20 05:06:25
KTLX,s3://unidata-nexrad-level2/2023/04/20/KTLX/KTLX20230420_050721_V06,2023-04-20 05:07:21,2023-04-20 05:12:21
KTLX,s3://unidata-nexrad-level2/2023/04/20/KTLX/KTLX20230420_051317_V06,2023-04-20 05:13:17,2023-04-20 05:18:17
KTLX,s3://unidata-nexrad-level2/2023/04/20/KTLX/KTLX20230420_051858_V06,2023-04-20 05:18:58,2023-04-20 05:23:58
KTLX,s3://unidata-nexrad-level2/2023/04/20/KTLX/KTLX20230420_052442_V06,2023-04-20 05:24:42,2023-04-20 05:29:42
KTLX,s3://unidata-nexrad-level2/2023/04/20/KTLX/KTLX20230420_053025_V06,2023-04-20 05:30:25,2023-04-20 05:35:25
KTLX,s3://unidata-nexrad-level2/2023/04/20/KTLX/KTLX20230420_053556_V06,2023-04-20 05:35:56,2023-04-20 05:40:56
KTLX,s3://unidata-nexrad-level2/2023/04/20/KTLX/KTLX20230420_054139_V06,2023-04-20 05:41:39,2023-04-20 05:46:39
KTLX,s3://unidata-nexrad-level2/2023/04/20/KTLX/KTLX20230420_054721_V06,2023-04-20 05:47:21,2023-04-20 05:52:21
KTLX,s3://unidata-nexrad-level2/2023/04/20/KTLX/KTLX20230420_055304_V06,2023-04-20 05:53:04,2023-04-20 05:58:04
KTLX,s3://unidata-nexrad-level2/2023/04/20/KTLX/KTLX20230420_055848_V06,2023-04-20 05:58:48,2023-04-20 06:03:48
KTLX,s3://unidata-nexrad-level2/2023/04/20/KTLX/KTLX20230420_060431_V06,2023-04-20 06:04:31,2023-04-20 06:09:31
KTLX,s3://unidata-nexrad-level2/2023/04/20/KTLX/KTLX20230420_061015_V06,2023-04-20 06:10:15,2023-04-20 06:15:15
KTLX,s3://unidata-nexrad-level2/2023/04/20/KTLX/KTLX20230420_061557_V06,2023-04-20 06:15:57,2023-04-20 06:20:57
KTLX,s3://unidata-nexrad-level2/2023/04/20/KTLX/KTLX20230420_062140_V06,2023-04-20 06:21:40,2023-04-20 06:26:40
KTLX,s3://unidata-nexrad-level2/2023/04/20/KTLX/KTLX20230420_062724_V06,2023-04-20 06:27:24,2023-04-20 06:32:24
KTLX,s3://unidata-nexrad-level2/2023/04/20/KTLX/KTLX20230420_063307_V06,2023-04-20 06:33:07,2023-04-20 06:38:07
KTLX,s3://unidata-nexrad-level2/2023/04/20/KTLX/KTLX20230420_063852_V06,2023-04-20 06:38:52,2023-04-20 06:43:52
KTLX,s3://unidata-nexrad-level2/2023/04/20/KTLX/KTLX20230420_064434_V06,2023-04-20 06:44:34,2023-04-20 06:49:34
KTLX,s3://unidata-nexrad-level2/2023/04/20/KTLX/KTLX20230420_065032_V06,2023-04-20 06:50:32,2023-04-20 06:55:32
KTLX,s3://unidata-nexrad-level2/2023/04/20/KTLX/KTLX20230420_065615_V06,2023-04-20 06:56:15,2023-04-20 07:01:15
KTLX,s3://unidata-nexrad-level2/2023/04/20/KTLX/KTLX20230420_070159_V06,2023-04-20 07:01:59,2023-04-20 07:06:59
KTLX,s3://unidata-nexrad-level2/2023/04/20/KTLX/KTLX20230420_070742_V06,2023-04-20 07:07:42,2023-04-20 07:12:42
KTLX,s3://unidata-nexrad-level2/2023/04/20/KTLX/KTLX20230420_071324_V06,2023-04-20 07:13:24,2023-04-20 07:18:24
KTLX,s3://unidata-nexrad-level2/2023/04/20/KTLX/KTLX20230420_071908_V06,2023-04-20 07:19:08,2023-04-20 07:24:08
KTLX,s3://unidata-nexrad-level2/2023/04/20/KTLX/KTLX20230420_072451_V06,2023-04-20 07:24:51,2023-04-20 07:29:51
KTLX,s3://unidata-nexrad-level2/2023/04/20/KTLX/KTLX20230420_073035_V06,2023-04-20 07:30:35,2023-04-20 07:35:35
KTLX,s3://unidata-nexrad-level2/2023/04/20/KTLX/KTLX20230420_073618_V06,2023-04-20 07:36:18,2023-04-20 07:41:18
KTLX,s3://unidata-nexrad-level2/2023/04/20/KTLX/KTLX20230420_074201_V06,2023-04-20 07:42:01,2023-04-20 07:47:01
KTLX,s3://unidata-nexrad-level2/2023/04/20/KTLX/KTLX20230420_074744_V06,2023-04-20 07:47:44,2023-04-20 07:52:44
KTLX,s3://unidata-nexrad-level2/2023/04/20/KTLX/KTLX20230420_075327_V06,2023-04-20 07:53:27,2023-04-20 07:58:27
KTLX,s3://unidata-nexrad-level2/2023/04/20/KTLX/KTLX20230420_075910_V06,2023-04-20 07:59:10,2023-04-20 08:04:10
KTLX,s3://unidata-nexrad-level2/2023/04/20/KTLX/KTLX20230420_080454_V06,2023-04-20 08:04:54,2023-04-20 08:09:54
KTLX,s3://unidata-nexrad-level2/2023/04/20/KTLX/KTLX20230420_081036_V06,2023-04-20 08:10:36,2023-04-20 08:15:36
KTLX,s3://unidata-nexrad-level2/2023/04/20/KTLX/KTLX20230420_081619_V06,2023-04-20 08:16:19,2023-04-20 08:21:19
KTLX,s3://unidata-nexrad-level2/2023/04/20/KTLX/KTLX20230420_082203_V06,2023-04-20 08:22:03,2023-04-20 08:27:03
KTLX,s3://unidata-nexrad-level2/2023/04/20/KTLX/KTLX20230420_082746_V06,2023-04-20 08:27:46,2023-04-20 08:32:46
KTLX,s3://unidata-nexrad-level2/2023/04/20/KTLX/KTLX20230420_083330_V06,2023-04-20 08:33:30,2023-04-20 08:38:30
KTLX,s3://unidata-nexrad-level2/2023/04/20/KTLX/KTLX20230420_083914_V06,2023-04-20 08:39:14,2023-04-20 08:44:14
KTLX,s3://unidata-nexrad-level2/2023/04/20/KTLX/KTLX20230420_084457_V06,2023-04-20 08:44:57,2023-04-20 08:49:57
KTLX,s3://unidata-nexrad-level2/2023/04/20/KTLX/KTLX20230420_085041_V06,2023-04-20 08:50:41,2023-04-20 08:55:41
KTLX,s3://unidata-nexrad-level2/2023/04/20/KTLX/KTLX20230420_085626_V06,2023-04-20 08:56:26,2023-04-20 09:01:26
KTLX,s3://unidata-nexrad-level2/2023/04/20/KTLX/KTLX20230420_090209_V06,2023-04-20 09:02:09,2023-04-20 09:07:09
KTLX,s3://unidata-nexrad-level2/2023/04/20/KTLX/KTLX20230420_090753_V06,2023-04-20 09:07:53,2023-04-20 09:12:53
KTLX,s3://unidata-nexrad-level2/2023/04/20/KTLX/KTLX20230420_091336_V06,2023-04-20 09:13:36,2023-04-20 09:18:36
KTLX,s3://unidata-nexrad-level2/2023/04/20/KTLX/KTLX20230420_091919_V06,2023-04-20 09:19:19,2023-04-20 09:24:19
KTLX,s3://unidata-nexrad-level2/2023/04/20/KTLX/KTLX20230420_092502_V06,2023-04-20 09:25:02,2023-04-20 09:30:02
KTLX,s3://unidata-nexrad-level2/2023/04/20/KTLX/KTLX20230420_093058_V06,2023-04-20 09:30:58,2023-04-20 09:35:58
KTLX,s3://unidata-nexrad-level2/2023/04/20/KTLX/KTLX20230420_093656_V06,2023-04-20 09:36:56,2023-04-20 09:41:56
KTLX,s3://unidata-nexrad-level2/2023/04/20/KTLX/KTLX20230420_094305_V06,2023-04-20 09:43:05,2023-04-20 09:47:49
KTLX,s3://unidata-nexrad-level2/2023/04/20/KTLX/KTLX20230420_094749_V06,2023-04-20 09:47:49,2023-04-20 09:52:47
KTLX,s3://unidata-nexrad-level2/2023/04/20/KTLX/KTLX20230420_095247_V06,2023-04-20 09:52:47,2023-04-20 09:57:02
KTLX,s3://unidata-nexrad-level2/2023/04/20/KTLX/KTLX20230420_095702_V06,2023-04-20 09:57:02,2023-04-20 10:01:31
KTLX,s3://unidata-nexrad-level2/2023/04/20/KTLX/KTLX20230420_100131_V06,2023-04-20 10:01:31,2023-04-20 10:06:00
KTLX,s3://unidata-nexrad-level2/2023/04/20/KTLX/KTLX20230420_100600_V06,2023-04-20 10:06:00,2023-04-20 10:09:53
KTLX,s3://unidata-nexrad-level2/2023/04/20/KTLX/KTLX20230420_100953_V06,2023-04-20 10:09:53,2023-04-20 10:13:45
KTLX,s3://unidata-nexrad-level2/2023/04/20/KTLX/KTLX20230420_101345_V06,2023-04-20 10:13:45,2023-04-20 10:17:37
KTLX,s3://unidata-nexrad-level2/2023/04/20/KTLX/KTLX20230420_101737_V06,2023-04-20 10:17:37,2023-04-20 10:21:42
KTLX,s3://unidata-nexrad-level2/2023/04/20/KTLX/KTLX20230420_102142_V06,2023-04-20 10:21:42,2023-04-20 10:25:47
KTLX,s3://unidata-nexrad-level2/2023/04/20/KTLX/KTLX20230420_102547_V06,2023-04-20 10:25:47,2023-04-20 10:29:52
KTLX,s3://unidata-nexrad-level2/2023/04/20/KTLX/KTLX20230420_102952_V06,2023-04-20 10:29:52,2023-04-20 10:34:11
KTLX,s3://unidata-nexrad-level2/2023/04/20/KTLX/KTLX20230420_103411_V06,2023-04-20 10:34:11,2023-04-20 10:38:30
KTLX,s3://unidata-nexrad-level2/2023/04/20/KTLX/KTLX20230420_103830_V06,2023-04-20 10:38:30,2023-04-20 10:42:49
KTLX,s3://unidata-nexrad-level2/2023/04/20/KTLX/KTLX20230420_104249_V06,2023-04-20 10:42:49,2023-04-20 10:47:29
KTLX,s3://unidata-nexrad-level2/2023/04/20/KTLX/KTLX20230420_104729_V06,2023-04-20 10:47:29,2023-04-20 10:52:04
KTLX,s3://unidata-nexrad-level2/2023/04/20/KTLX/KTLX20230420_105204_V06,2023-04-20 10:52:04,2023-04-20 10:57:04
KTLX,s3://unidata-nexrad-level2/2023/04/20/KTLX/KTLX20230420_105734_V06,2023-04-20 10:57:34,2023-04-20 11:01:52
KTLX,s3://unidata-nexrad-level2/2023/04/20/KTLX/KTLX20230420_110152_V06,2023-04-20 11:01:52,2023-04-20 11:06:13
KTLX,s3://unidata-nexrad-level2/2023/04/20/KTLX/KTLX20230420_110613_V06,2023-04-20 11:06:13,2023-04-20 11:10:31
KTLX,s3://unidata-nexrad-level2/2023/04/20/KTLX/KTLX20230420_111031_V06,2023-04-20 11:10:31,2023-04-20 11:14:51
KTLX,s3://unidata-nexrad-level2/2023/04/20/KTLX/KTLX20230420_111451_V06,2023-04-20 11:14:51,2023-04-20 11:19:10
KTLX,s3://unidata-nexrad-level2/2023/04/20/KTLX/KTLX20230420_111910_V06,2023-04-20 11:19:10,2023-04-20 11:23:51
KTLX,s3://unidata-nexrad-level2/2023/04/20/KTLX/KTLX20230420_112351_V06,2023-04-20 11:23:51,2023-04-20 11:28:09
KTLX,s3://unidata-nexrad-level2/2023/04/20/KTLX/KTLX20230420_112809_V06,2023-04-20 11:28:09,2023-04-20 11:32:29
KTLX,s3://unidata-nexrad-level2/2023/04/20/KTLX/KTLX20230420_113229_V06,2023-04-20 11:32:29,2023-04-20 11:36:53
KTLX,s3://unidata-nexrad-level2/2023/04/20/KTLX/KTLX20230420_113653_V06,2023-04-20 11:36:53,2023-04-20 11:41:34
KTLX,s3://unidata-nexrad-level2/2023/04/20/KTLX/KTLX20230420_114134_V06,2023-04-20 11:41:34,2023-04-20 11:46:07
KTLX,s3://unidata-nexrad-level2/2023/04/20/KTLX/KTLX20230420_114607_V06,2023-04-20 11:46:07,2023-04-20 11:50:25
KTLX,s3://unidata-nexrad-level2/2023/04/20/KTLX/KTLX20230420_115025_V06,2023-04-20 11:50:25,2023-04-20 11:54:44
KTLX,s3://unidata-nexrad-level2/2023/04/20/KTLX/KTLX20230420_115444_V06,2023-04-20 11:54:44,2023-04-20 11:59:02
KTLX,s3://unidata-nexrad-level2/2023/04/20/KTLX/KTLX20230420_115902_V06,2023-04-20 11:59:02,2023-04-20 12:03:43
KTLX,s3://unidata-nexrad-level2/2023/04/20/KTLX/KTLX20230420_120343_V06,2023-04-20 12:03:43,2023-04-20 12:08:24
KTLX,s3://unidata-nexrad-level2/2023/04/20/KTLX/KTLX20230420_120824_V06,2023-04-20 12:08:24,2023-04-20 12:12:58
KTLX,s3://unidata-nexrad-level2/2023/04/20/KTLX/KTLX20230420_121258_V06,2023-04-20 12:12:58,2023-04-20 12:17:32
KTLX,s3://unidata-nexrad-level2/2023/04/20/KTLX/KTLX20230420_121732_V06,2023-04-20 12:17:32,2023-04-20 12:21:51
KTLX,s3://unidata-nexrad-level2/2023/04/20/KTLX/KTLX20230420_122151_V06,2023-04-20 12:21:51,2023-04-20 12:26:31
KTLX,s3://unidata-nexrad-level2/2023/04/20/KTLX/KTLX20230420_122631_V06,2023-04-20 12:26:31,2023-04-20 12:30:58
KTLX,s3://unidata-nexrad-level2/2023/04/20/KTLX/KTLX20230420_123058_V06,2023-04-20 12:30:58,2023-04-20 12:35:27
KTLX,s3://unidata-nexrad-level2/2023/04/20/KTLX/KTLX20230420_123527_V06,2023-04-20 12:35:27,2023-04-20 12:40:07
KTLX,s3://unidata-nexrad-level2/2023/04/20/KTLX/KTLX20230420_124007_V06,2023-04-20 12:40:07,2023-04-20 12:44:27
KTLX,s3://unidata-nexrad-level2/2023/04/20/KTLX/KTLX20230420_124427_V06,2023-04-20 12:44:27,2023-04-20 12:48:47
KTLX,s3://unidata-nexrad-level2/2023/04/20/KTLX/KTLX20230420_124847_V06,2023-04-20 12:48:47,2023-04-20 12:52:53
KTLX,s3://unidata-nexrad-level2/2023/04/20/KTLX/KTLX20230420_125253_V06,2023-04-20 12:52:53,2023-04-20 12:57:00
KTLX,s3://unidata-nexrad-level2/2023/04/20/KTLX/KTLX20230420_125700_V06,2023-04-20 12:57:00,2023-04-20 13:01:08
KTLX,s3://unidata-nexrad-level2/2023/04/20/KTLX/KTLX20230420_130108_V06,2023-04-20 13:01:08,2023-04-20 13:05:17
KTLX,s3://unidata-nexrad-level2/2023/04/20/KTLX/KTLX20230420_130517_V06,2023-04-20 13:05:17,2023-04-20 13:09:23
KTLX,s3://unidata-nexrad-level2/2023/04/20/KTLX/KTLX20230420_130923_V06,2023-04-20 13:09:23,2023-04-20 13:13:23
KTLX,s3://unidata-nexrad-level2/2023/04/20/KTLX/KTLX20230420_131323_V06,2023-04-20 13:13:23,2023-04-20 13:17:23
KTLX,s3://unidata-nexrad-level2/2023/04/20/KTLX/KTLX20230420_131723_V06,2023-04-20 13:17:23,2023-04-20 13:21:38
KTLX,s3://unidata-nexrad-level2/2023/04/20/KTLX/KTLX20230420_132138_V06,2023-04-20 13:21:38,2023-04-20 13:25:53
KTLX,s3://unidata-nexrad-level2/2023/04/20/KTLX/KTLX20230420_132553_V06,2023-04-20 13:25:53,2023-04-20 13:29:46
KTLX,s3://unidata-nexrad-level2/2023/04/20/KTLX/KTLX20230420_132946_V06,2023-04-20 13:29:46,2023-04-20 13:33:27
KTLX,s3://unidata-nexrad-level2/2023/04/20/KTLX/KTLX20230420_133327_V06,2023-04-20 13:33:27,2023-04-20 13:37:07
KTLX,s3://unidata-nexrad-level2/2023/04/20/KTLX/KTLX20230420_133707_V06,2023-04-20 13:37:07,2023-04-20 13:40:46
KTLX,s3://unidata-nexrad-level2/2023/04/20/KTLX/KTLX20230420_134046_V06,2023-04-20 13:40:46,2023-04-20 13:44:25
KTLX,s3://unidata-nexrad-level2/2023/04/20/KTLX/KTLX20230420_134425_V06,2023-04-20 13:44:25,2023-04-20 13:48:04
KTLX,s3://unidata-nexrad-level2/2023/04/20/KTLX/KTLX20230420_134804_V06,2023-04-20 13:48:04,2023-04-20 13:51:42
KTLX,s3://unidata-nexrad-level2/2023/04/20/KTLX/KTLX20230420_135142_V06,2023-04-20 13:51:42,2023-04-20 13:55:30
KTLX,s3://unidata-nexrad-level2/2023/04/20/KTLX/KTLX20230420_135530_V06,2023-04-20 13:55:30,2023-04-20 13:59:18
KTLX,s3://unidata-nexrad-level2/2023/04/20/KTLX/KTLX20230420_135918_V06,2023-04-20 13:59:18,2023-04-20 14:03:06
KTLX,s3://unidata-nexrad-level2/2023/04/20/KTLX/KTLX20230420_140306_V06,2023-04-20 14:03:06,2023-04-20 14:06:54
KTLX,s3://unidata-nexrad-level2/2023/04/20/KTLX/KTLX20230420_140654_V06,2023-04-20 14:06:54,2023-04-20 14:10:28
KTLX,s3://unidata-nexrad-level2/2023/04/20/KTLX/KTLX20230420_141028_V06,2023-04-20 14:10:28,2023-04-20 14:14:04
KTLX,s3://unidata-nexrad-level2/2023/04/20/KTLX/KTLX20230420_141404_V06,2023-04-20 14:14:04,2023-04-20 14:17:39
KTLX,s3://unidata-nexrad-level2/2023/04/20/KTLX/KTLX20230420_141739_V06,2023-04-20 14:17:39,2023-04-20 14:21:14
KTLX,s3://unidata-nexrad-level2/2023/04/20/KTLX/KTLX20230420_142114_V06,2023-04-20 14:21:14,2023-04-20 14:24:50
KTLX,s3://unidata-nexrad-level2/2023/04/20/KTLX/KTLX20230420_142450_V06,2023-04-20 14:24:50,2023-04-20 14:28:25
KTLX,s3://unidata-nexrad-level2/2023/04/20/KTLX/KTLX20230420_142825_V06,2023-04-20 14:28:25,2023-04-20 14:32:01
KTLX,s3://unidata-nexrad-level2/2023/04/20/KTLX/KTLX20230420_143201_V06,2023-04-20 14:32:01,2023-04-20 14:35:36
KTLX,s3://unidata-nexrad-level2/2023/04/20/KTLX/KTLX20230420_143536_V06,2023-04-20 14:35:36,2023-04-20 14:39:10
KTLX,s3://unidata-nexrad-level2/2023/04/20/KTLX/KTLX20230420_143910_V06,2023-04-20 14:39:10,2023-04-20 14:42:47
KTLX,s3://unidata-nexrad-level2/2023/04/20/KTLX/KTLX20230420_144247_V06,2023-04-20 14:42:47,2023-04-20 14:46:16
KTLX,s3://unidata-nexrad-level2/2023/04/20/KTLX/KTLX20230420_144616_V06,2023-04-20 14:46:16,2023-04-20 14:49:45
KTLX,s3://unidata-nexrad-level2/2023/04/20/KTLX/KTLX20230420_144945_V06,2023-04-20 14:49:45,2023-04-20 14:53:13
KTLX,s3://unidata-nexrad-level2/2023/04/20/KTLX/KTLX20230420_145313_V06,2023-04-20 14:53:13,2023-04-20 14:56:41
KTLX,s3://unidata-nexrad-level2/2023/04/20/KTLX/KTLX20230420_145641_V06,2023-04-20 14:56:41,2023-04-20 15:00:09
KTLX,s3://unidata-nexrad-level2/2023/04/20/KTLX/KTLX20230420_150009_V06,2023-04-20 15:00:09,2023-04-20 15:03:44
KTLX,s3://unidata-nexrad-level2/2023/04/20/KTLX/KTLX20230420_150344_V06,2023-04-20 15:03:44,2023-04-20 15:07:18
KTLX,s3://unidata-nexrad-level2/2023/04/20/KTLX/KTLX20230420_150718_V06,2023-04-20 15:07:18,2023-04-20 15:10:46
KTLX,s3://unidata-nexrad-level2/2023/04/20/KTLX/KTLX20230420_151046_V06,2023-04-20 15:10:46,2023-04-20 15:14:14
KTLX,s3://unidata-nexrad-level2/2023/04/20/KTLX/KTLX20230420_151414_V06,2023-04-20 15:14:14,2023-04-20 15:17:42
KTLX,s3://unidata-nexrad-level2/2023/04/20/KTLX/KTLX20230420_151742_V06,2023-04-20 15:17:42,2023-04-20 15:21:10
KTLX,s3://unidata-nexrad-level2/2023/04/20/KTLX/KTLX20230420_152110_V06,2023-04-20 15:21:10,2023-04-20 15:24:39
KTLX,s3://unidata-nexrad-level2/2023/04/20/KTLX/KTLX20230420_152439_V06,2023-04-20 15:24:39,2023-04-20 15:28:08
KTLX,s3://unidata-nexrad-level2/2023/04/20/KTLX/KTLX20230420_152808_V06,2023-04-20 15:28:08,2023-04-20 15:31:44
KTLX,s3://unidata-nexrad-level2/2023/04/20/KTLX/KTLX20230420_153144_V06,2023-04-20 15:31:44,2023-04-20 15:35:20
KTLX,s3://unidata-nexrad-level2/2023/04/20/KTLX/KTLX20230420_153520_V06,2023-04-20 15:35:20,2023-04-20 15:38:56
KTLX,s3://unidata-nexrad-level2/2023/04/20/KTLX/KTLX20230420_153856_V06,2023-04-20 15:38:56,2023-04-20 15:42:31
KTLX,s3://unidata-nexrad-level2/2023/04/20/KTLX/KTLX20230420_154231_V06,2023-04-20 15:42:31,2023-04-20 15:46:07
KTLX,s3://unidata-nexrad-level2/2023/04/20/KTLX/KTLX20230420_154607_V06,2023-04-20 15:46:07,2023-04-20 15:49:42
KTLX,s3://unidata-nexrad-level2/2023/04/20/KTLX/KTLX20230420_154942_V06,2023-04-20 15:49:42,2023-04-20 15:53:17
KTLX,s3://unidata-nexrad-level2/2023/04/20/KTLX/KTLX20230420_155317_V06,2023-04-20 15:53:17,2023-04-20 15:56:53
KTLX,s3://unidata-nexrad-level2/2023/04/20/KTLX/KTLX20230420_155653_V06,2023-04-20 15:56:53,2023-04-20 16:00:28
KTLX,s3://unidata-nexrad-level2/2023/04/20/KTLX/KTLX20230420_160028_V06,2023-04-20 16:00:28,2023-04-20 16:04:02
KTLX,s3://unidata-nexrad-level2/2023/04/20/KTLX/KTLX20230420_160402_V06,2023-04-20 16:04:02,2023-04-20 16:07:37
KTLX,s3://unidata-nexrad-level2/2023/04/20/KTLX/KTLX20230420_160737_V06,2023-04-20 16:07:37,2023-04-20 16:11:13
KTLX,s3://unidata-nexrad-level2/2023/04/20/KTLX/KTLX20230420_161113_V06,2023-04-20 16:11:13,2023-04-20 16:14:42
KTLX,s3://unidata-nexrad-level2/2023/04/20/KTLX/KTLX20230420_161442_V06,2023-04-20 16:14:42,2023-04-20 16:18:10
KTLX,s3://unidata-nexrad-level2/2023/04/20/KTLX/KTLX20230420_161810_V06,2023-04-20 16:18:10,2023-04-20 16:21:46
KTLX,s3://unidata-nexrad-level2/2023/04/20/KTLX/KTLX20230420_162146_V06,2023-04-20 16:21:46,2023-04-20 16:25:21
KTLX,s3://unidata-nexrad-level2/2023/04/20/KTLX/KTLX20230420_162521_V06,2023-04-20 16:25:21,2023-04-20 16:28:57
KTLX,s3://unidata-nexrad-level2/2023/04/20/KTLX/KTLX20230420_162857_V06,2023-04-20 16:28:57,2023-04-20 16:32:32
KTLX,s3://unidata-nexrad-level2/2023/04/20/KTLX/KTLX20230420_163232_V06,2023-04-20 16:32:32,2023-04-20 16:36:06
KTLX,s3://unidata-nexrad-level2/2023/04/20/KTLX/KTLX20230420_163606_V06,2023-04-20 16:36:06,2023-04-20 16:39:42
KTLX,s3://unidata-nexrad-level2/2023/04/20/KTLX/KTLX20230420_163942_V06,2023-04-20 16:39:42,2023-04-20 16:43:18
KTLX,s3://unidata-nexrad-level2/2023/04/20/KTLX/KTLX20230420_164318_V06,2023-04-20 16:43:18,2023-04-20 16:46:53
KTLX,s3://unidata-nexrad-level2/2023/04/20/KTLX/KTLX20230420_164653_V06,2023-04-20 16:46:53,2023-04-20 16:50:28
KTLX,s3://unidata-nexrad-level2/2023/04/20/KTLX/KTLX20230420_165028_V06,2023-04-20 16:50:28,2023-04-20 16:54:03
KTLX,s3://unidata-nexrad-level2/2023/04/20/KTLX/KTLX20230420_165403_V06,2023-04-20 16:54:03,2023-04-20 16:57:38
KTLX,s3://unidata-nexrad-level2/2023/04/20/KTLX/KTLX20230420_165738_V06,2023-04-20 16:57:38,2023-04-20 17:01:14
KTLX,s3://unidata-nexrad-level2/2023/04/20/KTLX/KTLX20230420_170114_V06,2023-04-20 17:01:14,2023-04-20 17:04:51
KTLX,s3://unidata-nexrad-level2/2023/04/20/KTLX/KTLX20230420_170451_V06,2023-04-20 17:04:51,2023-04-20 17:08:25
KTLX,s3://unidata-nexrad-level2/2023/04/20/KTLX/KTLX20230420_170825_V06,2023-04-20 17:08:25,2023-04-20 17:12:00
KTLX,s3://unidata-nexrad-level2/2023/04/20/KTLX/KTLX20230420_171200_V06,2023-04-20 17:12:00,2023-04-20 17:15:36
KTLX,s3://unidata-nexrad-level2/2023/04/20/KTLX/KTLX20230420_171536_V06,2023-04-20 17:15:36,2023-04-20 17:19:12
KTLX,s3://unidata-nexrad-level2/2023/04/20/KTLX/KTLX20230420_171912_V06,2023-04-20 17:19:12,2023-04-20 17:22:47
KTLX,s3://unidata-nexrad-level2/2023/04/20/KTLX/KTLX20230420_172247_V06,2023-04-20 17:22:47,2023-04-20 17:26:10
KTLX,s3://unidata-nexrad-level2/2023/04/20/KTLX/KTLX20230420_172610_V06,2023-04-20 17:26:10,2023-04-20 17:29:34
KTLX,s3://unidata-nexrad-level2/2023/04/20/KTLX/KTLX20230420_172934_V06,2023-04-20 17:29:34,2023-04-20 17:32:52
KTLX,s3://unidata-nexrad-level2/2023/04/20/KTLX/KTLX20230420_173252_V06,2023-04-20 17:32:52,2023-04-20 17:36:11
KTLX,s3://unidata-nexrad-level2/2023/04/20/KTLX/KTLX20230420_173611_V06,2023-04-20 17:36:11,2023-04-20 17:39:23
KTLX,s3://unidata-nexrad-level2/2023/04/20/KTLX/KTLX20230420_173923_V06,2023-04-20 17:39:23,2023-04-20 17:42:36
KTLX,s3://unidata-nexrad-level2/2023/04/20/KTLX/KTLX20230420_174236_V06,2023-04-20 17:42:36,2023-04-20 17:45:49
KTLX,s3://unidata-nexrad-level2/2023/04/20/KTLX/KTLX20230420_174549_V06,2023-04-20 17:45:49,2023-04-20 17:49:03
KTLX,s3://unidata-nexrad-level2/2023/04/20/KTLX/KTLX20230420_174903_V06,2023-04-20 17:49:03,2023-04-20 17:52:16
KTLX,s3://unidata-nexrad-level2/2023/04/20/KTLX/KTLX20230420_175216_V06,2023-04-20 17:52:16,2023-04-20 17:55:29
KTLX,s3://unidata-nexrad-level2/2023/04/20/KTLX/KTLX20230420_175529_V06,2023-04-20 17:55:29,2023-04-20 17:58:47
KTLX,s3://unidata-nexrad-level2/2023/04/20/KTLX/KTLX20230420_175847_V06,2023-04-20 17:58:47,2023-04-20 18:02:01
KTLX,s3://unidata-nexrad-level2/2023/04/20/KTLX/KTLX20230420_180201_V06,2023-04-20 18:02:01,2023-04-20 18:05:14
KTLX,s3://unidata-nexrad-level2/2023/04/20/KTLX/KTLX20230420_180514_V06,2023-04-20 18:05:14,2023-04-20 18:08:32
KTLX,s3://unidata-nexrad-level2/2023/04/20/KTLX/KTLX20230420_180832_V06,2023-04-20 18:08:32,2023-04-20 18:12:02
KTLX,s3://unidata-nexrad-level2/2023/04/20/KTLX/KTLX20230420_181202_V06,2023-04-20 18:12:02,2023-04-20 18:15:15
KTLX,s3://unidata-nexrad-level2/2023/04/20/KTLX/KTLX20230420_181515_V06,2023-04-20 18:15:15,2023-04-20 18:18:29
KTLX,s3://unidata-nexrad-level2/2023/04/20/KTLX/KTLX20230420_181829_V06,2023-04-20 18:18:29,2023-04-20 18:21:57
KTLX,s3://unidata-nexrad-level2/2023/04/20/KTLX/KTLX20230420_182157_V06,2023-04-20 18:21:57,2023-04-20 18:25:25
KTLX,s3://unidata-nexrad-level2/2023/04/20/KTLX/KTLX20230420_182525_V06,2023-04-20 18:25:25,2023-04-20 18:28:43
KTLX,s3://unidata-nexrad-level2/2023/04/20/KTLX/KTLX20230420_182843_V06,2023-04-20 18:28:43,2023-04-20 18:32:00
KTLX,s3://unidata-nexrad-level2/2023/04/20/KTLX/KTLX20230420_183200_V06,2023-04-20 18:32:00,2023-04-20 18:35:19
KTLX,s3://unidata-nexrad-level2/2023/04/20/KTLX/KTLX20230420_183519_V06,2023-04-20 18:35:19,2023-04-20 18:38:36
KTLX,s3://unidata-nexrad-level2/2023/04/20/KTLX/KTLX20230420_183836_V06,2023-04-20 18:38:36,2023-04-20 18:41:55
KTLX,s3://unidata-nexrad-level2/2023/04/20/KTLX/KTLX20230420_184155_V06,2023-04-20 18:41:55,2023-04-20 18:45:23
KTLX,s3://unidata-nexrad-level2/2023/04/20/KTLX/KTLX20230420_184523_V06,2023-04-20 18:45:23,2023-04-20 18:48:41
KTLX,s3://unidata-nexrad-level2/2023/04/20/KTLX/KTLX20230420_184841_V06,2023-04-20 18:48:41,2023-04-20 18:51:59
KTLX,s3://unidata-nexrad-level2/2023/04/20/KTLX/KTLX20230420_185159_V06,2023-04-20 18:51:59,2023-04-20 18:55:18
KTLX,s3://unidata-nexrad-level2/2023/04/20/KTLX/KTLX20230420_185518_V06,2023-04-20 18:55:18,2023-04-20 18:59:45
KTLX,s3://unidata-nexrad-level2/2023/04/20/KTLX/KTLX20230420_185945_V06,2023-04-20 18:59:45,2023-04-20 19:03:04
KTLX,s3://unidata-nexrad-level2/2023/04/20/KTLX/KTLX20230420_190304_V06,2023-04-20 19:03:04,2023-04-20 19:06:33
KTLX,s3://unidata-nexrad-level2/2023/04/20/KTLX/KTLX20230420_190633_V06,2023-04-20 19:06:33,2023-04-20 19:10:01
KTLX,s3://unidata-nexrad-level2/2023/04/20/KTLX/KTLX20230420_191001_V06,2023-04-20 19:10:01,2023-04-20 19:13:20
KTLX,s3://unidata-nexrad-level2/2023/04/20/KTLX/KTLX20230420_191320_V06,2023-04-20 19:13:20,2023-04-20 19:16:39
KTLX,s3://unidata-nexrad-level2/2023/04/20/KTLX/KTLX20230420_191639_V06,2023-04-20 19:16:39,2023-04-20 19:19:57
KTLX,s3://unidata-nexrad-level2/2023/04/20/KTLX/KTLX20230420_191957_V06,2023-04-20 19:19:57,2023-04-20 19:23:25
KTLX,s3://unidata-nexrad-level2/2023/04/20/KTLX/KTLX20230420_192325_V06,2023-04-20 19:23:25,2023-04-20 19:26:43
KTLX,s3://unidata-nexrad-level2/2023/04/20/KTLX/KTLX20230420_192643_V06,2023-04-20 19:26:43,2023-04-20 19:30:01
KTLX,s3://unidata-nexrad-level2/2023/04/20/KTLX/KTLX20230420_193001_V06,2023-04-20 19:30:01,2023-04-20 19:33:20
KTLX,s3://unidata-nexrad-level2/2023/04/20/KTLX/KTLX20230420_193320_V06,2023-04-20 19:33:20,2023-04-20 19:36:37
KTLX,s3://unidata-nexrad-level2/2023/04/20/KTLX/KTLX20230420_193637_V06,2023-04-20 19:36:37,2023-04-20 19:40:05
KTLX,s3://unidata-nexrad-level2/2023/04/20/KTLX/KTLX20230420_194005_V06,2023-04-20 19:40:05,2023-04-20 19:43:33
KTLX,s3://unidata-nexrad-level2/2023/04/20/KTLX/KTLX20230420_194333_V06,2023-04-20 19:43:33,2023-04-20 19:47:01
KTLX,s3://unidata-nexrad-level2/2023/04/20/KTLX/KTLX20230420_194701_V06,2023-04-20 19:47:01,2023-04-20 19:50:30
KTLX,s3://unidata-nexrad-level2/2023/04/20/KTLX/KTLX20230420_195030_V06,2023-04-20 19:50:30,2023-04-20 19:53:48
KTLX,s3://unidata-nexrad-level2/2023/04/20/KTLX/KTLX20230420_195348_V06,2023-04-20 19:53:48,2023-04-20 19:57:24
KTLX,s3://unidata-nexrad-level2/2023/04/20/KTLX/KTLX20230420_195724_V06,2023-04-20 19:57:24,2023-04-20 20:00:43
KTLX,s3://unidata-nexrad-level2/2023/04/20/KTLX/KTLX20230420_200043_V06,2023-04-20 20:00:43,2023-04-20 20:04:01
KTLX,s3://unidata-nexrad-level2/2023/04/20/KTLX/KTLX20230420_200401_V06,2023-04-20 20:04:01,2023-04-20 20:07:36
KTLX,s3://unidata-nexrad-level2/2023/04/20/KTLX/KTLX20230420_200736_V06,2023-04-20 20:07:36,2023-04-20 20:11:12
KTLX,s3://unidata-nexrad-level2/2023/04/20/KTLX/KTLX20230420_201112_V06,2023-04-20 20:11:12,2023-04-20 20:14:47
KTLX,s3://unidata-nexrad-level2/2023/04/20/KTLX/KTLX20230420_201447_V06,2023-04-20 20:14:47,2023-04-20 20:18:23
KTLX,s3://unidata-nexrad-level2/2023/04/20/KTLX/KTLX20230420_201823_V06,2023-04-20 20:18:23,2023-04-20 20:21:58
KTLX,s3://unidata-nexrad-level2/2023/04/20/KTLX/KTLX20230420_202158_V06,2023-04-20 20:21:58,2023-04-20 20:25:34
KTLX,s3://unidata-nexrad-level2/2023/04/20/KTLX/KTLX20230420_202534_V06,2023-04-20 20:25:34,2023-04-20 20:29:10
KTLX,s3://unidata-nexrad-level2/2023/04/20/KTLX/KTLX20230420_202910_V06,2023-04-20 20:29:10,2023-04-20 20:32:37
KTLX,s3://unidata-nexrad-level2/2023/04/20/KTLX/KTLX20230420_203237_V06,2023-04-20 20:32:37,2023-04-20 20:36:06
KTLX,s3://unidata-nexrad-level2/2023/04/20/KTLX/KTLX20230420_203606_V06,2023-04-20 20:36:06,2023-04-20 20:39:34
KTLX,s3://unidata-nexrad-level2/2023/04/20/KTLX/KTLX20230420_203934_V06,2023-04-20 20:39:34,2023-04-20 20:43:02
KTLX,s3://unidata-nexrad-level2/2023/04/20/KTLX/KTLX20230420_204302_V06,2023-04-20 20:43:02,2023-04-20 20:46:31
KTLX,s3://unidata-nexrad-level2/2023/04/20/KTLX/KTLX20230420_204631_V06,2023-04-20 20:46:31,2023-04-20 20:50:06
KTLX,s3://unidata-nexrad-level2/2023/04/20/KTLX/KTLX20230420_205006_V06,2023-04-20 20:50:06,2023-04-20 20:53:35
KTLX,s3://unidata-nexrad-level2/2023/04/20/KTLX/KTLX20230420_205335_V06,2023-04-20 20:53:35,2023-04-20 20:57:10
KTLX,s3://unidata-nexrad-level2/2023/04/20/KTLX/KTLX20230420_205710_V06,2023-04-20 20:57:10,2023-04-20 21:00:45
KTLX,s3://unidata-nexrad-level2/2023/04/20/KTLX/KTLX20230420_210045_V06,2023-04-20 21:00:45,2023-04-20 21:04:21
KTLX,s3://unidata-nexrad-level2/2023/04/20/KTLX/KTLX20230420_210421_V06,2023-04-20 21:04:21,2023-04-20 21:07:55
KTLX,s3://unidata-nexrad-level2/2023/04/20/KTLX/KTLX20230420_210755_V06,2023-04-20 21:07:55,2023-04-20 21:11:18
KTLX,s3://unidata-nexrad-level2/2023/04/20/KTLX/KTLX20230420_211118_V06,2023-04-20 21:11:18,2023-04-20 21:14:47
KTLX,s3://unidata-nexrad-level2/2023/04/20/KTLX/KTLX20230420_211447_V06,2023-04-20 21:14:47,2023-04-20 21:18:15
KTLX,s3://unidata-nexrad-level2/2023/04/20/KTLX/KTLX20230420_211815_V06,2023-04-20 21:18:15,2023-04-20 21:21:43
KTLX,s3://unidata-nexrad-level2/2023/04/20/KTLX/KTLX20230420_212143_V06,2023-04-20 21:21:43,2023-04-20 21:25:12
KTLX,s3://unidata-nexrad-level2/2023/04/20/KTLX/KTLX20230420_212512_V06,2023-04-20 21:25:12,2023-04-20 21:28:41
KTLX,s3://unidata-nexrad-level2/2023/04/20/KTLX/KTLX20230420_212841_V06,2023-04-20 21:28:41,2023-04-20 21:32:11
KTLX,s3://unidata-nexrad-level2/2023/04/20/KTLX/KTLX20230420_213211_V06,2023-04-20 21:32:11,2023-04-20 21:35:45
KTLX,s3://unidata-nexrad-level2/2023/04/20/KTLX/KTLX20230420_213545_V06,2023-04-20 21:35:45,2023-04-20 21:39:21
KTLX,s3://unidata-nexrad-level2/2023/04/20/KTLX/KTLX20230420_213921_V06,2023-04-20 21:39:21,2023-04-20 21:42:57
KTLX,s3://unidata-nexrad-level2/2023/04/20/KTLX/KTLX20230420_214257_V06,2023-04-20 21:42:57,2023-04-20 21:46:33
KTLX,s3://unidata-nexrad-level2/2023/04/20/KTLX/KTLX20230420_214633_V06,2023-04-20 21:46:33,2023-04-20 21:50:02
KTLX,s3://unidata-nexrad-level2/2023/04/20/KTLX/KTLX20230420_215002_V06,2023-04-20 21:50:02,2023-04-20 21:53:38
KTLX,s3://unidata-nexrad-level2/2023/04/20/KTLX/KTLX20230420_215338_V06,2023-04-20 21:53:38,2023-04-20 21:57:07
KTLX,s3://unidata-nexrad-level2/2023/04/20/KTLX/KTLX20230420_215707_V06,2023-04-20 21:57:07,2023-04-20 22:00:42
KTLX,s3://unidata-nexrad-level2/2023/04/20/KTLX/KTLX20230420_220042_V06,2023-04-20 22:00:42,2023-04-20 22:04:16
KTLX,s3://unidata-nexrad-level2/2023/04/20/KTLX/KTLX20230420_220416_V06,2023-04-20 22:04:16,2023-04-20 22:07:51
KTLX,s3://unidata-nexrad-level2/2023/04/20/KTLX/KTLX20230420_220751_V06,2023-04-20 22:07:51,2023-04-20 22:11:26
KTLX,s3://unidata-nexrad-level2/2023/04/20/KTLX/KTLX20230420_221126_V06,2023-04-20 22:11:26,2023-04-20 22:15:01
KTLX,s3://unidata-nexrad-level2/2023/04/20/KTLX/KTLX20230420_221501_V06,2023-04-20 22:15:01,2023-04-20 22:18:36
KTLX,s3://unidata-nexrad-level2/2023/04/20/KTLX/KTLX20230420_221836_V06,2023-04-20 22:18:36,2023-04-20 22:22:12
KTLX,s3://unidata-nexrad-level2/2023/04/20/KTLX/KTLX20230420_222212_V06,2023-04-20 22:22:12,2023-04-20 22:25:40
KTLX,s3://unidata-nexrad-level2/2023/04/20/KTLX/KTLX20230420_222540_V06,2023-04-20 22:25:40,2023-04-20 22:29:09
KTLX,s3://unidata-nexrad-level2/2023/04/20/KTLX/KTLX20230420_222909_V06,2023-04-20 22:29:09,2023-04-20 22:32:36
KTLX,s3://unidata-nexrad-level2/2023/04/20/KTLX/KTLX20230420_223236_V06,2023-04-20 22:32:36,2023-04-20 22:36:11
KTLX,s3://unidata-nexrad-level2/2023/04/20/KTLX/KTLX20230420_223611_V06,2023-04-20 22:36:11,2023-04-20 22:39:40
KTLX,s3://unidata-nexrad-level2/2023/04/20/KTLX/KTLX20230420_223940_V06,2023-04-20 22:39:40,2023-04-20 22:43:09
KTLX,s3://unidata-nexrad-level2/2023/04/20/KTLX/KTLX20230420_224309_V06,2023-04-20 22:43:09,2023-04-20 22:46:37
KTLX,s3://unidata-nexrad-level2/2023/04/20/KTLX/KTLX20230420_224637_V06,2023-04-20 22:46:37,2023-04-20 22:50:12
KTLX,s3://unidata-nexrad-level2/2023/04/20/KTLX/KTLX20230420_225012_V06,2023-04-20 22:50:12,2023-04-20 22:53:47
KTLX,s3://unidata-nexrad-level2/2023/04/20/KTLX/KTLX20230420_225347_V06,2023-04-20 22:53:47,2023-04-20 22:57:16
KTLX,s3://unidata-nexrad-level2/2023/04/20/KTLX/KTLX20230420_225716_V06,2023-04-20 22:57:16,2023-04-20 23:00:51
KTLX,s3://unidata-nexrad-level2/2023/04/20/KTLX/KTLX20230420_230051_V06,2023-04-20 23:00:51,2023-04-20 23:04:25
KTLX,s3://unidata-nexrad-level2/2023/04/20/KTLX/KTLX20230420_230425_V06,2023-04-20 23:04:25,2023-04-20 23:08:00
KTLX,s3://unidata-nexrad-level2/2023/04/20/KTLX/KTLX20230420_230800_V06,2023-04-20 23:08:00,2023-04-20 23:11:36
KTLX,s3://unidata-nexrad-level2/2023/04/20/KTLX/KTLX20230420_231136_V06,2023-04-20 23:11:36,2023-04-20 23:15:12
KTLX,s3://unidata-nexrad-level2/2023/04/20/KTLX/KTLX20230420_231512_V06,2023-04-20 23:15:12,2023-04-20 23:18:48
KTLX,s3://unidata-nexrad-level2/2023/04/20/KTLX/KTLX20230420_231848_V06,2023-04-20 23:18:48,2023-04-20 23:22:23
KTLX,s3://unidata-nexrad-level2/2023/04/20/KTLX/KTLX20230420_232223_V06,2023-04-20 23:22:23,2023-04-20 23:25:58
KTLX,s3://unidata-nexrad-level2/2023/04/20/KTLX/KTLX20230420_232558_V06,2023-04-20 23:25:58,2023-04-20 23:29:34
KTLX,s3://unidata-nexrad-level2/2023/04/20/KTLX/KTLX20230420_232934_V06,2023-04-20 23:29:34,2023-04-20 23:33:08
KTLX,s3://unidata-nexrad-level2/2023/04/20/KTLX/KTLX20230420_233308_V06,2023-04-20 23:33:08,2023-04-20 23:36:44
KTLX,s3://unidata-nexrad-level2/2023/04/20/KTLX/KTLX20230420_233644_V06,2023-04-20 23:36:44,2023-04-20 23:40:19
KTLX,s3://unidata-nexrad-level2/2023/04/20/KTLX/KTLX20230420_234019_V06,2023-04-20 23:40:19,2023-04-20 23:43:55
KTLX,s3://unidata-nexrad-level2/2023/04/20/KTLX/KTLX20230420_234355_V06,2023-04-20 23:43:55,2023-04-20 23:47:30
KTLX,s3://unidata-nexrad-level2/2023/04/20/KTLX/KTLX20230420_234730_V06,2023-04-20 23:47:30,2023-04-20 23:51:06
KTLX,s3://unidata-nexrad-level2/2023/04/20/KTLX/KTLX20230420_235106_V06,2023-04-20 23:51:06,2023-04-20 23:54:42
KTLX,s3://unidata-nexrad-level2/2023/04/20/KTLX/KTLX20230420_235442_V06,2023-04-20 23:54:42,2023-04-20 23:58:17
KTLX,s3://unidata-nexrad-level2/2023/04/20/KTLX/KTLX20230420_235817_V06,2023-04-20 23:58:17,2023-04-21 00:01:51
KTLX,s3://unidata-nexrad-level2/2023/04/21/KTLX/KTLX20230421_000151_V06,2023-04-21 00:01:51,2023-04-21 00:05:26
KTLX,s3://unidata-nexrad-level2/2023/04/21/KTLX/KTLX20230421_000526_V06,2023-04-21 00:05:26,2023-04-21 00:09:01
KTLX,s3://unidata-nexrad-level2/2023/04/21/KTLX/KTLX20230421_000901_V06,2023-04-21 00:09:01,2023-04-21 00:12:36
KTLX,s3://unidata-nexrad-level2/2023/04/21/KTLX/KTLX20230421_001236_V06,2023-04-21 00:12:36,2023-04-21 00:16:11
KTLX,s3://unidata-nexrad-level2/2023/04/21/KTLX/KTLX20230421_001611_V06,2023-04-21 00:16:11,2023-04-21 00:19:46
KTLX,s3://unidata-nexrad-level2/2023/04/21/KTLX/KTLX20230421_001946_V06,2023-04-21 00:19:46,2023-04-21 00:23:21
KTLX,s3://unidata-nexrad-level2/2023/04/21/KTLX/KTLX20230421_002321_V06,2023-04-21 00:23:21,2023-04-21 00:26:58
KTLX,s3://unidata-nexrad-level2/2023/04/21/KTLX/KTLX20230421_002658_V06,2023-04-21 00:26:58,2023-04-21 00:30:26
KTLX,s3://unidata-nexrad-level2/2023/04/21/KTLX/KTLX20230421_003026_V06,2023-04-21 00:30:26,2023-04-21 00:34:01
KTLX,s3://unidata-nexrad-level2/2023/04/21/KTLX/KTLX20230421_003401_V06,2023-04-21 00:34:01,2023-04-21 00:37:24
KTLX,s3://unidata-nexrad-level2/2023/04/21/KTLX/KTLX20230421_003724_V06,2023-04-21 00:37:24,2023-04-21 00:40:59
KTLX,s3://unidata-nexrad-level2/2023/04/21/KTLX/KTLX20230421_004059_V06,2023-04-21 00:40:59,2023-04-21 00:44:27
KTLX,s3://unidata-nexrad-level2/2023/04/21/KTLX/KTLX20230421_004427_V06,2023-04-21 00:44:27,2023-04-21 00:48:03
KTLX,s3://unidata-nexrad-level2/2023/04/21/KTLX/KTLX20230421_004803_V06,2023-04-21 00:48:03,2023-04-21 00:51:38
KTLX,s3://unidata-nexrad-level2/2023/04/21/KTLX/KTLX20230421_005138_V06,2023-04-21 00:51:38,2023-04-21 00:55:02
KTLX,s3://unidata-nexrad-level2/2023/04/21/KTLX/KTLX20230421_005502_V06,2023-04-21 00:55:02,2023-04-21 00:58:37
KTLX,s3://unidata-nexrad-level2/2023/04/21/KTLX/KTLX20230421_005837_V06,2023-04-21 00:58:37,2023-04-21 01:02:11
KTLX,s3://unidata-nexrad-level2/2023/04/21/KTLX/KTLX20230421_010211_V06,2023-04-21 01:02:11,2023-04-21 01:05:46
KTLX,s3://unidata-nexrad-level2/2023/04/21/KTLX/KTLX20230421_010546_V06,2023-04-21 01:05:46,2023-04-21 01:09:15
KTLX,s3://unidata-nexrad-level2/2023/04/21/KTLX/KTLX20230421_010915_V06,2023-04-21 01:09:15,2023-04-21 01:12:43
KTLX,s3://unidata-nexrad-level2/2023/04/21/KTLX/KTLX20230421_011243_V06,2023-04-21 01:12:43,2023-04-21 01:16:12
KTLX,s3://unidata-nexrad-level2/2023/04/21/KTLX/KTLX20230421_011612_V06,2023-04-21 01:16:12,2023-04-21 01:19:40
KTLX,s3://unidata-nexrad-level2/2023/04/21/KTLX/KTLX20230421_011940_V06,2023-04-21 01:19:40,2023-04-21 01:23:09
KTLX,s3://unidata-nexrad-level2/2023/04/21/KTLX/KTLX20230421_012309_V06,2023-04-21 01:23:09,2023-04-21 01:26:37
KTLX,s3://unidata-nexrad-level2/2023/04/21/KTLX/KTLX20230421_012637_V06,2023-04-21 01:26:37,2023-04-21 01:30:05
KTLX,s3://unidata-nexrad-level2/2023/04/21/KTLX/KTLX20230421_013005_V06,2023-04-21 01:30:05,2023-04-21 01:33:27
KTLX,s3://unidata-nexrad-level2/2023/04/21/KTLX/KTLX20230421_013327_V06,2023-04-21 01:33:27,2023-04-21 01:36:50
KTLX,s3://unidata-nexrad-level2/2023/04/21/KTLX/KTLX20230421_013650_V06,2023-04-21 01:36:50,2023-04-21 01:40:14
KTLX,s3://unidata-nexrad-level2/2023/04/21/KTLX/KTLX20230421_014014_V06,2023-04-21 01:40:14,2023-04-21 01:43:38
KTLX,s3://unidata-nexrad-level2/2023/04/21/KTLX/KTLX20230421_014338_V06,2023-04-21 01:43:38,2023-04-21 01:46:51
KTLX,s3://unidata-nexrad-level2/2023/04/21/KTLX/KTLX20230421_014651_V06,2023-04-21 01:46:51,2023-04-21 01:50:09
KTLX,s3://unidata-nexrad-level2/2023/04/21/KTLX/KTLX20230421_015009_V06,2023-04-21 01:50:09,2023-04-21 01:53:28
KTLX,s3://unidata-nexrad-level2/2023/04/21/KTLX/KTLX20230421_015328_V06,2023-04-21 01:53:28,2023-04-21 01:56:46
KTLX,s3://unidata-nexrad-level2/2023/04/21/KTLX/KTLX20230421_015646_V06,2023-04-21 01:56:46,2023-04-21 02:00:03
KTLX,s3://unidata-nexrad-level2/2023/04/21/KTLX/KTLX20230421_020003_V06,2023-04-21 02:00:03,2023-04-21 02:03:22
KTLX,s3://unidata-nexrad-level2/2023/04/21/KTLX/KTLX20230421_020322_V06,2023-04-21 02:03:22,2023-04-21 02:06:40
KTLX,s3://unidata-nexrad-level2/2023/04/21/KTLX/KTLX20230421_020640_V06,2023-04-21 02:06:40,2023-04-21 02:09:58
KTLX,s3://unidata-nexrad-level2/2023/04/21/KTLX/KTLX20230421_020958_V06,2023-04-21 02:09:58,2023-04-21 02:13:16
KTLX,s3://unidata-nexrad-level2/2023/04/21/KTLX/KTLX20230421_021316_V06,2023-04-21 02:13:16,2023-04-21 02:16:35
KTLX,s3://unidata-nexrad-level2/2023/04/21/KTLX/KTLX20230421_021635_V06,2023-04-21 02:16:35,2023-04-21 02:19:53
KTLX,s3://unidata-nexrad-level2/2023/04/21/KTLX/KTLX20230421_021953_V06,2023-04-21 02:19:53,2023-04-21 02:23:17
KTLX,s3://unidata-nexrad-level2/2023/04/21/KTLX/KTLX20230421_022317_V06,2023-04-21 02:23:17,2023-04-21 02:26:41
KTLX,s3://unidata-nexrad-level2/2023/04/21/KTLX/KTLX20230421_022641_V06,2023-04-21 02:26:41,2023-04-21 02:30:05
KTLX,s3://unidata-nexrad-level2/2023/04/21/KTLX/KTLX20230421_023005_V06,2023-04-21 02:30:05,2023-04-21 02:33:28
KTLX,s3://unidata-nexrad-level2/2023/04/21/KTLX/KTLX20230421_023328_V06,2023-04-21 02:33:28,2023-04-21 02:36:58
KTLX,s3://unidata-nexrad-level2/2023/04/21/KTLX/KTLX20230421_023658_V06,2023-04-21 02:36:58,2023-04-21 02:40:26
KTLX,s3://unidata-nexrad-level2/2023/04/21/KTLX/KTLX20230421_024026_V06,2023-04-21 02:40:26,2023-04-21 02:43:49
KTLX,s3://unidata-nexrad-level2/2023/04/21/KTLX/KTLX20230421_024349_V06,2023-04-21 02:43:49,2023-04-21 02:47:12
KTLX,s3://unidata-nexrad-level2/2023/04/21/KTLX/KTLX20230421_024712_V06,2023-04-21 02:47:12,2023-04-21 02:50:40
KTLX,s3://unidata-nexrad-level2/2023/04/21/KTLX/KTLX20230421_025040_V06,2023-04-21 02:50:40,2023-04-21 02:54:15
KTLX,s3://unidata-nexrad-level2/2023/04/21/KTLX/KTLX20230421_025415_V06,2023-04-21 02:54:15,2023-04-21 02:57:45
KTLX,s3://unidata-nexrad-level2/2023/04/21/KTLX/KTLX20230421_025745_V06,2023-04-21 02:57:45,2023-04-21 03:02:25
KTLX,s3://unidata-nexrad-level2/2023/04/21/KTLX/KTLX20230421_030225_V06,2023-04-21 03:02:25,2023-04-21 03:05:54
KTLX,s3://unidata-nexrad-level2/2023/04/21/KTLX/KTLX20230421_030554_V06,2023-04-21 03:05:54,2023-04-21 03:09:22
KTLX,s3://unidata-nexrad-level2/2023/04/21/KTLX/KTLX20230421_030922_V06,2023-04-21 03:09:22,2023-04-21 03:12:50
KTLX,s3://unidata-nexrad-level2/2023/04/21/KTLX/KTLX20230421_031250_V06,2023-04-21 03:12:50,2023-04-21 03:16:18
KTLX,s3://unidata-nexrad-level2/2023/04/21/KTLX/KTLX20230421_031618_V06,2023-04-21 03:16:18,2023-04-21 03:19:47
KTLX,s3://unidata-nexrad-level2/2023/04/21/KTLX/KTLX20230421_031947_V06,2023-04-21 03:19:47,2023-04-21 03:23:15
KTLX,s3://unidata-nexrad-level2/2023/04/21/KTLX/KTLX20230421_032315_V06,2023-04-21 03:23:15,2023-04-21 03:26:43
KTLX,s3://unidata-nexrad-level2/2023/04/21/KTLX/KTLX20230421_032643_V06,2023-04-21 03:26:43,2023-04-21 03:30:11
KTLX,s3://unidata-nexrad-level2/2023/04/21/KTLX/KTLX20230421_033011_V06,2023-04-21 03:30:11,2023-04-21 03:33:38
KTLX,s3://unidata-nexrad-level2/2023/04/21/KTLX/KTLX20230421_033338_V06,2023-04-21 03:33:38,2023-04-21 03:37:07
KTLX,s3://unidata-nexrad-level2/2023/04/21/KTLX/KTLX20230421_033707_V06,2023-04-21 03:37:07,2023-04-21 03:40:36
KTLX,s3://unidata-nexrad-level2/2023/04/21/KTLX/KTLX20230421_034036_V06,2023-04-21 03:40:36,2023-04-21 03:44:04
KTLX,s3://unidata-nexrad-level2/2023/04/21/KTLX/KTLX20230421_034404_V06,2023-04-21 03:44:04,2023-04-21 03:47:33
KTLX,s3://unidata-nexrad-level2/2023/04/21/KTLX/KTLX20230421_034733_V06,2023-04-21 03:47:33,2023-04-21 03:51:02
KTLX,s3://unidata-nexrad-level2/2023/04/21/KTLX/KTLX20230421_035102_V06,2023-04-21 03:51:02,2023-04-21 03:54:25
KTLX,s3://unidata-nexrad-level2/2023/04/21/KTLX/KTLX20230421_035425_V06,2023-04-21 03:54:25,2023-04-21 03:57:48
KTLX,s3://unidata-nexrad-level2/2023/04/21/KTLX/KTLX20230421_035748_V06,2023-04-21 03:57:48,2023-04-21 04:01:10
KTLX,s3://unidata-nexrad-level2/2023/04/21/KTLX/KTLX20230421_040110_V06,2023-04-21 04:01:10,2023-04-21 04:04:34
KTLX,s3://unidata-nexrad-level2/2023/04/21/KTLX/KTLX20230421_040434_V06,2023-04-21 04:04:34,2023-04-21 04:07:57
KTLX,s3://unidata-nexrad-level2/2023/04/21/KTLX/KTLX20230421_040757_V06,2023-04-21 04:07:57,2023-04-21 04:11:32
KTLX,s3://unidata-nexrad-level2/2023/04/21/KTLX/KTLX20230421_041132_V06,2023-04-21 04:11:32,2023-04-21 04:15:07
KTLX,s3://unidata-nexrad-level2/2023/04/21/KTLX/KTLX20230421_041507_V06,2023-04-21 04:15:07,2023-04-21 04:18:30
KTLX,s3://unidata-nexrad-level2/2023/04/21/KTLX/KTLX20230421_041830_V06,2023-04-21 04:18:30,2023-04-21 04:22:06
KTLX,s3://unidata-nexrad-level2/2023/04/21/KTLX/KTLX20230421_042206_V06,2023-04-21 04:22:06,2023-04-21 04:25:29
KTLX,s3://unidata-nexrad-level2/2023/04/21/KTLX/KTLX20230421_042529_V06,2023-04-21 04:25:29,2023-04-21 04:29:05
KTLX,s3://unidata-nexrad-level2/2023/04/21/KTLX/KTLX20230421_042905_V06,2023-04-21 04:29:05,2023-04-21 04:32:40
KTLX,s3://unidata-nexrad-level2/2023/04/21/KTLX/KTLX20230421_043240_V06,2023-04-21 04:32:40,2023-04-21 04:36:15
KTLX,s3://unidata-nexrad-level2/2023/04/21/KTLX/KTLX20230421_043615_V06,2023-04-21 04:36:15,2023-04-21 04:39:39
KTLX,s3://unidata-nexrad-level2/2023/04/21/KTLX/KTLX20230421_043939_V06,2023-04-21 04:39:39,2023-04-21 04:43:03
KTLX,s3://unidata-nexrad-level2/2023/04/21/KTLX/KTLX20230421_044303_V06,2023-04-21 04:43:03,2023-04-21 04:48:03
KTLX,s3://unidata-nexrad-level2/2023/04/21/KTLX/KTLX20230421_044957_V06,2023-04-21 04:49:57,2023-04-21 04:54:57
KTLX,s3://unidata-nexrad-level2/2023/04/21/KTLX/KTLX20230421_045643_V06,2023-04-21 04:56:43,2023-04-21 05:01:43
KTLX,s3://unidata-nexrad-level2/2023/04/21/KTLX/KTLX20230421_050330_V06,2023-04-21 05:03:30,2023-04-21 05:08:30
KTLX,s3://unidata-nexrad-level2/2023/04/21/KTLX/KTLX20230421_051016_V06,2023-04-21 05:10:16,2023-04-21 05:15:16
KTLX,s3://unidata-nexrad-level2/2023/04/21/KTLX/KTLX20230421_051702_V06,2023-04-21 05:17:02,2023-04-21 05:22:02
KTLX,s3://unidata-nexrad-level2/2023/04/21/KTLX/KTLX20230421_052347_V06,2023-04-21 05:23:47,2023-04-21 05:28:47
KTLX,s3://unidata-nexrad-level2/2023/04/21/KTLX/KTLX20230421_053033_V06,2023-04-21 05:30:33,2023-04-21 05:35:33
KTLX,s3://unidata-nexrad-level2/2023/04/21/KTLX/KTLX20230421_053719_V06,2023-04-21 05:37:19,2023-04-21 05:42:19
KTLX,s3://unidata-nexrad-level2/2023/04/21/KTLX/KTLX20230421_054409_V06,2023-04-21 05:44:09,2023-04-21 05:49:09
KTLX,s3://unidata-nexrad-level2/2023/04/21/KTLX/KTLX20230421_055100_V06,2023-04-21 05:51:00,2023-04-21 05:56:00
KTLX,s3://unidata-nexrad-level2/2023/04/21/KTLX/KTLX20230421_055749_V06,2023-04-21 05:57:49,2023-04-21 06:02:49
KTLX,s3://unidata-nexrad-level2/2023/04/21/KTLX/KTLX20230421_060444_V06,2023-04-21 06:04:44,2023-04-21 06:09:44
KTLX,s3://unidata-nexrad-level2/2023/04/21/KTLX/KTLX20230421_061139_V06,2023-04-21 06:11:39,2023-04-21 06:16:39
KTLX,s3://unidata-nexrad-level2/2023/04/21/KTLX/KTLX20230421_061834_V06,2023-04-21 06:18:34,2023-04-21 06:23:34
KTLX,s3://unidata-nexrad-level2/2023/04/21/KTLX/KTLX20230421_062536_V06,2023-04-21 06:25:36,2023-04-21 06:30:36
KTLX,s3://unidata-nexrad-level2/2023/04/21/KTLX/KTLX20230421_063237_V06,2023-04-21 06:32:37,2023-04-21 06:37:37
KTLX,s3://unidata-nexrad-level2/2023/04/21/KTLX/KTLX20230421_063932_V06,2023-04-21 06:39:32,2023-04-21 06:44:32
KTLX,s3://unidata-nexrad-level2/2023/04/21/KTLX/KTLX20230421_064633_V06,2023-04-21 06:46:33,2023-04-21 06:51:33
KTLX,s3://unidata-nexrad-level2/2023/04/21/KTLX/KTLX20230421_065326_V06,2023-04-21 06:53:26,2023-04-21 06:58:26
KTLX,s3://unidata-nexrad-level2/2023/04/21/KTLX/KTLX20230421_070021_V06,2023-04-21 07:00:21,2023-04-21 07:05:21
KTLX,s3://unidata-nexrad-level2/2023/04/21/KTLX/KTLX20230421_070712_V06,2023-04-21 07:07:12,2023-04-21 07:12:12
KTLX,s3://unidata-nexrad-level2/2023/04/21/KTLX/KTLX20230421_071402_V06,2023-04-21 07:14:02,2023-04-21 07:19:02
KTLX,s3://unidata-nexrad-level2/2023/04/21/KTLX/KTLX20230421_072046_V06,2023-04-21 07:20:46,2023-04-21 07:25:46
KTLX,s3://unidata-nexrad-level2/2023/04/21/KTLX/KTLX20230421_072733_V06,2023-04-21 07:27:33,2023-04-21 07:32:33
KTLX,s3://unidata-nexrad-level2/2023/04/21/KTLX/KTLX20230421_073418_V06,2023-04-21 07:34:18,2023-04-21 07:39:18
KTLX,s3://unidata-nexrad-level2/2023/04/21/KTLX/KTLX20230421_074119_V06,2023-04-21 07:41:19,2023-04-21 07:46:19
KTLX,s3://unidata-nexrad-level2/2023/04/21/KTLX/KTLX20230421_074813_V06,2023-04-21 07:48:13,2023-04-21 07:53:13
KTLX,s3://unidata-nexrad-level2/2023/04/21/KTLX/KTLX20230421_075504_V06,2023-04-21 07:55:04,2023-04-21 08:00:04
KTLX,s3://unidata-nexrad-level2/2023/04/21/KTLX/KTLX20230421_080158_V06,2023-04-21 08:01:58,2023-04-21 08:06:58
KTLX,s3://unidata-nexrad-level2/2023/04/21/KTLX/KTLX20230421_080848_V06,2023-04-21 08:08:48,2023-04-21 08:13:48
KTLX,s3://unidata-nexrad-level2/2023/04/21/KTLX/KTLX20230421_081537_V06,2023-04-21 08:15:37,2023-04-21 08:20:37
KTLX,s3://unidata-nexrad-level2/2023/04/21/KTLX/KTLX20230421_082228_V06,2023-04-21 08:22:28,2023-04-21 08:27:28
KTLX,s3://unidata-nexrad-level2/2023/04/21/KTLX/KTLX20230421_082918_V06,2023-04-21 08:29:18,2023-04-21 08:34:18
KTLX,s3://unidata-nexrad-level2/2023/04/21/KTLX/KTLX20230421_083608_V06,2023-04-21 08:36:08,2023-04-21 08:41:08
KTLX,s3://unidata-nexrad-level2/2023/04/21/KTLX/KTLX20230421_084258_V06,2023-04-21 08:42:58,2023-04-21 08:47:58
KTLX,s3://unidata-nexrad-level2/2023/04/21/KTLX/KTLX20230421_084947_V06,2023-04-21 08:49:47,2023-04-21 08:54:47
KTLX,s3://unidata-nexrad-level2/2023/04/21/KTLX/KTLX20230421_085642_V06,2023-04-21 08:56:42,2023-04-21 09:01:42
KTLX,s3://unidata-nexrad-level2/2023/04/21/KTLX/KTLX20230421_090332_V06,2023-04-21 09:03:32,2023-04-21 09:08:32
KTLX,s3://unidata-nexrad-level2/2023/04/21/KTLX/KTLX20230421_091022_V06,2023-04-21 09:10:22,2023-04-21 09:15:22
KTLX,s3://unidata-nexrad-level2/2023/04/21/KTLX/KTLX20230421_091703_V06,2023-04-21 09:17:03,2023-04-21 09:22:03
KTLX,s3://unidata-nexrad-level2/2023/04/21/KTLX/KTLX20230421_092345_V06,2023-04-21 09:23:45,2023-04-21 09:28:45
KTLX,s3://unidata-nexrad-level2/2023/04/21/KTLX/KTLX20230421_093031_V06,2023-04-21 09:30:31,2023-04-21 09:35:31
KTLX,s3://unidata-nexrad-level2/2023/04/21/KTLX/KTLX20230421_093713_V06,2023-04-21 09:37:13,2023-04-21 09:42:13
KTLX,s3://unidata-nexrad-level2/2023/04/21/KTLX/KTLX20230421_094355_V06,2023-04-21 09:43:55,2023-04-21 09:48:55
KTLX,s3://unidata-nexrad-level2/2023/04/21/KTLX/KTLX20230421_095036_V06,2023-04-21 09:50:36,2023-04-21 09:55:36
KTLX,s3://unidata-nexrad-level2/2023/04/21/KTLX/KTLX20230421_095718_V06,2023-04-21 09:57:18,2023-04-21 10:02:18
KTLX,s3://unidata-nexrad-level2/2023/04/21/KTLX/KTLX20230421_100400_V06,2023-04-21 10:04:00,2023-04-21 10:09:00
KTLX,s3://unidata-nexrad-level2/2023/04/21/KTLX/KTLX20230421_101041_V06,2023-04-21 10:10:41,2023-04-21 10:15:41
KTLX,s3://unidata-nexrad-level2/2023/04/21/KTLX/KTLX20230421_101722_V06,2023-04-21 10:17:22,2023-04-21 10:22:22
KTLX,s3://unidata-nexrad-level2/2023/04/21/KTLX/KTLX20230421_102403_V06,2023-04-21 10:24:03,2023-04-21 10:29:03
KTLX,s3://unidata-nexrad-level2/2023/04/21/KTLX/KTLX20230421_103044_V06,2023-04-21 10:30:44,2023-04-21 10:35:44
KTLX,s3://unidata-nexrad-level2/2023/04/21/KTLX/KTLX20230421_103726_V06,2023-04-21 10:37:26,2023-04-21 10:42:26
KTLX,s3://unidata-nexrad-level2/2023/04/21/KTLX/KTLX20230421_104407_V06,2023-04-21 10:44:07,2023-04-21 10:49:07
KTLX,s3://unidata-nexrad-level2/2023/04/21/KTLX/KTLX20230421_105049_V06,2023-04-21 10:50:49,2023-04-21 10:55:49
KTLX,s3://unidata-nexrad-level2/2023/04/21/KTLX/KTLX20230421_105731_V06,2023-04-21 10:57:31,2023-04-21 11:02:31
KTLX,s3://unidata-nexrad-level2/2023/04/21/KTLX/KTLX20230421_110527_V06,2023-04-21 11:05:27,2023-04-21 11:10:27
KTLX,s3://unidata-nexrad-level2/2023/04/21/KTLX/KTLX20230421_111209_V06,2023-04-21 11:12:09,2023-04-21 11:17:09
KTLX,s3://unidata-nexrad-level2/2023/04/21/KTLX/KTLX20230421_111850_V06,2023-04-21 11:18:50,2023-04-21 11:23:50
KTLX,s3://unidata-nexrad-level2/2023/04/21/KTLX/KTLX20230421_112532_V06,2023-04-21 11:25:32,2023-04-21 11:30:32
KTLX,s3://unidata-nexrad-level2/2023/04/21/KTLX/KTLX20230421_113214_V06,2023-04-21 11:32:14,2023-04-21 11:37:14
KTLX,s3://unidata-nexrad-level2/2023/04/21/KTLX/KTLX20230421_113904_V06,2023-04-21 11:39:04,2023-04-21 11:44:04
KTLX,s3://unidata-nexrad-level2/2023/04/21/KTLX/KTLX20230421_114549_V06,2023-04-21 11:45:49,2023-04-21 11:50:49
KTLX,s3://unidata-nexrad-level2/2023/04/21/KTLX/KTLX20230421_115231_V06,2023-04-21 11:52:31,2023-04-21 11:57:31
KTLX,s3://unidata-nexrad-level2/2023/04/21/KTLX/KTLX20230421_115913_V06,2023-04-21 11:59:13,2023-04-21 12:04:13
KTLX,s3://unidata-nexrad-level2/2023/04/21/KTLX/KTLX20230421_120555_V06,2023-04-21 12:05:55,2023-04-21 12:10:55
KTLX,s3://unidata-nexrad-level2/2023/04/21/KTLX/KTLX20230421_121236_V06,2023-04-21 12:12:36,2023-04-21 12:17:36
KTLX,s3://unidata-nexrad-level2/2023/04/21/KTLX/KTLX20230421_121918_V06,2023-04-21 12:19:18,2023-04-21 12:24:18
KTLX,s3://unidata-nexrad-level2/2023/04/21/KTLX/KTLX20230421_122601_V06,2023-04-21 12:26:01,2023-04-21 12:31:01
KTLX,s3://unidata-nexrad-level2/2023/04/21/KTLX/KTLX20230421_123243_V06,2023-04-21 12:32:43,2023-04-21 12:37:43
KTLX,s3://unidata-nexrad-level2/2023/04/21/KTLX/KTLX20230421_123925_V06,2023-04-21 12:39:25,2023-04-21 12:44:25
KTLX,s3://unidata-nexrad-level2/2023/04/21/KTLX/KTLX20230421_124606_V06,2023-04-21 12:46:06,2023-04-21 12:51:06
KTLX,s3://unidata-nexrad-level2/2023/04/21/KTLX/KTLX20230421_125249_V06,2023-04-21 12:52:49,2023-04-21 12:57:49
KTLX,s3://unidata-nexrad-level2/2023/04/21/KTLX/KTLX20230421_125931_V06,2023-04-21 12:59:31,2023-04-21 13:04:31
KTLX,s3://unidata-nexrad-level2/2023/04/21/KTLX/KTLX20230421_130613_V06,2023-04-21 13:06:13,2023-04-21 13:11:13
KTLX,s3://unidata-nexrad-level2/2023/04/21/KTLX/KTLX20230421_131254_V06,2023-04-21 13:12:54,2023-04-21 13:17:54
KTLX,s3://unidata-nexrad-level2/2023/04/21/KTLX/KTLX20230421_131936_V06,2023-04-21 13:19:36,2023-04-21 13:24:36
KTLX,s3://unidata-nexrad-level2/2023/04/21/KTLX/KTLX20230421_132618_V06,2023-04-21 13:26:18,2023-04-21 13:31:18
KTLX,s3://unidata-nexrad-level2/2023/04/21/KTLX/KTLX20230421_133300_V06,2023-04-21 13:33:00,2023-04-21 13:38:00
KTLX,s3://unidata-nexrad-level2/2023/04/21/KTLX/KTLX20230421_133942_V06,2023-04-21 13:39:42,2023-04-21 13:44:42
KTLX,s3://unidata-nexrad-level2/2023/04/21/KTLX/KTLX20230421_134624_V06,2023-04-21 13:46:24,2023-04-21 13:51:24
KTLX,s3://unidata-nexrad-level2/2023/04/21/KTLX/KTLX20230421_135307_V06,2023-04-21 13:53:07,2023-04-21 13:58:07
KTLX,s3://unidata-nexrad-level2/2023/04/21/KTLX/KTLX20230421_140008_V06,2023-04-21 14:00:08,2023-04-21 14:05:08
KTLX,s3://unidata-nexrad-level2/2023/04/21/KTLX/KTLX20230421_140710_V06,2023-04-21 14:07:10,2023-04-21 14:12:10
KTLX,s3://unidata-nexrad-level2/2023/04/21/KTLX/KTLX20230421_141410_V06,2023-04-21 14:14:10,2023-04-21 14:19:10
KTLX,s3://unidata-nexrad-level2/2023/04/21/KTLX/KTLX20230421_142052_V06,2023-04-21 14:20:52,2023-04-21 14:25:52
KTLX,s3://unidata-nexrad-level2/2023/04/21/KTLX/KTLX20230421_142734_V06,2023-04-21 14:27:34,2023-04-21 14:32:34
KTLX,s3://unidata-nexrad-level2/2023/04/21/KTLX/KTLX20230421_143416_V06,2023-04-21 14:34:16,2023-04-21 14:39:16
KTLX,s3://unidata-nexrad-level2/2023/04/21/KTLX/KTLX20230421_144057_V06,2023-04-21 14:40:57,2023-04-21 14:45:57
KTLX,s3://unidata-nexrad-level2/2023/04/21/KTLX/KTLX20230421_144752_V06,2023-04-21 14:47:52,2023-04-21 14:52:52
KTLX,s3://unidata-nexrad-level2/2023/04/21/KTLX/KTLX20230421_145453_V06,2023-04-21 14:54:53,2023-04-21 14:59:53
KTLX,s3://unidata-nexrad-level2/2023/04/21/KTLX/KTLX20230421_150154_V06,2023-04-21 15:01:54,2023-04-21 15:06:54
KTLX,s3://unidata-nexrad-level2/2023/04/21/KTLX/KTLX20230421_150837_V06,2023-04-21 15:08:37,2023-04-21 15:13:37
KTLX,s3://unidata-nexrad-level2/2023/04/21/KTLX/KTLX20230421_151519_V06,2023-04-21 15:15:19,2023-04-21 15:20:19
KTLX,s3://unidata-nexrad-level2/2023/04/21/KTLX/KTLX20230421_152201_V06,2023-04-21 15:22:01,2023-04-21 15:27:01
KTLX,s3://unidata-nexrad-level2/2023/04/21/KTLX/KTLX20230421_152843_V06,2023-04-21 15:28:43,2023-04-21 15:33:43
KTLX,s3://unidata-nexrad-level2/2023/04/21/KTLX/KTLX20230421_153525_V06,2023-04-21 15:35:25,2023-04-21 15:40:25
KTLX,s3://unidata-nexrad-level2/2023/04/21/KTLX/KTLX20230421_154210_V06,2023-04-21 15:42:10,2023-04-21 15:47:10
KTLX,s3://unidata-nexrad-level2/2023/04/21/KTLX/KTLX20230421_154900_V06,2023-04-21 15:49:00,2023-04-21 15:54:00
KTLX,s3://unidata-nexrad-level2/2023/04/21/KTLX/KTLX20230421_155555_V06,2023-04-21 15:55:55,2023-04-21 16:00:55
KTLX,s3://unidata-nexrad-level2/2023/04/21/KTLX/KTLX20230421_160257_V06,2023-04-21 16:02:57,2023-04-21 16:07:57
KTLX,s3://unidata-nexrad-level2/2023/04/21/KTLX/KTLX20230421_161000_V06,2023-04-21 16:10:00,2023-04-21 16:15:00
KTLX,s3://unidata-nexrad-level2/2023/04/21/KTLX/KTLX20230421_161642_V06,2023-04-21 16:16:42,2023-04-21 16:21:42
KTLX,s3://unidata-nexrad-level2/2023/04/21/KTLX/KTLX20230421_162324_V06,2023-04-21 16:23:24,2023-04-21 16:28:24
KTLX,s3://unidata-nexrad-level2/2023/04/21/KTLX/KTLX20230421_163006_V06,2023-04-21 16:30:06,2023-04-21 16:35:06
KTLX,s3://unidata-nexrad-level2/2023/04/21/KTLX/KTLX20230421_163648_V06,2023-04-21 16:36:48,2023-04-21 16:41:48
KTLX,s3://unidata-nexrad-level2/2023/04/21/KTLX/KTLX20230421_164329_V06,2023-04-21 16:43:29,2023-04-21 16:48:29
KTLX,s3://unidata-nexrad-level2/2023/04/21/KTLX/KTLX20230421_165011_V06,2023-04-21 16:50:11,2023-04-21 16:55:11
KTLX,s3://unidata-nexrad-level2/2023/04/21/KTLX/KTLX20230421_165653_V06,2023-04-21 16:56:53,2023-04-21 17:01:53
KTLX,s3://unidata-nexrad-level2/2023/04/21/KTLX/KTLX20230421_170334_V06,2023-04-21 17:03:34,2023-04-21 17:08:34
KTLX,s3://unidata-nexrad-level2/2023/04/21/KTLX/KTLX20230421_171016_V06,2023-04-21 17:10:16,2023-04-21 17:15:16
KTLX,s3://unidata-nexrad-level2/2023/04/21/KTLX/KTLX20230421_171706_V06,2023-04-21 17:17:06,2023-04-21 17:22:06
KTLX,s3://unidata-nexrad-level2/2023/04/21/KTLX/KTLX20230421_172352_V06,2023-04-21 17:23:52,2023-04-21 17:28:52
KTLX,s3://unidata-nexrad-level2/2023/04/21/KTLX/KTLX20230421_173038_V06,2023-04-21 17:30:38,2023-04-21 17:35:38
KTLX,s3://unidata-nexrad-level2/2023/04/21/KTLX/KTLX20230421_173739_V06,2023-04-21 17:37:39,2023-04-21 17:42:39
KTLX,s3://unidata-nexrad-level2/2023/04/21/KTLX/KTLX20230421_174441_V06,2023-04-21 17:44:41,2023-04-21 17:49:41
KTLX,s3://unidata-nexrad-level2/2023/04/21/KTLX/KTLX20230421_175142_V06,2023-04-21 17:51:42,2023-04-21 17:56:42
KTLX,s3://unidata-nexrad-level2/2023/04/21/KTLX/KTLX20230421_175843_V06,2023-04-21 17:58:43,2023-04-21 18:03:43
KTLX,s3://unidata-nexrad-level2/2023/04/21/KTLX/KTLX20230421_180545_V06,2023-04-21 18:05:45,2023-04-21 18:10:45
KTLX,s3://unidata-nexrad-level2/2023/04/21/KTLX/KTLX20230421_181246_V06,2023-04-21 18:12:46,2023-04-21 18:17:46
KTLX,s3://unidata-nexrad-level2/2023/04/21/KTLX/KTLX20230421_181947_V06,2023-04-21 18:19:47,2023-04-21 18:24:47
KTLX,s3://unidata-nexrad-level2/2023/04/21/KTLX/KTLX20230421_182649_V06,2023-04-21 18:26:49,2023-04-21 18:31:49
KTLX,s3://unidata-nexrad-level2/2023/04/21/KTLX/KTLX20230421_183334_V06,2023-04-21 18:33:34,2023-04-21 18:38:34
KTLX,s3://unidata-nexrad-level2/2023/04/21/KTLX/KTLX20230421_184020_V06,2023-04-21 18:40:20,2023-04-21 18:45:20
KTLX,s3://unidata-nexrad-level2/2023/04/21/KTLX/KTLX20230421_184721_V06,2023-04-21 18:47:21,2023-04-21 18:52:21
KTLX,s3://unidata-nexrad-level2/2023/04/21/KTLX/KTLX20230421_185422_V06,2023-04-21 18:54:22,2023-04-21 18:59:22
KTLX,s3://unidata-nexrad-level2/2023/04/21/KTLX/KTLX20230421_190113_V06,2023-04-21 19:01:13,2023-04-21 19:06:13
KTLX,s3://unidata-nexrad-level2/2023/04/21/KTLX/KTLX20230421_190924_V06,2023-04-21 19:09:24,2023-04-21 19:14:24
KTLX,s3://unidata-nexrad-level2/2023/04/21/KTLX/KTLX20230421_191619_V06,2023-04-21 19:16:19,2023-04-21 19:21:19
KTLX,s3://unidata-nexrad-level2/2023/04/21/KTLX/KTLX20230421_192320_V06,2023-04-21 19:23:20,2023-04-21 19:28:20
KTLX,s3://unidata-nexrad-level2/2023/04/21/KTLX/KTLX20230421_193022_V06,2023-04-21 19:30:22,2023-04-21 19:35:22
KTLX,s3://unidata-nexrad-level2/2023/04/21/KTLX/KTLX20230421_193722_V06,2023-04-21 19:37:22,2023-04-21 19:42:22
KTLX,s3://unidata-nexrad-level2/2023/04/21/KTLX/KTLX20230421_194423_V06,2023-04-21 19:44:23,2023-04-21 19:49:23
KTLX,s3://unidata-nexrad-level2/2023/04/21/KTLX/KTLX20230421_195114_V06,2023-04-21 19:51:14,2023-04-21 19:56:14
KTLX,s3://unidata-nexrad-level2/2023/04/21/KTLX/KTLX20230421_195815_V06,2023-04-21 19:58:15,2023-04-21 20:03:15
KTLX,s3://unidata-nexrad-level2/2023/04/21/KTLX/KTLX20230421_200515_V06,2023-04-21 20:05:15,2023-04-21 20:10:15
KTLX,s3://unidata-nexrad-level2/2023/04/21/KTLX/KTLX20230421_201210_V06,2023-04-21 20:12:10,2023-04-21 20:17:10
KTLX,s3://unidata-nexrad-level2/2023/04/21/KTLX/KTLX20230421_201905_V06,2023-04-21 20:19:05,2023-04-21 20:24:05
KTLX,s3://unidata-nexrad-level2/2023/04/21/KTLX/KTLX20230421_202600_V06,2023-04-21 20:26:00,2023-04-21 20:31:00
KTLX,s3://unidata-nexrad-level2/2023/04/21/KTLX/KTLX20230421_203254_V06,2023-04-21 20:32:54,2023-04-21 20:37:54
KTLX,s3://unidata-nexrad-level2/2023/04/21/KTLX/KTLX20230421_203955_V06,2023-04-21 20:39:55,2023-04-21 20:44:55
KTLX,s3://unidata-nexrad-level2/2023/04/21/KTLX/KTLX20230421_204656_V06,2023-04-21 20:46:56,2023-04-21 20:51:56
KTLX,s3://unidata-nexrad-level2/2023/04/21/KTLX/KTLX20230421_205358_V06,2023-04-21 20:53:58,2023-04-21 20:58:58
KTLX,s3://unidata-nexrad-level2/2023/04/21/KTLX/KTLX20230421_210053_V06,2023-04-21 21:00:53,2023-04-21 21:05:53
KTLX,s3://unidata-nexrad-level2/2023/04/21/KTLX/KTLX20230421_210740_V06,2023-04-21 21:07:40,2023-04-21 21:12:40
KTLX,s3://unidata-nexrad-level2/2023/04/21/KTLX/KTLX20230421_211436_V06,2023-04-21 21:14:36,2023-04-21 21:19:36
KTLX,s3://unidata-nexrad-level2/2023/04/21/KTLX/KTLX20230421_212127_V06,2023-04-21 21:21:27,2023-04-21 21:26:27
KTLX,s3://unidata-nexrad-level2/2023/04/21/KTLX/KTLX20230421_212816_V06,2023-04-21 21:28:16,2023-04-21 21:33:16
KTLX,s3://unidata-nexrad-level2/2023/04/21/KTLX/KTLX20230421_213517_V06,2023-04-21 21:35:17,2023-04-21 21:40:17
KTLX,s3://unidata-nexrad-level2/2023/04/21/KTLX/KTLX20230421_214218_V06,2023-04-21 21:42:18,2023-04-21 21:47:18
KTLX,s3://unidata-nexrad-level2/2023/04/21/KTLX/KTLX20230421_214919_V06,2023-04-21 21:49:19,2023-04-21 21:54:19
KTLX,s3://unidata-nexrad-level2/2023/04/21/KTLX/KTLX20230421_215620_V06,2023-04-21 21:56:20,2023-04-21 22:01:20
KTLX,s3://unidata-nexrad-level2/2023/04/21/KTLX/KTLX20230421_220321_V06,2023-04-21 22:03:21,2023-04-21 22:08:21
KTLX,s3://unidata-nexrad-level2/2023/04/21/KTLX/KTLX20230421_221023_V06,2023-04-21 22:10:23,2023-04-21 22:15:23
KTLX,s3://unidata-nexrad-level2/2023/04/21/KTLX/KTLX20230421_221725_V06,2023-04-21 22:17:25,2023-04-21 22:22:25
KTLX,s3://unidata-nexrad-level2/2023/04/21/KTLX/KTLX20230421_222428_V06,2023-04-21 22:24:28,2023-04-21 22:29:28
KTLX,s3://unidata-nexrad-level2/2023/04/21/KTLX/KTLX20230421_223109_V06,2023-04-21 22:31:09,2023-04-21 22:36:09
KTLX,s3://unidata-nexrad-level2/2023/04/21/KTLX/KTLX20230421_223751_V06,2023-04-21 22:37:51,2023-04-21 22:42:51
KTLX,s3://unidata-nexrad-level2/2023/04/21/KTLX/KTLX20230421_224439_V06,2023-04-21 22:44:39,2023-04-21 22:49:39
KTLX,s3://unidata-nexrad-level2/2023/04/21/KTLX/KTLX20230421_225125_V06,2023-04-21 22:51:25,2023-04-21 22:56:25
KTLX,s3://unidata-nexrad-level2/2023/04/21/KTLX/KTLX20230421_225808_V06,2023-04-21 22:58:08,2023-04-21 23:03:08
KTLX,s3://unidata-nexrad-level2/2023/04/21/KTLX/KTLX20230421_230450_V06,2023-04-21 23:04:50,2023-04-21 23:09:50
KTLX,s3://unidata-nexrad-level2/2023/04/21/KTLX/KTLX20230421_231132_V06,2023-04-21 23:11:32,2023-04-21 23:16:32
KTLX,s3://unidata-nexrad-level2/2023/04/21/KTLX/KTLX20230421_231814_V06,2023-04-21 23:18:14,2023-04-21 23:23:14
KTLX,s3://unidata-nexrad-level2/2023/04/21/KTLX/KTLX20230421_232456_V06,2023-04-21 23:24:56,2023-04-21 23:29:56
KTLX,s3://unidata-nexrad-level2/2023/04/21/KTLX/KTLX20230421_233138_V06,2023-04-21 23:31:38,2023-04-21 23:36:38
KTLX,s3://unidata-nexrad-level2/2023/04/21/KTLX/KTLX20230421_233824_V06,2023-04-21 23:38:24,2023-04-21 23:43:24
KTLX,s3://unidata-nexrad-level2/2023/04/21/KTLX/KTLX20230421_234511_V06,2023-04-21 23:45:11,2023-04-21 23:50:11
KTLX,s3://unidata-nexrad-level2/2023/04/21/KTLX/KTLX20230421_235213_V06,2023-04-21 23:52:13,2023-04-21 23:57:13
KTLX,s3://unidata-nexrad-level2/2023/04/21/KTLX/KTLX20230421_235913_V06,2023-04-21 23:59:13,2023-04-22 00:04:13
KTLX,s3://unidata-nexrad-level2/2023/04/22/KTLX/KTLX20230422_000604_V06,2023-04-22 00:06:04,2023-04-22 00:11:04
KTLX,s3://unidata-nexrad-level2/2023/04/22/KTLX/KTLX20230422_001247_V06,2023-04-22 00:12:47,2023-04-22 00:17:47
KTLX,s3://unidata-nexrad-level2/2023/04/22/KTLX/KTLX20230422_001929_V06,2023-04-22 00:19:29,2023-04-22 00:24:29
KTLX,s3://unidata-nexrad-level2/2023/04/22/KTLX/KTLX20230422_002630_V06,2023-04-22 00:26:30,2023-04-22 00:31:30
KTLX,s3://unidata-nexrad-level2/2023/04/22/KTLX/KTLX20230422_003316_V06,2023-04-22 00:33:16,2023-04-22 00:38:16
KTLX,s3://unidata-nexrad-level2/2023/04/22/KTLX/KTLX20230422_003958_V06,2023-04-22 00:39:58,2023-04-22 00:44:58
KTLX,s3://unidata-nexrad-level2/2023/04/22/KTLX/KTLX20230422_004648_V06,2023-04-22 00:46:48,2023-04-22 00:51:48
KTLX,s3://unidata-nexrad-level2/2023/04/22/KTLX/KTLX20230422_005349_V06,2023-04-22 00:53:49,2023-04-22 00:54:24
KTLX,s3://unidata-nexrad-level2/2023/04/22/KTLX/KTLX20230422_005424_V06,2023-04-22 00:54:24,2023-04-22 00:59:24
KTLX,s3://unidata-nexrad-level2/2023/04/22/KTLX/KTLX20230422_010403_V06,2023-04-22 01:04:03,2023-04-22 01:09:03
KTLX,s3://unidata-nexrad-level2/2023/04/22/KTLX/KTLX20230422_011340_V06,2023-04-22 01:13:40,2023-04-22 01:18:40
KTLX,s3://unidata-nexrad-level2/2023/04/22/KTLX/KTLX20230422_012319_V06,2023-04-22 01:23:19,2023-04-22 01:28:19
KTLX,s3://unidata-nexrad-level2/2023/04/22/KTLX/KTLX20230422_013257_V06,2023-04-22 01:32:57,2023-04-22 01:37:57
KTLX,s3://unidata-nexrad-level2/2023/04/22/KTLX/KTLX20230422_014234_V06,2023-04-22 01:42:34,2023-04-22 01:47:34
KTLX,s3://unidata-nexrad-level2/2023/04/22/KTLX/KTLX20230422_015212_V06,2023-04-22 01:52:12,2023-04-22 01:57:12
KTLX,s3://unidata-nexrad-level2/2023/04/22/KTLX/KTLX20230422_020150_V06,2023-04-22 02:01:50,2023-04-22 02:06:50
KTLX,s3://unidata-nexrad-level2/2023/04/22/KTLX/KTLX20230422_021128_V06,2023-04-22 02:11:28,2023-04-22 02:16:28
KTLX,s3://unidata-nexrad-level2/2023/04/22/KTLX/KTLX20230422_022105_V06,2023-04-22 02:21:05,2023-04-22 02:26:05
KTLX,s3://unidata-nexrad-level2/2023/04/22/KTLX/KTLX20230422_023043_V06,2023-04-22 02:30:43,2023-04-22 02:35:43
KTLX,s3://unidata-nexrad-level2/2023/04/22/KTLX/KTLX20230422_024020_V06,2023-04-22 02:40:20,2023-04-22 02:45:20
KTLX,s3://unidata-nexrad-level2/2023/04/22/KTLX/KTLX20230422_024956_V06,2023-04-22 02:49:56,2023-04-22 02:54:56
KTLX,s3://unidata-nexrad-level2/2023/04/22/KTLX/KTLX20230422_025934_V06,2023-04-22 02:59:34,2023-04-22 03:04:34
KTLX,s3://unidata-nexrad-level2/2023/04/22/KTLX/KTLX20230422_031022_V06,2023-04-22 03:10:22,2023-04-22 03:15:22
KTLX,s3://unidata-nexrad-level2/2023/04/22/KTLX/KTLX20230422_032000_V06,2023-04-22 03:20:00,2023-04-22 03:25:00
KTLX,s3://unidata-nexrad-level2/2023/04/22/KTLX/KTLX20230422_032937_V06,2023-04-22 03:29:37,2023-04-22 03:34:37
KTLX,s3://unidata-nexrad-level2/2023/04/22/KTLX/KTLX20230422_033915_V06,2023-04-22 03:39:15,2023-04-22 03:44:15
KTLX,s3://unidata-nexrad-level2/2023/04/22/KTLX/KTLX20230422_034852_V06,2023-04-22 03:48:52,2023-04-22 03:53:52
KTLX,s3://unidata-nexrad-level2/2023/04/22/KTLX/KTLX20230422_035830_V06,2023-04-22 03:58:30,2023-04-22 04:03:30
KTLX,s3://unidata-nexrad-level2/2023/04/22/KTLX/KTLX20230422_040808_V06,2023-04-22 04:08:08,2023-04-22 04:13:08
KTLX,s3://unidata-nexrad-level2/2023/04/22/KTLX/KTLX20230422_041745_V06,2023-04-22 04:17:45,2023-04-22 04:22:45
KTLX,s3://unidata-nexrad-level2/2023/04/22/KTLX/KTLX20230422_042722_V06,2023-04-22 04:27:22,2023-04-22 04:32:22
KTLX,s3://unidata-nexrad-level2/2023/04/22/KTLX/KTLX20230422_043700_V06,2023-04-22 04:37:00,2023-04-22 04:42:00
KTLX,s3://unidata-nexrad-level2/2023/04/22/KTLX/KTLX20230422_044638_V06,2023-04-22 04:46:38,2023-04-22 04:51:38
KTLX,s3://unidata-nexrad-level2/2023/04/22/KTLX/KTLX20230422_045615_V06,2023-04-22 04:56:15,2023-04-22 05:01:15
KTLX,s3://unidata-nexrad-level2/2023/04/22/KTLX/KTLX20230422_050552_V06,2023-04-22 05:05:52,2023-04-22 05:10:52
KTLX,s3://unidata-nexrad-level2/2023/04/22/KTLX/KTLX20230422_051530_V06,2023-04-22 05:15:30,2023-04-22 05:20:30
KTLX,s3://unidata-nexrad-level2/2023/04/22/KTLX/KTLX20230422_052506_V06,2023-04-22 05:25:06,2023-04-22 05:30:06
KTLX,s3://unidata-nexrad-level2/2023/04/22/KTLX/KTLX20230422_053444_V06,2023-04-22 05:34:44,2023-04-22 05:39:44
KTLX,s3://unidata-nexrad-level2/2023/04/22/KTLX/KTLX20230422_054422_V06,2023-04-22 05:44:22,2023-04-22 05:49:22
KTLX,s3://unidata-nexrad-level2/2023/04/22/KTLX/KTLX20230422_055359_V06,2023-04-22 05:53:59,2023-04-22 05:58:59
KTLX,s3://unidata-nexrad-level2/2023/04/22/KTLX/KTLX20230422_060336_V06,2023-04-22 06:03:36,2023-04-22 06:08:36
KTLX,s3://unidata-nexrad-level2/2023/04/22/KTLX/KTLX20230422_061313_V06,2023-04-22 06:13:13,2023-04-22 06:18:13
KTLX,s3://unidata-nexrad-level2/2023/04/22/KTLX/KTLX20230422_062249_V06,2023-04-22 06:22:49,2023-04-22 06:27:49
KTLX,s3://unidata-nexrad-level2/2023/04/22/KTLX/KTLX20230422_063226_V06,2023-04-22 06:32:26,2023-04-22 06:37:26
KTLX,s3://unidata-nexrad-level2/2023/04/22/KTLX/KTLX20230422_064203_V06,2023-04-22 06:42:03,2023-04-22 06:47:03
KTLX,s3://unidata-nexrad-level2/2023/04/22/KTLX/KTLX20230422_065139_V06,2023-04-22 06:51:39,2023-04-22 06:56:39
KTLX,s3://unidata-nexrad-level2/2023/04/22/KTLX/KTLX20230422_070116_V06,2023-04-22 07:01:16,2023-04-22 07:06:16
KTLX,s3://unidata-nexrad-level2/2023/04/22/KTLX/KTLX20230422_071053_V06,2023-04-22 07:10:53,2023-04-22 07:15:53
KTLX,s3://unidata-nexrad-level2/2023/04/22/KTLX/KTLX20230422_072030_V06,2023-04-22 07:20:30,2023-04-22 07:25:30
KTLX,s3://unidata-nexrad-level2/2023/04/22/KTLX/KTLX20230422_073006_V06,2023-04-22 07:30:06,2023-04-22 07:35:06
KTLX,s3://unidata-nexrad-level2/2023/04/22/KTLX/KTLX20230422_073943_V06,2023-04-22 07:39:43,2023-04-22 07:44:43
KTLX,s3://unidata-nexrad-level2/2023/04/22/KTLX/KTLX20230422_074920_V06,2023-04-22 07:49:20,2023-04-22 07:54:20
KTLX,s3://unidata-nexrad-level2/2023/04/22/KTLX/KTLX20230422_075856_V06,2023-04-22 07:58:56,2023-04-22 08:03:56
KTLX,s3://unidata-nexrad-level2/2023/04/22/KTLX/KTLX20230422_080833_V06,2023-04-22 08:08:33,2023-04-22 08:13:33
KTLX,s3://unidata-nexrad-level2/2023/04/22/KTLX/KTLX20230422_081810_V06,2023-04-22 08:18:10,2023-04-22 08:23:10
KTLX,s3://unidata-nexrad-level2/2023/04/22/KTLX/KTLX20230422_082746_V06,2023-04-22 08:27:46,2023-04-22 08:32:46
KTLX,s3://unidata-nexrad-level2/2023/04/22/KTLX/KTLX20230422_083723_V06,2023-04-22 08:37:23,2023-04-22 08:42:23
KTLX,s3://unidata-nexrad-level2/2023/04/22/KTLX/KTLX20230422_084700_V06,2023-04-22 08:47:00,2023-04-22 08:52:00
KTLX,s3://unidata-nexrad-level2/2023/04/22/KTLX/KTLX20230422_085636_V06,2023-04-22 08:56:36,2023-04-22 09:01:36
KTLX,s3://unidata-nexrad-level2/2023/04/22/KTLX/KTLX20230422_090613_V06,2023-04-22 09:06:13,2023-04-22 09:11:13
KTLX,s3://unidata-nexrad-level2/2023/04/22/KTLX/KTLX20230422_091550_V06,2023-04-22 09:15:50,2023-04-22 09:20:50
KTLX,s3://unidata-nexrad-level2/2023/04/22/KTLX/KTLX20230422_092526_V06,2023-04-22 09:25:26,2023-04-22 09:30:26
KTLX,s3://unidata-nexrad-level2/2023/04/22/KTLX/KTLX20230422_093503_V06,2023-04-22 09:35:03,2023-04-22 09:40:03
KTLX,s3://unidata-nexrad-level2/2023/04/22/KTLX/KTLX20230422_094440_V06,2023-04-22 09:44:40,2023-04-22 09:49:40
KTLX,s3://unidata-nexrad-level2/2023/04/22/KTLX/KTLX20230422_095416_V06,2023-04-22 09:54:16,2023-04-22 09:59:16
KTLX,s3://unidata-nexrad-level2/2023/04/22/KTLX/KTLX20230422_100353_V06,2023-04-22 10:03:53,2023-04-22 10:08:53
KTLX,s3://unidata-nexrad-level2/2023/04/22/KTLX/KTLX20230422_101330_V06,2023-04-22 10:13:30,2023-04-22 10:18:30
KTLX,s3://unidata-nexrad-level2/2023/04/22/KTLX/KTLX20230422_102306_V06,2023-04-22 10:23:06,2023-04-22 10:28:06
KTLX,s3://unidata-nexrad-level2/2023/04/22/KTLX/KTLX20230422_103243_V06,2023-04-22 10:32:43,2023-04-22 10:37:43
KTLX,s3://unidata-nexrad-level2/2023/04/22/KTLX/KTLX20230422_104220_V06,2023-04-22 10:42:20,2023-04-22 10:47:20
KTLX,s3://unidata-nexrad-level2/2023/04/22/KTLX/KTLX20230422_105157_V06,2023-04-22 10:51:57,2023-04-22 10:56:57
KTLX,s3://unidata-nexrad-level2/2023/04/22/KTLX/KTLX20230422_110133_V06,2023-04-22 11:01:33,2023-04-22 11:06:33
KTLX,s3://unidata-nexrad-level2/2023/04/22/KTLX/KTLX20230422_111220_V06,2023-04-22 11:12:20,2023-04-22 11:17:20
KTLX,s3://unidata-nexrad-level2/2023/04/22/KTLX/KTLX20230422_112157_V06,2023-04-22 11:21:57,2023-04-22 11:26:57
KTLX,s3://unidata-nexrad-level2/2023/04/22/KTLX/KTLX20230422_113135_V06,2023-04-22 11:31:35,2023-04-22 11:36:35
KTLX,s3://unidata-nexrad-level2/2023/04/22/KTLX/KTLX20230422_114113_V06,2023-04-22 11:41:13,2023-04-22 11:46:13
KTLX,s3://unidata-nexrad-level2/2023/04/22/KTLX/KTLX20230422_115051_V06,2023-04-22 11:50:51,2023-04-22 11:55:51
KTLX,s3://unidata-nexrad-level2/2023/04/22/KTLX/KTLX20230422_120028_V06,2023-04-22 12:00:28,2023-04-22 12:05:28
KTLX,s3://unidata-nexrad-level2/2023/04/22/KTLX/KTLX20230422_121005_V06,2023-04-22 12:10:05,2023-04-22 12:15:05
KTLX,s3://unidata-nexrad-level2/2023/04/22/KTLX/KTLX20230422_121943_V06,2023-04-22 12:19:43,2023-04-22 12:24:43
KTLX,s3://unidata-nexrad-level2/2023/04/22/KTLX/KTLX20230422_122920_V06,2023-04-22 12:29:20,2023-04-22 12:34:20
KTLX,s3://unidata-nexrad-level2/2023/04/22/KTLX/KTLX20230422_123857_V06,2023-04-22 12:38:57,2023-04-22 12:43:57
KTLX,s3://unidata-nexrad-level2/2023/04/22/KTLX/KTLX20230422_124834_V06,2023-04-22 12:48:34,2023-04-22 12:53:34
KTLX,s3://unidata-nexrad-level2/2023/04/22/KTLX/KTLX20230422_125812_V06,2023-04-22 12:58:12,2023-04-22 13:03:12
KTLX,s3://unidata-nexrad-level2/2023/04/22/KTLX/KTLX20230422_130749_V06,2023-04-22 13:07:49,2023-04-22 13:12:49
KTLX,s3://unidata-nexrad-level2/2023/04/22/KTLX/KTLX20230422_131727_V06,2023-04-22 13:17:27,2023-04-22 13:22:27
KTLX,s3://unidata-nexrad-level2/2023/04/22/KTLX/KTLX20230422_132705_V06,2023-04-22 13:27:05,2023-04-22 13:32:05
KTLX,s3://unidata-nexrad-level2/2023/04/22/KTLX/KTLX20230422_133642_V06,2023-04-22 13:36:42,2023-04-22 13:41:42
KTLX,s3://unidata-nexrad-level2/2023/04/22/KTLX/KTLX20230422_134620_V06,2023-04-22 13:46:20,2023-04-22 13:51:20
KTLX,s3://unidata-nexrad-level2/2023/04/22/KTLX/KTLX20230422_135558_V06,2023-04-22 13:55:58,2023-04-22 14:00:58
KTLX,s3://unidata-nexrad-level2/2023/04/22/KTLX/KTLX20230422_140536_V06,2023-04-22 14:05:36,2023-04-22 14:10:36
KTLX,s3://unidata-nexrad-level2/2023/04/22/KTLX/KTLX20230422_141514_V06,2023-04-22 14:15:14,2023-04-22 14:20:14
KTLX,s3://unidata-nexrad-level2/2023/04/22/KTLX/KTLX20230422_142452_V06,2023-04-22 14:24:52,2023-04-22 14:29:52
KTLX,s3://unidata-nexrad-level2/2023/04/22/KTLX/KTLX20230422_143430_V06,2023-04-22 14:34:30,2023-04-22 14:39:30
KTLX,s3://unidata-nexrad-level2/2023/04/22/KTLX/KTLX20230422_144408_V06,2023-04-22 14:44:08,2023-04-22 14:49:08
KTLX,s3://unidata-nexrad-level2/2023/04/22/KTLX/KTLX20230422_145346_V06,2023-04-22 14:53:46,2023-04-22 14:58:46
KTLX,s3://unidata-nexrad-level2/2023/04/22/KTLX/KTLX20230422_150325_V06,2023-04-22 15:03:25,2023-04-22 15:08:25
KTLX,s3://unidata-nexrad-level2/2023/04/22/KTLX/KTLX20230422_151303_V06,2023-04-22 15:13:03,2023-04-22 15:18:03
KTLX,s3://unidata-nexrad-level2/2023/04/22/KTLX/KTLX20230422_152242_V06,2023-04-22 15:22:42,2023-04-22 15:27:42
KTLX,s3://unidata-nexrad-level2/2023/04/22/KTLX/KTLX20230422_153221_V06,2023-04-22 15:32:21,2023-04-22 15:37:21
KTLX,s3://unidata-nexrad-level2/2023/04/22/KTLX/KTLX20230422_154158_V06,2023-04-22 15:41:58,2023-04-22 15:46:58
KTLX,s3://unidata-nexrad-level2/2023/04/22/KTLX/KTLX20230422_155136_V06,2023-04-22 15:51:36,2023-04-22 15:56:36
KTLX,s3://unidata-nexrad-level2/2023/04/22/KTLX/KTLX20230422_160113_V06,2023-04-22 16:01:13,2023-04-22 16:06:13
KTLX,s3://unidata-nexrad-level2/2023/04/22/KTLX/KTLX20230422_161052_V06,2023-04-22 16:10:52,2023-04-22 16:15:52
KTLX,s3://unidata-nexrad-level2/2023/04/22/KTLX/KTLX20230422_162029_V06,2023-04-22 16:20:29,2023-04-22 16:25:29
KTLX,s3://unidata-nexrad-level2/2023/04/22/KTLX/KTLX20230422_163007_V06,2023-04-22 16:30:07,2023-04-22 16:35:07
KTLX,s3://unidata-nexrad-level2/2023/04/22/KTLX/KTLX20230422_163945_V06,2023-04-22 16:39:45,2023-04-22 16:44:45
KTLX,s3://unidata-nexrad-level2/2023/04/22/KTLX/KTLX20230422_164922_V06,2023-04-22 16:49:22,2023-04-22 16:54:22
KTLX,s3://unidata-nexrad-level2/2023/04/22/KTLX/KTLX20230422_165900_V06,2023-04-22 16:59:00,2023-04-22 17:04:00
KTLX,s3://unidata-nexrad-level2/2023/04/22/KTLX/KTLX20230422_170838_V06,2023-04-22 17:08:38,2023-04-22 17:13:38
KTLX,s3://unidata-nexrad-level2/2023/04/22/KTLX/KTLX20230422_171815_V06,2023-04-22 17:18:15,2023-04-22 17:23:15
KTLX,s3://unidata-nexrad-level2/2023/04/22/KTLX/KTLX20230422_172752_V06,2023-04-22 17:27:52,2023-04-22 17:32:52
KTLX,s3://unidata-nexrad-level2/2023/04/22/KTLX/KTLX20230422_173730_V06,2023-04-22 17:37:30,2023-04-22 17:42:30
KTLX,s3://unidata-nexrad-level2/2023/04/22/KTLX/KTLX20230422_174708_V06,2023-04-22 17:47:08,2023-04-22 17:52:08
KTLX,s3://unidata-nexrad-level2/2023/04/22/KTLX/KTLX20230422_175646_V06,2023-04-22 17:56:46,2023-04-22 18:01:46
KTLX,s3://unidata-nexrad-level2/2023/04/22/KTLX/KTLX20230422_180624_V06,2023-04-22 18:06:24,2023-04-22 18:11:24
KTLX,s3://unidata-nexrad-level2/2023/04/22/KTLX/KTLX20230422_181601_V06,2023-04-22 18:16:01,2023-04-22 18:21:01
KTLX,s3://unidata-nexrad-level2/2023/04/22/KTLX/KTLX20230422_182539_V06,2023-04-22 18:25:39,2023-04-22 18:30:39
KTLX,s3://unidata-nexrad-level2/2023/04/22/KTLX/KTLX20230422_183518_V06,2023-04-22 18:35:18,2023-04-22 18:40:18
KTLX,s3://unidata-nexrad-level2/2023/04/22/KTLX/KTLX20230422_184455_V06,2023-04-22 18:44:55,2023-04-22 18:49:55
KTLX,s3://unidata-nexrad-level2/2023/04/22/KTLX/KTLX20230422_185433_V06,2023-04-22 18:54:33,2023-04-22 18:59:33
KTLX,s3://unidata-nexrad-level2/2023/04/22/KTLX/KTLX20230422_190410_V06,2023-04-22 19:04:10,2023-04-22 19:09:10
KTLX,s3://unidata-nexrad-level2/2023/04/22/KTLX/KTLX20230422_191501_V06,2023-04-22 19:15:01,2023-04-22 19:20:01
KTLX,s3://unidata-nexrad-level2/2023/04/22/KTLX/KTLX20230422_192438_V06,2023-04-22 19:24:38,2023-04-22 19:29:38
KTLX,s3://unidata-nexrad-level2/2023/04/22/KTLX/KTLX20230422_193416_V06,2023-04-22 19:34:16,2023-04-22 19:39:16
KTLX,s3://unidata-nexrad-level2/2023/04/22/KTLX/KTLX20230422_194354_V06,2023-04-22 19:43:54,2023-04-22 19:48:54
KTLX,s3://unidata-nexrad-level2/2023/04/22/KTLX/KTLX20230422_195330_V06,2023-04-22 19:53:30,2023-04-22 19:58:30
KTLX,s3://unidata-nexrad-level2/2023/04/22/KTLX/KTLX20230422_200308_V06,2023-04-22 20:03:08,2023-04-22 20:08:08
KTLX,s3://unidata-nexrad-level2/2023/04/22/KTLX/KTLX20230422_201246_V06,2023-04-22 20:12:46,2023-04-22 20:17:46
KTLX,s3://unidata-nexrad-level2/2023/04/22/KTLX/KTLX20230422_201941_V06,2023-04-22 20:19:41,2023-04-22 20:24:41
KTLX,s3://unidata-nexrad-level2/2023/04/22/KTLX/KTLX20230422_202643_V06,2023-04-22 20:26:43,2023-04-22 20:31:43
KTLX,s3://unidata-nexrad-level2/2023/04/22/KTLX/KTLX20230422_203344_V06,2023-04-22 20:33:44,2023-04-22 20:38:44
KTLX,s3://unidata-nexrad-level2/2023/04/22/KTLX/KTLX20230422_204046_V06,2023-04-22 20:40:46,2023-04-22 20:45:46
KTLX,s3://unidata-nexrad-level2/2023/04/22/KTLX/KTLX20230422_204748_V06,2023-04-22 20:47:48,2023-04-22 20:52:48
KTLX,s3://unidata-nexrad-level2/2023/04/22/KTLX/KTLX20230422_205450_V06,2023-04-22 20:54:50,2023-04-22 20:59:50
KTLX,s3://unidata-nexrad-level2/2023/04/22/KTLX/KTLX20230422_210151_V06,2023-04-22 21:01:51,2023-04-22 21:06:51
KTLX,s3://unidata-nexrad-level2/2023/04/22/KTLX/KTLX20230422_210851_V06,2023-04-22 21:08:51,2023-04-22 21:12:43
KTLX,s3://unidata-nexrad-level2/2023/04/22/KTLX/KTLX20230422_211243_V06,2023-04-22 21:12:43,2023-04-22 21:17:43
KTLX,s3://unidata-nexrad-level2/2023/04/22/KTLX/KTLX20230422_211839_V06,2023-04-22 21:18:39,2023-04-22 21:23:39
KTLX,s3://unidata-nexrad-level2/2023/04/22/KTLX/KTLX20230422_212359_V06,2023-04-22 21:23:59,2023-04-22 21:28:59
KTLX,s3://unidata-nexrad-level2/2023/04/22/KTLX/KTLX20230422_212934_V06,2023-04-22 21:29:34,2023-04-22 21:34:34
KTLX,s3://unidata-nexrad-level2/2023/04/22/KTLX/KTLX20230422_213539_V06,2023-04-22 21:35:39,2023-04-22 21:40:39
KTLX,s3://unidata-nexrad-level2/2023/04/22/KTLX/KTLX20230422_214143_V06,2023-04-22 21:41:43,2023-04-22 21:46:43
KTLX,s3://unidata-nexrad-level2/2023/04/22/KTLX/KTLX20230422_214747_V06,2023-04-22 21:47:47,2023-04-22 21:52:47
KTLX,s3://unidata-nexrad-level2/2023/04/22/KTLX/KTLX20230422_215352_V06,2023-04-22 21:53:52,2023-04-22 21:58:52
KTLX,s3://unidata-nexrad-level2/2023/04/22/KTLX/KTLX20230422_220048_V06,2023-04-22 22:00:48,2023-04-22 22:05:48
KTLX,s3://unidata-nexrad-level2/2023/04/22/KTLX/KTLX20230422_220749_V06,2023-04-22 22:07:49,2023-04-22 22:12:49
KTLX,s3://unidata-nexrad-level2/2023/04/22/KTLX/KTLX20230422_221450_V06,2023-04-22 22:14:50,2023-04-22 22:19:50
KTLX,s3://unidata-nexrad-level2/2023/04/22/KTLX/KTLX20230422_222151_V06,2023-04-22 22:21:51,2023-04-22 22:26:51
KTLX,s3://unidata-nexrad-level2/2023/04/22/KTLX/KTLX20230422_222851_V06,2023-04-22 22:28:51,2023-04-22 22:33:51
KTLX,s3://unidata-nexrad-level2/2023/04/22/KTLX/KTLX20230422_223552_V06,2023-04-22 22:35:52,2023-04-22 22:40:52
KTLX,s3://unidata-nexrad-level2/2023/04/22/KTLX/KTLX20230422_224253_V06,2023-04-22 22:42:53,2023-04-22 22:47:53
KTLX,s3://unidata-nexrad-level2/2023/04/22/KTLX/KTLX20230422_224955_V06,2023-04-22 22:49:55,2023-04-22 22:54:55
KTLX,s3://unidata-nexrad-level2/2023/04/22/KTLX/KTLX20230422_225657_V06,2023-04-22 22:56:57,2023-04-22 23:01:57
KTLX,s3://unidata-nexrad-level2/2023/04/22/KTLX/KTLX20230422_230358_V06,2023-04-22 23:03:58,2023-04-22 23:08:01
KTLX,s3://unidata-nexrad-level2/2023/04/22/KTLX/KTLX20230422_230801_V06,2023-04-22 23:08:01,2023-04-22 23:12:29
KTLX,s3://unidata-nexrad-level2/2023/04/22/KTLX/KTLX20230422_231229_V06,2023-04-22 23:12:29,2023-04-22 23:16:43
KTLX,s3://unidata-nexrad-level2/2023/04/22/KTLX/KTLX20230422_231643_V06,2023-04-22 23:16:43,2023-04-22 23:20:57
KTLX,s3://unidata-nexrad-level2/2023/04/22/KTLX/KTLX20230422_232057_V06,2023-04-22 23:20:57,2023-04-22 23:25:12
KTLX,s3://unidata-nexrad-level2/2023/04/22/KTLX/KTLX20230422_232512_V06,2023-04-22 23:25:12,2023-04-22 23:29:27
KTLX,s3://unidata-nexrad-level2/2023/04/22/KTLX/KTLX20230422_232927_V06,2023-04-22 23:29:27,2023-04-22 23:33:43
KTLX,s3://unidata-nexrad-level2/2023/04/22/KTLX/KTLX20230422_233343_V06,2023-04-22 23:33:43,2023-04-22 23:37:46
KTLX,s3://unidata-nexrad-level2/2023/04/22/KTLX/KTLX20230422_233746_V06,2023-04-22 23:37:46,2023-04-22 23:41:48
KTLX,s3://unidata-nexrad-level2/2023/04/22/KTLX/KTLX20230422_234148_V06,2023-04-22 23:41:48,2023-04-22 23:45:37
KTLX,s3://unidata-nexrad-level2/2023/04/22/KTLX/KTLX20230422_234537_V06,2023-04-22 23:45:37,2023-04-22 23:50:17
KTLX,s3://unidata-nexrad-level2/2023/04/22/KTLX/KTLX20230422_235017_V06,2023-04-22 23:50:17,2023-04-22 23:55:08
KTLX,s3://unidata-nexrad-level2/2023/04/22/KTLX/KTLX20230422_235508_V06,2023-04-22 23:55:08,2023-04-22 23:59:58
KTLX,s3://unidata-nexrad-level2/2023/04/22/KTLX/KTLX20230422_235958_V06,2023-04-22 23:59:58,2023-04-23 00:04:49
KTLX,s3://unidata-nexrad-level2/2023/04/23/KTLX/KTLX20230423_000449_V06,2023-04-23 00:04:49,2023-04-23 00:09:40
KTLX,s3://unidata-nexrad-level2/2023/04/23/KTLX/KTLX20230423_000940_V06,2023-04-23 00:09:40,2023-04-23 00:14:30
KTLX,s3://unidata-nexrad-level2/2023/04/23/KTLX/KTLX20230423_001430_V06,2023-04-23 00:14:30,2023-04-23 00:19:30
KTLX,s3://unidata-nexrad-level2/2023/04/23/KTLX/KTLX20230423_001935_V06,2023-04-23 00:19:35,2023-04-23 00:24:09
KTLX,s3://unidata-nexrad-level2/2023/04/23/KTLX/KTLX20230423_002409_V06,2023-04-23 00:24:09,2023-04-23 00:28:39
KTLX,s3://unidata-nexrad-level2/2023/04/23/KTLX/KTLX20230423_002839_V06,2023-04-23 00:28:39,2023-04-23 00:33:29
KTLX,s3://unidata-nexrad-level2/2023/04/23/KTLX/KTLX20230423_003329_V06,2023-04-23 00:33:29,2023-04-23 00:38:19
KTLX,s3://unidata-nexrad-level2/2023/04/23/KTLX/KTLX20230423_003819_V06,2023-04-23 00:38:19,2023-04-23 00:43:19
KTLX,s3://unidata-nexrad-level2/2023/04/23/KTLX/KTLX20230423_004324_V06,2023-04-23 00:43:24,2023-04-23 00:48:24
KTLX,s3://unidata-nexrad-level2/2023/04/23/KTLX/KTLX20230423_004844_V06,2023-04-23 00:48:44,2023-04-23 00:53:44
KTLX,s3://unidata-nexrad-level2/2023/04/23/KTLX/KTLX20230423_005413_V06,2023-04-23 00:54:13,2023-04-23 00:59:13
KTLX,s3://unidata-nexrad-level2/2023/04/23/KTLX/KTLX20230423_005927_V06,2023-04-23 00:59:27,2023-04-23 01:04:27
KTLX,s3://unidata-nexrad-level2/2023/04/23/KTLX/KTLX20230423_010454_V06,2023-04-23 01:04:54,2023-04-23 01:09:54
KTLX,s3://unidata-nexrad-level2/2023/04/23/KTLX/KTLX20230423_011037_V06,2023-04-23 01:10:37,2023-04-23 01:15:37
KTLX,s3://unidata-nexrad-level2/2023/04/23/KTLX/KTLX20230423_011605_V06,2023-04-23 01:16:05,2023-04-23 01:21:05
KTLX,s3://unidata-nexrad-level2/2023/04/23/KTLX/KTLX20230423_012148_V06,2023-04-23 01:21:48,2023-04-23 01:26:48
KTLX,s3://unidata-nexrad-level2/2023/04/23/KTLX/KTLX20230423_012717_V06,2023-04-23 01:27:17,2023-04-23 01:32:17
KTLX,s3://unidata-nexrad-level2/2023/04/23/KTLX/KTLX20230423_013300_V06,2023-04-23 01:33:00,2023-04-23 01:38:00
KTLX,s3://unidata-nexrad-level2/2023/04/23/KTLX/KTLX20230423_013843_V06,2023-04-23 01:38:43,2023-04-23 01:43:43
KTLX,s3://unidata-nexrad-level2/2023/04/23/KTLX/KTLX20230423_014426_V06,2023-04-23 01:44:26,2023-04-23 01:49:26
KTLX,s3://unidata-nexrad-level2/2023/04/23/KTLX/KTLX20230423_015009_V06,2023-04-23 01:50:09,2023-04-23 01:55:09
KTLX,s3://unidata-nexrad-level2/2023/04/23/KTLX/KTLX20230423_015552_V06,2023-04-23 01:55:52,2023-04-23 02:00:52
KTLX,s3://unidata-nexrad-level2/2023/04/23/KTLX/KTLX20230423_020134_V06,2023-04-23 02:01:34,2023-04-23 02:06:34
KTLX,s3://unidata-nexrad-level2/2023/04/23/KTLX/KTLX20230423_020716_V06,2023-04-23 02:07:16,2023-04-23 02:12:16
KTLX,s3://unidata-nexrad-level2/2023/04/23/KTLX/KTLX20230423_021304_V06,2023-04-23 02:13:04,2023-04-23 02:18:04
KTLX,s3://unidata-nexrad-level2/2023/04/23/KTLX/KTLX20230423_021907_V06,2023-04-23 02:19:07,2023-04-23 02:24:07
KTLX,s3://unidata-nexrad-level2/2023/04/23/KTLX/KTLX20230423_022440_V06,2023-04-23 02:24:40,2023-04-23 02:29:40
KTLX,s3://unidata-nexrad-level2/2023/04/23/KTLX/KTLX20230423_022958_V06,2023-04-23 02:29:58,2023-04-23 02:34:58
KTLX,s3://unidata-nexrad-level2/2023/04/23/KTLX/KTLX20230423_023547_V06,2023-04-23 02:35:47,2023-04-23 02:40:47
KTLX,s3://unidata-nexrad-level2/2023/04/23/KTLX/KTLX20230423_024121_V06,2023-04-23 02:41:21,2023-04-23 02:46:21
KTLX,s3://unidata-nexrad-level2/2023/04/23/KTLX/KTLX20230423_024640_V06,2023-04-23 02:46:40,2023-04-23 02:51:40
KTLX,s3://unidata-nexrad-level2/2023/04/23/KTLX/KTLX20230423_025159_V06,2023-04-23 02:51:59,2023-04-23 02:56:59
KTLX,s3://unidata-nexrad-level2/2023/04/23/KTLX/KTLX20230423_025703_V06,2023-04-23 02:57:03,2023-04-23 03:02:03
KTLX,s3://unidata-nexrad-level2/2023/04/23/KTLX/KTLX20230423_030209_V06,2023-04-23 03:02:09,2023-04-23 03:07:09
KTLX,s3://unidata-nexrad-level2/2023/04/23/KTLX/KTLX20230423_030713_V06,2023-04-23 03:07:13,2023-04-23 03:12:13
KTLX,s3://unidata-nexrad-level2/2023/04/23/KTLX/KTLX20230423_031217_V06,2023-04-23 03:12:17,2023-04-23 03:17:17
KTLX,s3://unidata-nexrad-level2/2023/04/23/KTLX/KTLX20230423_031833_V06,2023-04-23 03:18:33,2023-04-23 03:23:33
KTLX,s3://unidata-nexrad-level2/2023/04/23/KTLX/KTLX20230423_032338_V06,2023-04-23 03:23:38,2023-04-23 03:28:38
KTLX,s3://unidata-nexrad-level2/2023/04/23/KTLX/KTLX20230423_032842_V06,2023-04-23 03:28:42,2023-04-23 03:33:42
KTLX,s3://unidata-nexrad-level2/2023/04/23/KTLX/KTLX20230423_033348_V06,2023-04-23 03:33:48,2023-04-23 03:38:48
KTLX,s3://unidata-nexrad-level2/2023/04/23/KTLX/KTLX20230423_033853_V06,2023-04-23 03:38:53,2023-04-23 03:43:53
KTLX,s3://unidata-nexrad-level2/2023/04/23/KTLX/KTLX20230423_034357_V06,2023-04-23 03:43:57,2023-04-23 03:48:57
KTLX,s3://unidata-nexrad-level2/2023/04/23/KTLX/KTLX20230423_034918_V06,2023-04-23 03:49:18,2023-04-23 03:54:18
KTLX,s3://unidata-nexrad-level2/2023/04/23/KTLX/KTLX20230423_035437_V06,2023-04-23 03:54:37,2023-04-23 03:59:37
KTLX,s3://unidata-nexrad-level2/2023/04/23/KTLX/KTLX20230423_035942_V06,2023-04-23 03:59:42,2023-04-23 04:04:33
KTLX,s3://unidata-nexrad-level2/2023/04/23/KTLX/KTLX20230423_040433_V06,2023-04-23 04:04:33,2023-04-23 04:09:24
KTLX,s3://unidata-nexrad-level2/2023/04/23/KTLX/KTLX20230423_040924_V06,2023-04-23 04:09:24,2023-04-23 04:14:00
KTLX,s3://unidata-nexrad-level2/2023/04/23/KTLX/KTLX20230423_041400_V06,2023-04-23 04:14:00,2023-04-23 04:18:35
KTLX,s3://unidata-nexrad-level2/2023/04/23/KTLX/KTLX20230423_041835_V06,2023-04-23 04:18:35,2023-04-23 04:23:11
KTLX,s3://unidata-nexrad-level2/2023/04/23/KTLX/KTLX20230423_042311_V06,2023-04-23 04:23:11,2023-04-23 04:27:46
KTLX,s3://unidata-nexrad-level2/2023/04/23/KTLX/KTLX20230423_042746_V06,2023-04-23 04:27:46,2023-04-23 04:32:46
KTLX,s3://unidata-nexrad-level2/2023/04/23/KTLX/KTLX20230423_043251_V06,2023-04-23 04:32:51,2023-04-23 04:37:41
KTLX,s3://unidata-nexrad-level2/2023/04/23/KTLX/KTLX20230423_043741_V06,2023-04-23 04:37:41,2023-04-23 04:42:32
KTLX,s3://unidata-nexrad-level2/2023/04/23/KTLX/KTLX20230423_044232_V06,2023-04-23 04:42:32,2023-04-23 04:47:08
KTLX,s3://unidata-nexrad-level2/2023/04/23/KTLX/KTLX20230423_044708_V06,2023-04-23 04:47:08,2023-04-23 04:51:44
KTLX,s3://unidata-nexrad-level2/2023/04/23/KTLX/KTLX20230423_045144_V06,2023-04-23 04:51:44,2023-04-23 04:56:20
KTLX,s3://unidata-nexrad-level2/2023/04/23/KTLX/KTLX20230423_045620_V06,2023-04-23 04:56:20,2023-04-23 05:00:55
KTLX,s3://unidata-nexrad-level2/2023/04/23/KTLX/KTLX20230423_050055_V06,2023-04-23 05:00:55,2023-04-23 05:05:31
KTLX,s3://unidata-nexrad-level2/2023/04/23/KTLX/KTLX20230423_050531_V06,2023-04-23 05:05:31,2023-04-23 05:10:07
KTLX,s3://unidata-nexrad-level2/2023/04/23/KTLX/KTLX20230423_051007_V06,2023-04-23 05:10:07,2023-04-23 05:14:43
KTLX,s3://unidata-nexrad-level2/2023/04/23/KTLX/KTLX20230423_051443_V06,2023-04-23 05:14:43,2023-04-23 05:19:18
KTLX,s3://unidata-nexrad-level2/2023/04/23/KTLX/KTLX20230423_051918_V06,2023-04-23 05:19:18,2023-04-23 05:23:54
KTLX,s3://unidata-nexrad-level2/2023/04/23/KTLX/KTLX20230423_052354_V06,2023-04-23 05:23:54,2023-04-23 05:28:30
KTLX,s3://unidata-nexrad-level2/2023/04/23/KTLX/KTLX20230423_052830_V06,2023-04-23 05:28:30,2023-04-23 05:33:05
KTLX,s3://unidata-nexrad-level2/2023/04/23/KTLX/KTLX20230423_053305_V06,2023-04-23 05:33:05,2023-04-23 05:37:41
KTLX,s3://unidata-nexrad-level2/2023/04/23/KTLX/KTLX20230423_053741_V06,2023-04-23 05:37:41,2023-04-23 05:42:17
KTLX,s3://unidata-nexrad-level2/2023/04/23/KTLX/KTLX20230423_054217_V06,2023-04-23 05:42:17,2023-04-23 05:46:52
KTLX,s3://unidata-nexrad-level2/2023/04/23/KTLX/KTLX20230423_054652_V06,2023-04-23 05:46:52,2023-04-23 05:51:28
KTLX,s3://unidata-nexrad-level2/2023/04/23/KTLX/KTLX20230423_055128_V06,2023-04-23 05:51:28,2023-04-23 05:56:04
KTLX,s3://unidata-nexrad-level2/2023/04/23/KTLX/KTLX20230423_055604_V06,2023-04-23 05:56:04,2023-04-23 06:00:40
KTLX,s3://unidata-nexrad-level2/2023/04/23/KTLX/KTLX20230423_060040_V06,2023-04-23 06:00:40,2023-04-23 06:05:15
KTLX,s3://unidata-nexrad-level2/2023/04/23/KTLX/KTLX20230423_060515_V06,2023-04-23 06:05:15,2023-04-23 06:09:49
KTLX,s3://unidata-nexrad-level2/2023/04/23/KTLX/KTLX20230423_060949_V06,2023-04-23 06:09:49,2023-04-23 06:14:24
KTLX,s3://unidata-nexrad-level2/2023/04/23/KTLX/KTLX20230423_061424_V06,2023-04-23 06:14:24,2023-04-23 06:19:00
KTLX,s3://unidata-nexrad-level2/2023/04/23/KTLX/KTLX20230423_061900_V06,2023-04-23 06:19:00,2023-04-23 06:23:50
KTLX,s3://unidata-nexrad-level2/2023/04/23/KTLX/KTLX20230423_062350_V06,2023-04-23 06:23:50,2023-04-23 06:28:26
KTLX,s3://unidata-nexrad-level2/2023/04/23/KTLX/KTLX20230423_062826_V06,2023-04-23 06:28:26,2023-04-23 06:33:02
KTLX,s3://unidata-nexrad-level2/2023/04/23/KTLX/KTLX20230423_063302_V06,2023-04-23 06:33:02,2023-04-23 06:38:02
KTLX,s3://unidata-nexrad-level2/2023/04/23/KTLX/KTLX20230423_063822_V06,2023-04-23 06:38:22,2023-04-23 06:43:22
KTLX,s3://unidata-nexrad-level2/2023/04/23/KTLX/KTLX20230423_064327_V06,2023-04-23 06:43:27,2023-04-23 06:48:27
KTLX,s3://unidata-nexrad-level2/2023/04/23/KTLX/KTLX20230423_064835_V06,2023-04-23 06:48:35,2023-04-23 06:53:29
KTLX,s3://unidata-nexrad-level2/2023/04/23/KTLX/KTLX20230423_065329_V06,2023-04-23 06:53:29,2023-04-23 06:58:23
KTLX,s3://unidata-nexrad-level2/2023/04/23/KTLX/KTLX20230423_065823_V06,2023-04-23 06:58:23,2023-04-23 07:03:23
KTLX,s3://unidata-nexrad-level2/2023/04/23/KTLX/KTLX20230423_070331_V06,2023-04-23 07:03:31,2023-04-23 07:08:31
KTLX,s3://unidata-nexrad-level2/2023/04/23/KTLX/KTLX20230423_070839_V06,2023-04-23 07:08:39,2023-04-23 07:13:37
KTLX,s3://unidata-nexrad-level2/2023/04/23/KTLX/KTLX20230423_071337_V06,2023-04-23 07:13:37,2023-04-23 07:18:30
KTLX,s3://unidata-nexrad-level2/2023/04/23/KTLX/KTLX20230423_071830_V06,2023-04-23 07:18:30,2023-04-23 07:23:14
KTLX,s3://unidata-nexrad-level2/2023/04/23/KTLX/KTLX20230423_072314_V06,2023-04-23 07:23:14,2023-04-23 07:27:58
KTLX,s3://unidata-nexrad-level2/2023/04/23/KTLX/KTLX20230423_072758_V06,2023-04-23 07:27:58,2023-04-23 07:32:43
KTLX,s3://unidata-nexrad-level2/2023/04/23/KTLX/KTLX20230423_073243_V06,2023-04-23 07:32:43,2023-04-23 07:37:12
KTLX,s3://unidata-nexrad-level2/2023/04/23/KTLX/KTLX20230423_073712_V06,2023-04-23 07:37:12,2023-04-23 07:41:42
KTLX,s3://unidata-nexrad-level2/2023/04/23/KTLX/KTLX20230423_074142_V06,2023-04-23 07:41:42,2023-04-23 07:46:11
KTLX,s3://unidata-nexrad-level2/2023/04/23/KTLX/KTLX20230423_074611_V06,2023-04-23 07:46:11,2023-04-23 07:50:40
KTLX,s3://unidata-nexrad-level2/2023/04/23/KTLX/KTLX20230423_075040_V06,2023-04-23 07:50:40,2023-04-23 07:55:09
KTLX,s3://unidata-nexrad-level2/2023/04/23/KTLX/KTLX20230423_075509_V06,2023-04-23 07:55:09,2023-04-23 07:59:40
KTLX,s3://unidata-nexrad-level2/2023/04/23/KTLX/KTLX20230423_075940_V06,2023-04-23 07:59:40,2023-04-23 08:04:09
KTLX,s3://unidata-nexrad-level2/2023/04/23/KTLX/KTLX20230423_080409_V06,2023-04-23 08:04:09,2023-04-23 08:08:38
KTLX,s3://unidata-nexrad-level2/2023/04/23/KTLX/KTLX20230423_080838_V06,2023-04-23 08:08:38,2023-04-23 08:13:07
KTLX,s3://unidata-nexrad-level2/2023/04/23/KTLX/KTLX20230423_081307_V06,2023-04-23 08:13:07,2023-04-23 08:17:36
KTLX,s3://unidata-nexrad-level2/2023/04/23/KTLX/KTLX20230423_081736_V06,2023-04-23 08:17:36,2023-04-23 08:22:06
KTLX,s3://unidata-nexrad-level2/2023/04/23/KTLX/KTLX20230423_082206_V06,2023-04-23 08:22:06,2023-04-23 08:26:26
KTLX,s3://unidata-nexrad-level2/2023/04/23/KTLX/KTLX20230423_082626_V06,2023-04-23 08:26:26,2023-04-23 08:30:46
KTLX,s3://unidata-nexrad-level2/2023/04/23/KTLX/KTLX20230423_083046_V06,2023-04-23 08:30:46,2023-04-23 08:35:06
KTLX,s3://unidata-nexrad-level2/2023/04/23/KTLX/KTLX20230423_083506_V06,2023-04-23 08:35:06,2023-04-23 08:39:25
KTLX,s3://unidata-nexrad-level2/2023/04/23/KTLX/KTLX20230423_083925_V06,2023-04-23 08:39:25,2023-04-23 08:43:45
KTLX,s3://unidata-nexrad-level2/2023/04/23/KTLX/KTLX20230423_084345_V06,2023-04-23 08:43:45,2023-04-23 08:48:05
KTLX,s3://unidata-nexrad-level2/2023/04/23/KTLX/KTLX20230423_084805_V06,2023-04-23 08:48:05,2023-04-23 08:52:24
KTLX,s3://unidata-nexrad-level2/2023/04/23/KTLX/KTLX20230423_085224_V06,2023-04-23 08:52:24,2023-04-23 08:56:44
KTLX,s3://unidata-nexrad-level2/2023/04/23/KTLX/KTLX20230423_085644_V06,2023-04-23 08:56:44,2023-04-23 09:01:04
KTLX,s3://unidata-nexrad-level2/2023/04/23/KTLX/KTLX20230423_090104_V06,2023-04-23 09:01:04,2023-04-23 09:05:20
KTLX,s3://unidata-nexrad-level2/2023/04/23/KTLX/KTLX20230423_090520_V06,2023-04-23 09:05:20,2023-04-23 09:09:35
KTLX,s3://unidata-nexrad-level2/2023/04/23/KTLX/KTLX20230423_090935_V06,2023-04-23 09:09:35,2023-04-23 09:13:50
KTLX,s3://unidata-nexrad-level2/2023/04/23/KTLX/KTLX20230423_091350_V06,2023-04-23 09:13:50,2023-04-23 09:18:05
KTLX,s3://unidata-nexrad-level2/2023/04/23/KTLX/KTLX20230423_091805_V06,2023-04-23 09:18:05,2023-04-23 09:22:21
KTLX,s3://unidata-nexrad-level2/2023/04/23/KTLX/KTLX20230423_092221_V06,2023-04-23 09:22:21,2023-04-23 09:26:37
KTLX,s3://unidata-nexrad-level2/2023/04/23/KTLX/KTLX20230423_092637_V06,2023-04-23 09:26:37,2023-04-23 09:30:52
KTLX,s3://unidata-nexrad-level2/2023/04/23/KTLX/KTLX20230423_093052_V06,2023-04-23 09:30:52,2023-04-23 09:35:07
KTLX,s3://unidata-nexrad-level2/2023/04/23/KTLX/KTLX20230423_093507_V06,2023-04-23 09:35:07,2023-04-23 09:40:07
KTLX,s3://unidata-nexrad-level2/2023/04/23/KTLX/KTLX20230423_094202_V06,2023-04-23 09:42:02,2023-04-23 09:47:02
KTLX,s3://unidata-nexrad-level2/2023/04/23/KTLX/KTLX20230423_094903_V06,2023-04-23 09:49:03,2023-04-23 09:54:03
KTLX,s3://unidata-nexrad-level2/2023/04/23/KTLX/KTLX20230423_095604_V06,2023-04-23 09:56:04,2023-04-23 10:01:04
KTLX,s3://unidata-nexrad-level2/2023/04/23/KTLX/KTLX20230423_100305_V06,2023-04-23 10:03:05,2023-04-23 10:08:05
KTLX,s3://unidata-nexrad-level2/2023/04/23/KTLX/KTLX20230423_101006_V06,2023-04-23 10:10:06,2023-04-23 10:15:06
KTLX,s3://unidata-nexrad-level2/2023/04/23/KTLX/KTLX20230423_101707_V06,2023-04-23 10:17:07,2023-04-23 10:22:07
KTLX,s3://unidata-nexrad-level2/2023/04/23/KTLX/KTLX20230423_102408_V06,2023-04-23 10:24:08,2023-04-23 10:29:08
KTLX,s3://unidata-nexrad-level2/2023/04/23/KTLX/KTLX20230423_103109_V06,2023-04-23 10:31:09,2023-04-23 10:34:34
KTLX,s3://unidata-nexrad-level2/2023/04/23/KTLX/KTLX20230423_103434_V06,2023-04-23 10:34:34,2023-04-23 10:37:52
KTLX,s3://unidata-nexrad-level2/2023/04/23/KTLX/KTLX20230423_103752_V06,2023-04-23 10:37:52,2023-04-23 10:41:11
KTLX,s3://unidata-nexrad-level2/2023/04/23/KTLX/KTLX20230423_104111_V06,2023-04-23 10:41:11,2023-04-23 10:44:25
KTLX,s3://unidata-nexrad-level2/2023/04/23/KTLX/KTLX20230423_104425_V06,2023-04-23 10:44:25,2023-04-23 10:47:39
KTLX,s3://unidata-nexrad-level2/2023/04/23/KTLX/KTLX20230423_104739_V06,2023-04-23 10:47:39,2023-04-23 10:50:58
KTLX,s3://unidata-nexrad-level2/2023/04/23/KTLX/KTLX20230423_105058_V06,2023-04-23 10:50:58,2023-04-23 10:54:17
KTLX,s3://unidata-nexrad-level2/2023/04/23/KTLX/KTLX20230423_105417_V06,2023-04-23 10:54:17,2023-04-23 10:57:36
KTLX,s3://unidata-nexrad-level2/2023/04/23/KTLX/KTLX20230423_105736_V06,2023-04-23 10:57:36,2023-04-23 11:02:36
KTLX,s3://unidata-nexrad-level2/2023/04/23/KTLX/KTLX20230423_110431_V06,2023-04-23 11:04:31,2023-04-23 11:09:31
KTLX,s3://unidata-nexrad-level2/2023/04/23/KTLX/KTLX20230423_111132_V06,2023-04-23 11:11:32,2023-04-23 11:16:32
KTLX,s3://unidata-nexrad-level2/2023/04/23/KTLX/KTLX20230423_111946_V06,2023-04-23 11:19:46,2023-04-23 11:24:46
KTLX,s3://unidata-nexrad-level2/2023/04/23/KTLX/KTLX20230423_112647_V06,2023-04-23 11:26:47,2023-04-23 11:31:47
KTLX,s3://unidata-nexrad-level2/2023/04/23/KTLX/KTLX20230423_113348_V06,2023-04-23 11:33:48,2023-04-23 11:38:48
KTLX,s3://unidata-nexrad-level2/2023/04/23/KTLX/KTLX20230423_114049_V06,2023-04-23 11:40:49,2023-04-23 11:45:49
KTLX,s3://unidata-nexrad-level2/2023/04/23/KTLX/KTLX20230423_114750_V06,2023-04-23 11:47:50,2023-04-23 11:52:50
KTLX,s3://unidata-nexrad-level2/2023/04/23/KTLX/KTLX20230423_115451_V06,2023-04-23 11:54:51,2023-04-23 11:59:51
KTLX,s3://unidata-nexrad-level2/2023/04/23/KTLX/KTLX20230423_120153_V06,2023-04-23 12:01:53,2023-04-23 12:06:53
KTLX,s3://unidata-nexrad-level2/2023/04/23/KTLX/KTLX20230423_120853_V06,2023-04-23 12:08:53,2023-04-23 12:12:18
KTLX,s3://unidata-nexrad-level2/2023/04/23/KTLX/KTLX20230423_121218_V06,2023-04-23 12:12:18,2023-04-23 12:15:55
KTLX,s3://unidata-nexrad-level2/2023/04/23/KTLX/KTLX20230423_121555_V06,2023-04-23 12:15:55,2023-04-23 12:20:19
KTLX,s3://unidata-nexrad-level2/2023/04/23/KTLX/KTLX20230423_122019_V06,2023-04-23 12:20:19,2023-04-23 12:24:49
KTLX,s3://unidata-nexrad-level2/2023/04/23/KTLX/KTLX20230423_122449_V06,2023-04-23 12:24:49,2023-04-23 12:29:19
KTLX,s3://unidata-nexrad-level2/2023/04/23/KTLX/KTLX20230423_122919_V06,2023-04-23 12:29:19,2023-04-23 12:33:55
KTLX,s3://unidata-nexrad-level2/2023/04/23/KTLX/KTLX20230423_123355_V06,2023-04-23 12:33:55,2023-04-23 12:38:30
KTLX,s3://unidata-nexrad-level2/2023/04/23/KTLX/KTLX20230423_123830_V06,2023-04-23 12:38:30,2023-04-23 12:43:06
KTLX,s3://unidata-nexrad-level2/2023/04/23/KTLX/KTLX20230423_124306_V06,2023-04-23 12:43:06,2023-04-23 12:47:36
KTLX,s3://unidata-nexrad-level2/2023/04/23/KTLX/KTLX20230423_124736_V06,2023-04-23 12:47:36,2023-04-23 12:52:06
KTLX,s3://unidata-nexrad-level2/2023/04/23/KTLX/KTLX20230423_125206_V06,2023-04-23 12:52:06,2023-04-23 12:56:35
KTLX,s3://unidata-nexrad-level2/2023/04/23/KTLX/KTLX20230423_125635_V06,2023-04-23 12:56:35,2023-04-23 13:01:04
KTLX,s3://unidata-nexrad-level2/2023/04/23/KTLX/KTLX20230423_130104_V06,2023-04-23 13:01:04,2023-04-23 13:05:34
KTLX,s3://unidata-nexrad-level2/2023/04/23/KTLX/KTLX20230423_130534_V06,2023-04-23 13:05:34,2023-04-23 13:10:02
KTLX,s3://unidata-nexrad-level2/2023/04/23/KTLX/KTLX20230423_131002_V06,2023-04-23 13:10:02,2023-04-23 13:14:28
KTLX,s3://unidata-nexrad-level2/2023/04/23/KTLX/KTLX20230423_131428_V06,2023-04-23 13:14:28,2023-04-23 13:19:28
KTLX,s3://unidata-nexrad-level2/2023/04/23/KTLX/KTLX20230423_132122_V06,2023-04-23 13:21:22,2023-04-23 13:24:47
KTLX,s3://unidata-nexrad-level2/2023/04/23/KTLX/KTLX20230423_132447_V06,2023-04-23 13:24:47,2023-04-23 13:28:11
KTLX,s3://unidata-nexrad-level2/2023/04/23/KTLX/KTLX20230423_132811_V06,2023-04-23 13:28:11,2023-04-23 13:31:30
KTLX,s3://unidata-nexrad-level2/2023/04/23/KTLX/KTLX20230423_133130_V06,2023-04-23 13:31:30,2023-04-23 13:34:49
KTLX,s3://unidata-nexrad-level2/2023/04/23/KTLX/KTLX20230423_133449_V06,2023-04-23 13:34:49,2023-04-23 13:38:08
KTLX,s3://unidata-nexrad-level2/2023/04/23/KTLX/KTLX20230423_133808_V06,2023-04-23 13:38:08,2023-04-23 13:41:27
KTLX,s3://unidata-nexrad-level2/2023/04/23/KTLX/KTLX20230423_134127_V06,2023-04-23 13:41:27,2023-04-23 13:44:47
KTLX,s3://unidata-nexrad-level2/2023/04/23/KTLX/KTLX20230423_134447_V06,2023-04-23 13:44:47,2023-04-23 13:49:11
KTLX,s3://unidata-nexrad-level2/2023/04/23/KTLX/KTLX20230423_134911_V06,2023-04-23 13:49:11,2023-04-23 13:53:31
KTLX,s3://unidata-nexrad-level2/2023/04/23/KTLX/KTLX20230423_135331_V06,2023-04-23 13:53:31,2023-04-23 13:57:47
KTLX,s3://unidata-nexrad-level2/2023/04/23/KTLX/KTLX20230423_135747_V06,2023-04-23 13:57:47,2023-04-23 14:02:03
KTLX,s3://unidata-nexrad-level2/2023/04/23/KTLX/KTLX20230423_140203_V06,2023-04-23 14:02:03,2023-04-23 14:06:18
KTLX,s3://unidata-nexrad-level2/2023/04/23/KTLX/KTLX20230423_140618_V06,2023-04-23 14:06:18,2023-04-23 14:10:33
KTLX,s3://unidata-nexrad-level2/2023/04/23/KTLX/KTLX20230423_141033_V06,2023-04-23 14:10:33,2023-04-23 14:14:49
KTLX,s3://unidata-nexrad-level2/2023/04/23/KTLX/KTLX20230423_141449_V06,2023-04-23 14:14:49,2023-04-23 14:19:05
KTLX,s3://unidata-nexrad-level2/2023/04/23/KTLX/KTLX20230423_141905_V06,2023-04-23 14:19:05,2023-04-23 14:23:20
KTLX,s3://unidata-nexrad-level2/2023/04/23/KTLX/KTLX20230423_142320_V06,2023-04-23 14:23:20,2023-04-23 14:27:36
KTLX,s3://unidata-nexrad-level2/2023/04/23/KTLX/KTLX20230423_142736_V06,2023-04-23 14:27:36,2023-04-23 14:31:56
KTLX,s3://unidata-nexrad-level2/2023/04/23/KTLX/KTLX20230423_143156_V06,2023-04-23 14:31:56,2023-04-23 14:36:15
KTLX,s3://unidata-nexrad-level2/2023/04/23/KTLX/KTLX20230423_143615_V06,2023-04-23 14:36:15,2023-04-23 14:40:35
KTLX,s3://unidata-nexrad-level2/2023/04/23/KTLX/KTLX20230423_144035_V06,2023-04-23 14:40:35,2023-04-23 14:44:55
KTLX,s3://unidata-nexrad-level2/2023/04/23/KTLX/KTLX20230423_144455_V06,2023-04-23 14:44:55,2023-04-23 14:49:15
KTLX,s3://unidata-nexrad-level2/2023/04/23/KTLX/KTLX20230423_144915_V06,2023-04-23 14:49:15,2023-04-23 14:53:35
KTLX,s3://unidata-nexrad-level2/2023/04/23/KTLX/KTLX20230423_145335_V06,2023-04-23 14:53:35,2023-04-23 14:57:55
KTLX,s3://unidata-nexrad-level2/2023/04/23/KTLX/KTLX20230423_145755_V06,2023-04-23 14:57:55,2023-04-23 15:02:55
KTLX,s3://unidata-nexrad-level2/2023/04/23/KTLX/KTLX20230423_150450_V06,2023-04-23 15:04:50,2023-04-23 15:09:50
KTLX,s3://unidata-nexrad-level2/2023/04/23/KTLX/KTLX20230423_151136_V06,2023-04-23 15:11:36,2023-04-23 15:16:36
KTLX,s3://unidata-nexrad-level2/2023/04/23/KTLX/KTLX20230423_151823_V06,2023-04-23 15:18:23,2023-04-23 15:23:23
KTLX,s3://unidata-nexrad-level2/2023/04/23/KTLX/KTLX20230423_152504_V06,2023-04-23 15:25:04,2023-04-23 15:30:04
KTLX,s3://unidata-nexrad-level2/2023/04/23/KTLX/KTLX20230423_153146_V06,2023-04-23 15:31:46,2023-04-23 15:36:46
KTLX,s3://unidata-nexrad-level2/2023/04/23/KTLX/KTLX20230423_153828_V06,2023-04-23 15:38:28,2023-04-23 15:43:28
KTLX,s3://unidata-nexrad-level2/2023/04/23/KTLX/KTLX20230423_154509_V06,2023-04-23 15:45:09,2023-04-23 15:50:09
KTLX,s3://unidata-nexrad-level2/2023/04/23/KTLX/KTLX20230423_155151_V06,2023-04-23 15:51:51,2023-04-23 15:55:16
KTLX,s3://unidata-nexrad-level2/2023/04/23/KTLX/KTLX20230423_155516_V06,2023-04-23 15:55:16,2023-04-23 15:59:41
KTLX,s3://unidata-nexrad-level2/2023/04/23/KTLX/KTLX20230423_155941_V06,2023-04-23 15:59:41,2023-04-23 16:03:57
KTLX,s3://unidata-nexrad-level2/2023/04/23/KTLX/KTLX20230423_160357_V06,2023-04-23 16:03:57,2023-04-23 16:08:12
KTLX,s3://unidata-nexrad-level2/2023/04/23/KTLX/KTLX20230423_160812_V06,2023-04-23 16:08:12,2023-04-23 16:12:28
KTLX,s3://unidata-nexrad-level2/2023/04/23/KTLX/KTLX20230423_161228_V06,2023-04-23 16:12:28,2023-04-23 16:16:43
KTLX,s3://unidata-nexrad-level2/2023/04/23/KTLX/KTLX20230423_161643_V06,2023-04-23 16:16:43,2023-04-23 16:20:59
KTLX,s3://unidata-nexrad-level2/2023/04/23/KTLX/KTLX20230423_162059_V06,2023-04-23 16:20:59,2023-04-23 16:25:16
KTLX,s3://unidata-nexrad-level2/2023/04/23/KTLX/KTLX20230423_162516_V06,2023-04-23 16:25:16,2023-04-23 16:29:32
KTLX,s3://unidata-nexrad-level2/2023/04/23/KTLX/KTLX20230423_162932_V06,2023-04-23 16:29:32,2023-04-23 16:33:48
KTLX,s3://unidata-nexrad-level2/2023/04/23/KTLX/KTLX20230423_163348_V06,2023-04-23 16:33:48,2023-04-23 16:38:03
KTLX,s3://unidata-nexrad-level2/2023/04/23/KTLX/KTLX20230423_163803_V06,2023-04-23 16:38:03,2023-04-23 16:42:19
KTLX,s3://unidata-nexrad-level2/2023/04/23/KTLX/KTLX20230423_164219_V06,2023-04-23 16:42:19,2023-04-23 16:46:35
KTLX,s3://unidata-nexrad-level2/2023/04/23/KTLX/KTLX20230423_164635_V06,2023-04-23 16:46:35,2023-04-23 16:50:51
KTLX,s3://unidata-nexrad-level2/2023/04/23/KTLX/KTLX20230423_165051_V06,2023-04-23 16:50:51,2023-04-23 16:55:07
KTLX,s3://unidata-nexrad-level2/2023/04/23/KTLX/KTLX20230423_165507_V06,2023-04-23 16:55:07,2023-04-23 16:59:23
KTLX,s3://unidata-nexrad-level2/2023/04/23/KTLX/KTLX20230423_165923_V06,2023-04-23 16:59:23,2023-04-23 17:03:39
KTLX,s3://unidata-nexrad-level2/2023/04/23/KTLX/KTLX20230423_170339_V06,2023-04-23 17:03:39,2023-04-23 17:07:55
KTLX,s3://unidata-nexrad-level2/2023/04/23/KTLX/KTLX20230423_170755_V06,2023-04-23 17:07:55,2023-04-23 17:12:11
KTLX,s3://unidata-nexrad-level2/2023/04/23/KTLX/KTLX20230423_171211_V06,2023-04-23 17:12:11,2023-04-23 17:16:27
KTLX,s3://unidata-nexrad-level2/2023/04/23/KTLX/KTLX20230423_171627_V06,2023-04-23 17:16:27,2023-04-23 17:20:43
KTLX,s3://unidata-nexrad-level2/2023/04/23/KTLX/KTLX20230423_172043_V06,2023-04-23 17:20:43,2023-04-23 17:24:59
KTLX,s3://unidata-nexrad-level2/2023/04/23/KTLX/KTLX20230423_172459_V06,2023-04-23 17:24:59,2023-04-23 17:29:15
KTLX,s3://unidata-nexrad-level2/2023/04/23/KTLX/KTLX20230423_172915_V06,2023-04-23 17:29:15,2023-04-23 17:33:31
KTLX,s3://unidata-nexrad-level2/2023/04/23/KTLX/KTLX20230423_173331_V06,2023-04-23 17:33:31,2023-04-23 17:37:51
KTLX,s3://unidata-nexrad-level2/2023/04/23/KTLX/KTLX20230423_173751_V06,2023-04-23 17:37:51,2023-04-23 17:42:06
KTLX,s3://unidata-nexrad-level2/2023/04/23/KTLX/KTLX20230423_174206_V06,2023-04-23 17:42:06,2023-04-23 17:46:26
KTLX,s3://unidata-nexrad-level2/2023/04/23/KTLX/KTLX20230423_174626_V06,2023-04-23 17:46:26,2023-04-23 17:51:02
KTLX,s3://unidata-nexrad-level2/2023/04/23/KTLX/KTLX20230423_175102_V06,2023-04-23 17:51:02,2023-04-23 17:55:38
KTLX,s3://unidata-nexrad-level2/2023/04/23/KTLX/KTLX20230423_175538_V06,2023-04-23 17:55:38,2023-04-23 18:00:38
KTLX,s3://unidata-nexrad-level2/2023/04/23/KTLX/KTLX20230423_180233_V06,2023-04-23 18:02:33,2023-04-23 18:07:33
KTLX,s3://unidata-nexrad-level2/2023/04/23/KTLX/KTLX20230423_180935_V06,2023-04-23 18:09:35,2023-04-23 18:14:35
KTLX,s3://unidata-nexrad-level2/2023/04/23/KTLX/KTLX20230423_181635_V06,2023-04-23 18:16:35,2023-04-23 18:21:35
KTLX,s3://unidata-nexrad-level2/2023/04/23/KTLX/KTLX20230423_182337_V06,2023-04-23 18:23:37,2023-04-23 18:28:37
KTLX,s3://unidata-nexrad-level2/2023/04/23/KTLX/KTLX20230423_183039_V06,2023-04-23 18:30:39,2023-04-23 18:35:39
KTLX,s3://unidata-nexrad-level2/2023/04/23/KTLX/KTLX20230423_183741_V06,2023-04-23 18:37:41,2023-04-23 18:42:41
KTLX,s3://unidata-nexrad-level2/2023/04/23/KTLX/KTLX20230423_184442_V06,2023-04-23 18:44:42,2023-04-23 18:49:42
KTLX,s3://unidata-nexrad-level2/2023/04/23/KTLX/KTLX20230423_185143_V06,2023-04-23 18:51:43,2023-04-23 18:56:43
KTLX,s3://unidata-nexrad-level2/2023/04/23/KTLX/KTLX20230423_185845_V06,2023-04-23 18:58:45,2023-04-23 19:03:45
KTLX,s3://unidata-nexrad-level2/2023/04/23/KTLX/KTLX20230423_190547_V06,2023-04-23 19:05:47,2023-04-23 19:10:47
KTLX,s3://unidata-nexrad-level2/2023/04/23/KTLX/KTLX20230423_191247_V06,2023-04-23 19:12:47,2023-04-23 19:17:47
KTLX,s3://unidata-nexrad-level2/2023/04/23/KTLX/KTLX20230423_192103_V06,2023-04-23 19:21:03,2023-04-23 19:26:03
KTLX,s3://unidata-nexrad-level2/2023/04/23/KTLX/KTLX20230423_192804_V06,2023-04-23 19:28:04,2023-04-23 19:33:04
KTLX,s3://unidata-nexrad-level2/2023/04/23/KTLX/KTLX20230423_193506_V06,2023-04-23 19:35:06,2023-04-23 19:40:06
KTLX,s3://unidata-nexrad-level2/2023/04/23/KTLX/KTLX20230423_194208_V06,2023-04-23 19:42:08,2023-04-23 19:47:08
KTLX,s3://unidata-nexrad-level2/2023/04/23/KTLX/KTLX20230423_194908_V06,2023-04-23 19:49:08,2023-04-23 19:54:08
KTLX,s3://unidata-nexrad-level2/2023/04/23/KTLX/KTLX20230423_195609_V06,2023-04-23 19:56:09,2023-04-23 20:01:09
KTLX,s3://unidata-nexrad-level2/2023/04/23/KTLX/KTLX20230423_200310_V06,2023-04-23 20:03:10,2023-04-23 20:08:10
KTLX,s3://unidata-nexrad-level2/2023/04/23/KTLX/KTLX20230423_201012_V06,2023-04-23 20:10:12,2023-04-23 20:15:12
KTLX,s3://unidata-nexrad-level2/2023/04/23/KTLX/KTLX20230423_201713_V06,2023-04-23 20:17:13,2023-04-23 20:22:13
KTLX,s3://unidata-nexrad-level2/2023/04/23/KTLX/KTLX20230423_202415_V06,2023-04-23 20:24:15,2023-04-23 20:29:15
KTLX,s3://unidata-nexrad-level2/2023/04/23/KTLX/KTLX20230423_203117_V06,2023-04-23 20:31:17,2023-04-23 20:36:17
KTLX,s3://unidata-nexrad-level2/2023/04/23/KTLX/KTLX20230423_203819_V06,2023-04-23 20:38:19,2023-04-23 20:43:19
KTLX,s3://unidata-nexrad-level2/2023/04/23/KTLX/KTLX20230423_204513_V06,2023-04-23 20:45:13,2023-04-23 20:50:13
KTLX,s3://unidata-nexrad-level2/2023/04/23/KTLX/KTLX20230423_205215_V06,2023-04-23 20:52:15,2023-04-23 20:57:15
KTLX,s3://unidata-nexrad-level2/2023/04/23/KTLX/KTLX20230423_205916_V06,2023-04-23 20:59:16,2023-04-23 21:04:16
KTLX,s3://unidata-nexrad-level2/2023/04/23/KTLX/KTLX20230423_210611_V06,2023-04-23 21:06:11,2023-04-23 21:11:11
KTLX,s3://unidata-nexrad-level2/2023/04/23/KTLX/KTLX20230423_211311_V06,2023-04-23 21:13:11,2023-04-23 21:18:11
KTLX,s3://unidata-nexrad-level2/2023/04/23/KTLX/KTLX20230423_212012_V06,2023-04-23 21:20:12,2023-04-23 21:25:12
KTLX,s3://unidata-nexrad-level2/2023/04/23/KTLX/KTLX20230423_212714_V06,2023-04-23 21:27:14,2023-04-23 21:32:14
KTLX,s3://unidata-nexrad-level2/2023/04/23/KTLX/KTLX20230423_213415_V06,2023-04-23 21:34:15,2023-04-23 21:39:15
KTLX,s3://unidata-nexrad-level2/2023/04/23/KTLX/KTLX20230423_214115_V06,2023-04-23 21:41:15,2023-04-23 21:46:15
KTLX,s3://unidata-nexrad-level2/2023/04/23/KTLX/KTLX20230423_214816_V06,2023-04-23 21:48:16,2023-04-23 21:53:16
KTLX,s3://unidata-nexrad-level2/2023/04/23/KTLX/KTLX20230423_215517_V06,2023-04-23 21:55:17,2023-04-23 22:00:17
KTLX,s3://unidata-nexrad-level2/2023/04/23/KTLX/KTLX20230423_220218_V06,2023-04-23 22:02:18,2023-04-23 22:07:18
KTLX,s3://unidata-nexrad-level2/2023/04/23/KTLX/KTLX20230423_220918_V06,2023-04-23 22:09:18,2023-04-23 22:14:18
KTLX,s3://unidata-nexrad-level2/2023/04/23/KTLX/KTLX20230423_221614_V06,2023-04-23 22:16:14,2023-04-23 22:21:14
KTLX,s3://unidata-nexrad-level2/2023/04/23/KTLX/KTLX20230423_222315_V06,2023-04-23 22:23:15,2023-04-23 22:28:15
KTLX,s3://unidata-nexrad-level2/2023/04/23/KTLX/KTLX20230423_223010_V06,2023-04-23 22:30:10,2023-04-23 22:35:10
KTLX,s3://unidata-nexrad-level2/2023/04/23/KTLX/KTLX20230423_223705_V06,2023-04-23 22:37:05,2023-04-23 22:42:05
KTLX,s3://unidata-nexrad-level2/2023/04/23/KTLX/KTLX20230423_224405_V06,2023-04-23 22:44:05,2023-04-23 22:49:05
KTLX,s3://unidata-nexrad-level2/2023/04/23/KTLX/KTLX20230423_225056_V06,2023-04-23 22:50:56,2023-04-23 22:55:56
KTLX,s3://unidata-nexrad-level2/2023/04/23/KTLX/KTLX20230423_225747_V06,2023-04-23 22:57:47,2023-04-23 23:02:47
KTLX,s3://unidata-nexrad-level2/2023/04/23/KTLX/KTLX20230423_230442_V06,2023-04-23 23:04:42,2023-04-23 23:09:42
KTLX,s3://unidata-nexrad-level2/2023/04/23/KTLX/KTLX20230423_231142_V06,2023-04-23 23:11:42,2023-04-23 23:16:42
KTLX,s3://unidata-nexrad-level2/2023/04/23/KTLX/KTLX20230423_231843_V06,2023-04-23 23:18:43,2023-04-23 23:23:43
KTLX,s3://unidata-nexrad-level2/2023/04/23/KTLX/KTLX20230423_232544_V06,2023-04-23 23:25:44,2023-04-23 23:30:44
KTLX,s3://unidata-nexrad-level2/2023/04/23/KTLX/KTLX20230423_233245_V06,2023-04-23 23:32:45,2023-04-23 23:37:45
KTLX,s3://unidata-nexrad-level2/2023/04/23/KTLX/KTLX20230423_233939_V06,2023-04-23 23:39:39,2023-04-23 23:44:39
KTLX,s3://unidata-nexrad-level2/2023/04/23/KTLX/KTLX20230423_234625_V06,2023-04-23 23:46:25,2023-04-23 23:51:25
KTLX,s3://unidata-nexrad-level2/2023/04/23/KTLX/KTLX20230423_235327_V06,2023-04-23 23:53:27,2023-04-23 23:58:27
KTLX,s3://unidata-nexrad-level2/2023/04/24/KTLX/KTLX20230424_000017_V06,2023-04-24 00:00:17,2023-04-24 00:05:17
KTLX,s3://unidata-nexrad-level2/2023/04/24/KTLX/KTLX20230424_000718_V06,2023-04-24 00:07:18,2023-04-24 00:12:18
KTLX,s3://unidata-nexrad-level2/2023/04/24/KTLX/KTLX20230424_001419_V06,2023-04-24 00:14:19,2023-04-24 00:19:19
KTLX,s3://unidata-nexrad-level2/2023/04/24/KTLX/KTLX20230424_002114_V06,2023-04-24 00:21:14,2023-04-24 00:26:14
KTLX,s3://unidata-nexrad-level2/2023/04/24/KTLX/KTLX20230424_002816_V06,2023-04-24 00:28:16,2023-04-24 00:33:16
KTLX,s3://unidata-nexrad-level2/2023/04/24/KTLX/KTLX20230424_003518_V06,2023-04-24 00:35:18,2023-04-24 00:40:18
KTLX,s3://unidata-nexrad-level2/2023/04/24/KTLX/KTLX20230424_004213_V06,2023-04-24 00:42:13,2023-04-24 00:47:13
KTLX,s3://unidata-nexrad-level2/2023/04/24/KTLX/KTLX20230424_004909_V06,2023-04-24 00:49:09,2023-04-24 00:54:09
KTLX,s3://unidata-nexrad-level2/2023/04/24/KTLX/KTLX20230424_005610_V06,2023-04-24 00:56:10,2023-04-24 01:01:10
KTLX,s3://unidata-nexrad-level2/2023/04/24/KTLX/KTLX20230424_010311_V06,2023-04-24 01:03:11,2023-04-24 01:08:11
KTLX,s3://unidata-nexrad-level2/2023/04/24/KTLX/KTLX20230424_011005_V06,2023-04-24 01:10:05,2023-04-24 01:15:05
KTLX,s3://unidata-nexrad-level2/2023/04/24/KTLX/KTLX20230424_011706_V06,2023-04-24 01:17:06,2023-04-24 01:22:06
KTLX,s3://unidata-nexrad-level2/2023/04/24/KTLX/KTLX20230424_012407_V06,2023-04-24 01:24:07,2023-04-24 01:29:07
KTLX,s3://unidata-nexrad-level2/2023/04/24/KTLX/KTLX20230424_013108_V06,2023-04-24 01:31:08,2023-04-24 01:36:08
KTLX,s3://unidata-nexrad-level2/2023/04/24/KTLX/KTLX20230424_013809_V06,2023-04-24 01:38:09,2023-04-24 01:43:09
KTLX,s3://unidata-nexrad-level2/2023/04/24/KTLX/KTLX20230424_014511_V06,2023-04-24 01:45:11,2023-04-24 01:50:11
KTLX,s3://unidata-nexrad-level2/2023/04/24/KTLX/KTLX20230424_015212_V06,2023-04-24 01:52:12,2023-04-24 01:57:12
KTLX,s3://unidata-nexrad-level2/2023/04/24/KTLX/KTLX20230424_015913_V06,2023-04-24 01:59:13,2023-04-24 02:04:13
KTLX,s3://unidata-nexrad-level2/2023/04/24/KTLX/KTLX20230424_020613_V06,2023-04-24 02:06:13,2023-04-24 02:11:13
KTLX,s3://unidata-nexrad-level2/2023/04/24/KTLX/KTLX20230424_021314_V06,2023-04-24 02:13:14,2023-04-24 02:18:14
KTLX,s3://unidata-nexrad-level2/2023/04/24/KTLX/KTLX20230424_022015_V06,2023-04-24 02:20:15,2023-04-24 02:25:15
KTLX,s3://unidata-nexrad-level2/2023/04/24/KTLX/KTLX20230424_022716_V06,2023-04-24 02:27:16,2023-04-24 02:32:16
KTLX,s3://unidata-nexrad-level2/2023/04/24/KTLX/KTLX20230424_023417_V06,2023-04-24 02:34:17,2023-04-24 02:39:17
KTLX,s3://unidata-nexrad-level2/2023/04/24/KTLX/KTLX20230424_024118_V06,2023-04-24 02:41:18,2023-04-24 02:46:18
KTLX,s3://unidata-nexrad-level2/2023/04/24/KTLX/KTLX20230424_024818_V06,2023-04-24 02:48:18,2023-04-24 02:53:18
KTLX,s3://unidata-nexrad-level2/2023/04/24/KTLX/KTLX20230424_025519_V06,2023-04-24 02:55:19,2023-04-24 03:00:19
KTLX,s3://unidata-nexrad-level2/2023/04/24/KTLX/KTLX20230424_030220_V06,2023-04-24 03:02:20,2023-04-24 03:07:20
KTLX,s3://unidata-nexrad-level2/2023/04/24/KTLX/KTLX20230424_030919_V06,2023-04-24 03:09:19,2023-04-24 03:14:19
KTLX,s3://unidata-nexrad-level2/2023/04/24/KTLX/KTLX20230424_031620_V06,2023-04-24 03:16:20,2023-04-24 03:21:20
KTLX,s3://unidata-nexrad-level2/2023/04/24/KTLX/KTLX20230424_032436_V06,2023-04-24 03:24:36,2023-04-24 03:29:36
KTLX,s3://unidata-nexrad-level2/2023/04/24/KTLX/KTLX20230424_033137_V06,2023-04-24 03:31:37,2023-04-24 03:36:37
KTLX,s3://unidata-nexrad-level2/2023/04/24/KTLX/KTLX20230424_033837_V06,2023-04-24 03:38:37,2023-04-24 03:43:37
KTLX,s3://unidata-nexrad-level2/2023/04/24/KTLX/KTLX20230424_034537_V06,2023-04-24 03:45:37,2023-04-24 03:50:37
KTLX,s3://unidata-nexrad-level2/2023/04/24/KTLX/KTLX20230424_035238_V06,2023-04-24 03:52:38,2023-04-24 03:57:38
KTLX,s3://unidata-nexrad-level2/2023/04/24/KTLX/KTLX20230424_035938_V06,2023-04-24 03:59:38,2023-04-24 04:04:38
KTLX,s3://unidata-nexrad-level2/2023/04/24/KTLX/KTLX20230424_040639_V06,2023-04-24 04:06:39,2023-04-24 04:11:39
KTLX,s3://unidata-nexrad-level2/2023/04/24/KTLX/KTLX20230424_041339_V06,2023-04-24 04:13:39,2023-04-24 04:18:39
KTLX,s3://unidata-nexrad-level2/2023/04/24/KTLX/KTLX20230424_042040_V06,2023-04-24 04:20:40,2023-04-24 04:25:40
KTLX,s3://unidata-nexrad-level2/2023/04/24/KTLX/KTLX20230424_042740_V06,2023-04-24 04:27:40,2023-04-24 04:32:40
KTLX,s3://unidata-nexrad-level2/2023/04/24/KTLX/KTLX20230424_043440_V06,2023-04-24 04:34:40,2023-04-24 04:39:40
KTLX,s3://unidata-nexrad-level2/2023/04/24/KTLX/KTLX20230424_044141_V06,2023-04-24 04:41:41,2023-04-24 04:46:41
KTLX,s3://unidata-nexrad-level2/2023/04/24/KTLX/KTLX20230424_044841_V06,2023-04-24 04:48:41,2023-04-24 04:53:41
KTLX,s3://unidata-nexrad-level2/2023/04/24/KTLX/KTLX20230424_045542_V06,2023-04-24 04:55:42,2023-04-24 05:00:42
KTLX,s3://unidata-nexrad-level2/2023/04/24/KTLX/KTLX20230424_050243_V06,2023-04-24 05:02:43,2023-04-24 05:07:43
KTLX,s3://unidata-nexrad-level2/2023/04/24/KTLX/KTLX20230424_050942_V06,2023-04-24 05:09:42,2023-04-24 05:14:42
KTLX,s3://unidata-nexrad-level2/2023/04/24/KTLX/KTLX20230424_051643_V06,2023-04-24 05:16:43,2023-04-24 05:21:43
KTLX,s3://unidata-nexrad-level2/2023/04/24/KTLX/KTLX20230424_052344_V06,2023-04-24 05:23:44,2023-04-24 05:28:44
KTLX,s3://unidata-nexrad-level2/2023/04/24/KTLX/KTLX20230424_053046_V06,2023-04-24 05:30:46,2023-04-24 05:35:46
KTLX,s3://unidata-nexrad-level2/2023/04/24/KTLX/KTLX20230424_053747_V06,2023-04-24 05:37:47,2023-04-24 05:42:47
KTLX,s3://unidata-nexrad-level2/2023/04/24/KTLX/KTLX20230424_054448_V06,2023-04-24 05:44:48,2023-04-24 05:49:48
KTLX,s3://unidata-nexrad-level2/2023/04/24/KTLX/KTLX20230424_055149_V06,2023-04-24 05:51:49,2023-04-24 05:56:49
KTLX,s3://unidata-nexrad-level2/2023/04/24/KTLX/KTLX20230424_055851_V06,2023-04-24 05:58:51,2023-04-24 06:03:51
KTLX,s3://unidata-nexrad-level2/2023/04/24/KTLX/KTLX20230424_060552_V06,2023-04-24 06:05:52,2023-04-24 06:10:52
KTLX,s3://unidata-nexrad-level2/2023/04/24/KTLX/KTLX20230424_061253_V06,2023-04-24 06:12:53,2023-04-24 06:17:53
KTLX,s3://unidata-nexrad-level2/2023/04/24/KTLX/KTLX20230424_061954_V06,2023-04-24 06:19:54,2023-04-24 06:24:54
KTLX,s3://unidata-nexrad-level2/2023/04/24/KTLX/KTLX20230424_062656_V06,2023-04-24 06:26:56,2023-04-24 06:31:56
KTLX,s3://unidata-nexrad-level2/2023/04/24/KTLX/KTLX20230424_063356_V06,2023-04-24 06:33:56,2023-04-24 06:38:56
KTLX,s3://unidata-nexrad-level2/2023/04/24/KTLX/KTLX20230424_064057_V06,2023-04-24 06:40:57,2023-04-24 06:45:57
KTLX,s3://unidata-nexrad-level2/2023/04/24/KTLX/KTLX20230424_064758_V06,2023-04-24 06:47:58,2023-04-24 06:52:58
KTLX,s3://unidata-nexrad-level2/2023/04/24/KTLX/KTLX20230424_065500_V06,2023-04-24 06:55:00,2023-04-24 07:00:00
KTLX,s3://unidata-nexrad-level2/2023/04/24/KTLX/KTLX20230424_070201_V06,2023-04-24 07:02:01,2023-04-24 07:07:01
KTLX,s3://unidata-nexrad-level2/2023/04/24/KTLX/KTLX20230424_070902_V06,2023-04-24 07:09:02,2023-04-24 07:14:02
KTLX,s3://unidata-nexrad-level2/2023/04/24/KTLX/KTLX20230424_071603_V06,2023-04-24 07:16:03,2023-04-24 07:21:03
KTLX,s3://unidata-nexrad-level2/2023/04/24/KTLX/KTLX20230424_072304_V06,2023-04-24 07:23:04,2023-04-24 07:28:04
KTLX,s3://unidata-nexrad-level2/2023/04/24/KTLX/KTLX20230424_073006_V06,2023-04-24 07:30:06,2023-04-24 07:35:06
KTLX,s3://unidata-nexrad-level2/2023/04/24/KTLX/KTLX20230424_073706_V06,2023-04-24 07:37:06,2023-04-24 07:42:06
KTLX,s3://unidata-nexrad-level2/2023/04/24/KTLX/KTLX20230424_074407_V06,2023-04-24 07:44:07,2023-04-24 07:49:07
KTLX,s3://unidata-nexrad-level2/2023/04/24/KTLX/KTLX20230424_075109_V06,2023-04-24 07:51:09,2023-04-24 07:56:09
KTLX,s3://unidata-nexrad-level2/2023/04/24/KTLX/KTLX20230424_075811_V06,2023-04-24 07:58:11,2023-04-24 08:03:11
KTLX,s3://unidata-nexrad-level2/2023/04/24/KTLX/KTLX20230424_080512_V06,2023-04-24 08:05:12,2023-04-24 08:10:12
KTLX,s3://unidata-nexrad-level2/2023/04/24/KTLX/KTLX20230424_081213_V06,2023-04-24 08:12:13,2023-04-24 08:17:13
KTLX,s3://unidata-nexrad-level2/2023/04/24/KTLX/KTLX20230424_081916_V06,2023-04-24 08:19:16,2023-04-24 08:24:16
KTLX,s3://unidata-nexrad-level2/2023/04/24/KTLX/KTLX20230424_082618_V06,2023-04-24 08:26:18,2023-04-24 08:31:18
KTLX,s3://unidata-nexrad-level2/2023/04/24/KTLX/KTLX20230424_083319_V06,2023-04-24 08:33:19,2023-04-24 08:38:19
KTLX,s3://unidata-nexrad-level2/2023/04/24/KTLX/KTLX20230424_084020_V06,2023-04-24 08:40:20,2023-04-24 08:45:20
KTLX,s3://unidata-nexrad-level2/2023/04/24/KTLX/KTLX20230424_084721_V06,2023-04-24 08:47:21,2023-04-24 08:52:21
KTLX,s3://unidata-nexrad-level2/2023/04/24/KTLX/KTLX20230424_085422_V06,2023-04-24 08:54:22,2023-04-24 08:59:22
KTLX,s3://unidata-nexrad-level2/2023/04/24/KTLX/KTLX20230424_090123_V06,2023-04-24 09:01:23,2023-04-24 09:06:23
KTLX,s3://unidata-nexrad-level2/2023/04/24/KTLX/KTLX20230424_090823_V06,2023-04-24 09:08:23,2023-04-24 09:13:23
KTLX,s3://unidata-nexrad-level2/2023/04/24/KTLX/KTLX20230424_091524_V06,2023-04-24 09:15:24,2023-04-24 09:20:24
KTLX,s3://unidata-nexrad-level2/2023/04/24/KTLX/KTLX20230424_092225_V06,2023-04-24 09:22:25,2023-04-24 09:27:25
KTLX,s3://unidata-nexrad-level2/2023/04/24/KTLX/KTLX20230424_092926_V06,2023-04-24 09:29:26,2023-04-24 09:34:26
KTLX,s3://unidata-nexrad-level2/2023/04/24/KTLX/KTLX20230424_093627_V06,2023-04-24 09:36:27,2023-04-24 09:41:27
KTLX,s3://unidata-nexrad-level2/2023/04/24/KTLX/KTLX20230424_094329_V06,2023-04-24 09:43:29,2023-04-24 09:48:29
KTLX,s3://unidata-nexrad-level2/2023/04/24/KTLX/KTLX20230424_095031_V06,2023-04-24 09:50:31,2023-04-24 09:55:31
KTLX,s3://unidata-nexrad-level2/2023/04/24/KTLX/KTLX20230424_095726_V06,2023-04-24 09:57:26,2023-04-24 10:02:26
KTLX,s3://unidata-nexrad-level2/2023/04/24/KTLX/KTLX20230424_100421_V06,2023-04-24 10:04:21,2023-04-24 10:09:21
KTLX,s3://unidata-nexrad-level2/2023/04/24/KTLX/KTLX20230424_101122_V06,2023-04-24 10:11:22,2023-04-24 10:16:22
KTLX,s3://unidata-nexrad-level2/2023/04/24/KTLX/KTLX20230424_101817_V06,2023-04-24 10:18:17,2023-04-24 10:23:17
KTLX,s3://unidata-nexrad-level2/2023/04/24/KTLX/KTLX20230424_102512_V06,2023-04-24 10:25:12,2023-04-24 10:30:12
KTLX,s3://unidata-nexrad-level2/2023/04/24/KTLX/KTLX20230424_103206_V06,2023-04-24 10:32:06,2023-04-24 10:37:06
KTLX,s3://unidata-nexrad-level2/2023/04/24/KTLX/KTLX20230424_103901_V06,2023-04-24 10:39:01,2023-04-24 10:44:01
KTLX,s3://unidata-nexrad-level2/2023/04/24/KTLX/KTLX20230424_104556_V06,2023-04-24 10:45:56,2023-04-24 10:50:56
KTLX,s3://unidata-nexrad-level2/2023/04/24/KTLX/KTLX20230424_105246_V06,2023-04-24 10:52:46,2023-04-24 10:57:46
KTLX,s3://unidata-nexrad-level2/2023/04/24/KTLX/KTLX20230424_105936_V06,2023-04-24 10:59:36,2023-04-24 11:04:36
KTLX,s3://unidata-nexrad-level2/2023/04/24/KTLX/KTLX20230424_110621_V06,2023-04-24 11:06:21,2023-04-24 11:11:21
KTLX,s3://unidata-nexrad-level2/2023/04/24/KTLX/KTLX20230424_111307_V06,2023-04-24 11:13:07,2023-04-24 11:18:07
KTLX,s3://unidata-nexrad-level2/2023/04/24/KTLX/KTLX20230424_111957_V06,2023-04-24 11:19:57,2023-04-24 11:24:57
KTLX,s3://unidata-nexrad-level2/2023/04/24/KTLX/KTLX20230424_112756_V06,2023-04-24 11:27:56,2023-04-24 11:32:56
KTLX,s3://unidata-nexrad-level2/2023/04/24/KTLX/KTLX20230424_113442_V06,2023-04-24 11:34:42,2023-04-24 11:39:42
KTLX,s3://unidata-nexrad-level2/2023/04/24/KTLX/KTLX20230424_114128_V06,2023-04-24 11:41:28,2023-04-24 11:46:28
KTLX,s3://unidata-nexrad-level2/2023/04/24/KTLX/KTLX20230424_114829_V06,2023-04-24 11:48:29,2023-04-24 11:53:29
KTLX,s3://unidata-nexrad-level2/2023/04/24/KTLX/KTLX20230424_115511_V06,2023-04-24 11:55:11,2023-04-24 12:00:11
KTLX,s3://unidata-nexrad-level2/2023/04/24/KTLX/KTLX20230424_120152_V06,2023-04-24 12:01:52,2023-04-24 12:06:52
KTLX,s3://unidata-nexrad-level2/2023/04/24/KTLX/KTLX20230424_120843_V06,2023-04-24 12:08:43,2023-04-24 12:13:43
KTLX,s3://unidata-nexrad-level2/2023/04/24/KTLX/KTLX20230424_121530_V06,2023-04-24 12:15:30,2023-04-24 12:20:30
KTLX,s3://unidata-nexrad-level2/2023/04/24/KTLX/KTLX20230424_122216_V06,2023-04-24 12:22:16,2023-04-24 12:27:16
KTLX,s3://unidata-nexrad-level2/2023/04/24/KTLX/KTLX20230424_122902_V06,2023-04-24 12:29:02,2023-04-24 12:34:02
KTLX,s3://unidata-nexrad-level2/2023/04/24/KTLX/KTLX20230424_123552_V06,2023-04-24 12:35:52,2023-04-24 12:40:52
KTLX,s3://unidata-nexrad-level2/2023/04/24/KTLX/KTLX20230424_124247_V06,2023-04-24 12:42:47,2023-04-24 12:47:47
KTLX,s3://unidata-nexrad-level2/2023/04/24/KTLX/KTLX20230424_124942_V06,2023-04-24 12:49:42,2023-04-24 12:54:42
KTLX,s3://unidata-nexrad-level2/2023/04/24/KTLX/KTLX20230424_125636_V06,2023-04-24 12:56:36,2023-04-24 13:01:36
KTLX,s3://unidata-nexrad-level2/2023/04/24/KTLX/KTLX20230424_130326_V06,2023-04-24 13:03:26,2023-04-24 13:08:26
KTLX,s3://unidata-nexrad-level2/2023/04/24/KTLX/KTLX20230424_131012_V06,2023-04-24 13:10:12,2023-04-24 13:15:12
KTLX,s3://unidata-nexrad-level2/2023/04/24/KTLX/KTLX20230424_131658_V06,2023-04-24 13:16:58,2023-04-24 13:21:58
KTLX,s3://unidata-nexrad-level2/2023/04/24/KTLX/KTLX20230424_132340_V06,2023-04-24 13:23:40,2023-04-24 13:28:40
KTLX,s3://unidata-nexrad-level2/2023/04/24/KTLX/KTLX20230424_133026_V06,2023-04-24 13:30:26,2023-04-24 13:35:26
KTLX,s3://unidata-nexrad-level2/2023/04/24/KTLX/KTLX20230424_133707_V06,2023-04-24 13:37:07,2023-04-24 13:42:07
KTLX,s3://unidata-nexrad-level2/2023/04/24/KTLX/KTLX20230424_134349_V06,2023-04-24 13:43:49,2023-04-24 13:48:49
KTLX,s3://unidata-nexrad-level2/2023/04/24/KTLX/KTLX20230424_135031_V06,2023-04-24 13:50:31,2023-04-24 13:55:31
KTLX,s3://unidata-nexrad-level2/2023/04/24/KTLX/KTLX20230424_135712_V06,2023-04-24 13:57:12,2023-04-24 14:02:12
KTLX,s3://unidata-nexrad-level2/2023/04/24/KTLX/KTLX20230424_140354_V06,2023-04-24 14:03:54,2023-04-24 14:08:54
KTLX,s3://unidata-nexrad-level2/2023/04/24/KTLX/KTLX20230424_141036_V06,2023-04-24 14:10:36,2023-04-24 14:15:36
KTLX,s3://unidata-nexrad-level2/2023/04/24/KTLX/KTLX20230424_141719_V06,2023-04-24 14:17:19,2023-04-24 14:22:19
KTLX,s3://unidata-nexrad-level2/2023/04/24/KTLX/KTLX20230424_142401_V06,2023-04-24 14:24:01,2023-04-24 14:29:01
KTLX,s3://unidata-nexrad-level2/2023/04/24/KTLX/KTLX20230424_143042_V06,2023-04-24 14:30:42,2023-04-24 14:35:42
KTLX,s3://unidata-nexrad-level2/2023/04/24/KTLX/KTLX20230424_143724_V06,2023-04-24 14:37:24,2023-04-24 14:42:24
KTLX,s3://unidata-nexrad-level2/2023/04/24/KTLX/KTLX20230424_144406_V06,2023-04-24 14:44:06,2023-04-24 14:49:06
KTLX,s3://unidata-nexrad-level2/2023/04/24/KTLX/KTLX20230424_145048_V06,2023-04-24 14:50:48,2023-04-24 14:55:48
KTLX,s3://unidata-nexrad-level2/2023/04/24/KTLX/KTLX20230424_145729_V06,2023-04-24 14:57:29,2023-04-24 15:02:29
KTLX,s3://unidata-nexrad-level2/2023/04/24/KTLX/KTLX20230424_150411_V06,2023-04-24 15:04:11,2023-04-24 15:09:11
KTLX,s3://unidata-nexrad-level2/2023/04/24/KTLX/KTLX20230424_151053_V06,2023-04-24 15:10:53,2023-04-24 15:15:53
KTLX,s3://unidata-nexrad-level2/2023/04/24/KTLX/KTLX20230424_151735_V06,2023-04-24 15:17:35,2023-04-24 15:22:35
KTLX,s3://unidata-nexrad-level2/2023/04/24/KTLX/KTLX20230424_152417_V06,2023-04-24 15:24:17,2023-04-24 15:29:17
KTLX,s3://unidata-nexrad-level2/2023/04/24/KTLX/KTLX20230424_153059_V06,2023-04-24 15:30:59,2023-04-24 15:35:59
KTLX,s3://unidata-nexrad-level2/2023/04/24/KTLX/KTLX20230424_153741_V06,2023-04-24 15:37:41,2023-04-24 15:42:41
KTLX,s3://unidata-nexrad-level2/2023/04/24/KTLX/KTLX20230424_154423_V06,2023-04-24 15:44:23,2023-04-24 15:49:23
KTLX,s3://unidata-nexrad-level2/2023/04/24/KTLX/KTLX20230424_155105_V06,2023-04-24 15:51:05,2023-04-24 15:56:05
KTLX,s3://unidata-nexrad-level2/2023/04/24/KTLX/KTLX20230424_155746_V06,2023-04-24 15:57:46,2023-04-24 16:02:46
KTLX,s3://unidata-nexrad-level2/2023/04/24/KTLX/KTLX20230424_160428_V06,2023-04-24 16:04:28,2023-04-24 16:09:28
KTLX,s3://unidata-nexrad-level2/2023/04/24/KTLX/KTLX20230424_161110_V06,2023-04-24 16:11:10,2023-04-24 16:16:10
KTLX,s3://unidata-nexrad-level2/2023/04/24/KTLX/KTLX20230424_161753_V06,2023-04-24 16:17:53,2023-04-24 16:22:53
KTLX,s3://unidata-nexrad-level2/2023/04/24/KTLX/KTLX20230424_162434_V06,2023-04-24 16:24:34,2023-04-24 16:29:34
KTLX,s3://unidata-nexrad-level2/2023/04/24/KTLX/KTLX20230424_163117_V06,2023-04-24 16:31:17,2023-04-24 16:36:17
KTLX,s3://unidata-nexrad-level2/2023/04/24/KTLX/KTLX20230424_163759_V06,2023-04-24 16:37:59,2023-04-24 16:42:59
KTLX,s3://unidata-nexrad-level2/2023/04/24/KTLX/KTLX20230424_164441_V06,2023-04-24 16:44:41,2023-04-24 16:49:41
KTLX,s3://unidata-nexrad-level2/2023/04/24/KTLX/KTLX20230424_165122_V06,2023-04-24 16:51:22,2023-04-24 16:56:22
KTLX,s3://unidata-nexrad-level2/2023/04/24/KTLX/KTLX20230424_165805_V06,2023-04-24 16:58:05,2023-04-24 17:03:05
KTLX,s3://unidata-nexrad-level2/2023/04/24/KTLX/KTLX20230424_170447_V06,2023-04-24 17:04:47,2023-04-24 17:09:47
KTLX,s3://unidata-nexrad-level2/2023/04/24/KTLX/KTLX20230424_171130_V06,2023-04-24 17:11:30,2023-04-24 17:16:30
KTLX,s3://unidata-nexrad-level2/2023/04/24/KTLX/KTLX20230424_171812_V06,2023-04-24 17:18:12,2023-04-24 17:23:12
KTLX,s3://unidata-nexrad-level2/2023/04/24/KTLX/KTLX20230424_172454_V06,2023-04-24 17:24:54,2023-04-24 17:29:54
KTLX,s3://unidata-nexrad-level2/2023/04/24/KTLX/KTLX20230424_173136_V06,2023-04-24 17:31:36,2023-04-24 17:36:36
KTLX,s3://unidata-nexrad-level2/2023/04/24/KTLX/KTLX20230424_173818_V06,2023-04-24 17:38:18,2023-04-24 17:43:18
KTLX,s3://unidata-nexrad-level2/2023/04/24/KTLX/KTLX20230424_174459_V06,2023-04-24 17:44:59,2023-04-24 17:48:24
KTLX,s3://unidata-nexrad-level2/2023/04/24/KTLX/KTLX20230424_174824_V06,2023-04-24 17:48:24,2023-04-24 17:52:48
KTLX,s3://unidata-nexrad-level2/2023/04/24/KTLX/KTLX20230424_175248_V06,2023-04-24 17:52:48,2023-04-24 17:57:08
KTLX,s3://unidata-nexrad-level2/2023/04/24/KTLX/KTLX20230424_175708_V06,2023-04-24 17:57:08,2023-04-24 18:01:28
KTLX,s3://unidata-nexrad-level2/2023/04/24/KTLX/KTLX20230424_180128_V06,2023-04-24 18:01:28,2023-04-24 18:05:52
KTLX,s3://unidata-nexrad-level2/2023/04/24/KTLX/KTLX20230424_180552_V06,2023-04-24 18:05:52,2023-04-24 18:10:16
KTLX,s3://unidata-nexrad-level2/2023/04/24/KTLX/KTLX20230424_181016_V06,2023-04-24 18:10:16,2023-04-24 18:14:36
KTLX,s3://unidata-nexrad-level2/2023/04/24/KTLX/KTLX20230424_181436_V06,2023-04-24 18:14:36,2023-04-24 18:19:12
KTLX,s3://unidata-nexrad-level2/2023/04/24/KTLX/KTLX20230424_181912_V06,2023-04-24 18:19:12,2023-04-24 18:23:48
KTLX,s3://unidata-nexrad-level2/2023/04/24/KTLX/KTLX20230424_182348_V06,2023-04-24 18:23:48,2023-04-24 18:28:24
KTLX,s3://unidata-nexrad-level2/2023/04/24/KTLX/KTLX20230424_182824_V06,2023-04-24 18:28:24,2023-04-24 18:33:00
KTLX,s3://unidata-nexrad-level2/2023/04/24/KTLX/KTLX20230424_183300_V06,2023-04-24 18:33:00,2023-04-24 18:37:36
KTLX,s3://unidata-nexrad-level2/2023/04/24/KTLX/KTLX20230424_183736_V06,2023-04-24 18:37:36,2023-04-24 18:42:11
KTLX,s3://unidata-nexrad-level2/2023/04/24/KTLX/KTLX20230424_184211_V06,2023-04-24 18:42:11,2023-04-24 18:47:02
KTLX,s3://unidata-nexrad-level2/2023/04/24/KTLX/KTLX20230424_184702_V06,2023-04-24 18:47:02,2023-04-24 18:51:37
KTLX,s3://unidata-nexrad-level2/2023/04/24/KTLX/KTLX20230424_185137_V06,2023-04-24 18:51:37,2023-04-24 18:56:27
KTLX,s3://unidata-nexrad-level2/2023/04/24/KTLX/KTLX20230424_185627_V06,2023-04-24 18:56:27,2023-04-24 19:01:17
KTLX,s3://unidata-nexrad-level2/2023/04/24/KTLX/KTLX20230424_190117_V06,2023-04-24 19:01:17,2023-04-24 19:06:17
KTLX,s3://unidata-nexrad-level2/2023/04/24/KTLX/KTLX20230424_190622_V06,2023-04-24 19:06:22,2023-04-24 19:11:12
KTLX,s3://unidata-nexrad-level2/2023/04/24/KTLX/KTLX20230424_191112_V06,2023-04-24 19:11:12,2023-04-24 19:16:12
KTLX,s3://unidata-nexrad-level2/2023/04/24/KTLX/KTLX20230424_191617_V06,2023-04-24 19:16:17,2023-04-24 19:21:17
KTLX,s3://unidata-nexrad-level2/2023/04/24/KTLX/KTLX20230424_192121_V06,2023-04-24 19:21:21,2023-04-24 19:26:21
KTLX,s3://unidata-nexrad-level2/2023/04/24/KTLX/KTLX20230424_192634_V06,2023-04-24 19:26:34,2023-04-24 19:31:34
KTLX,s3://unidata-nexrad-level2/2023/04/24/KTLX/KTLX20230424_193257_V06,2023-04-24 19:32:57,2023-04-24 19:37:57
KTLX,s3://unidata-nexrad-level2/2023/04/24/KTLX/KTLX20230424_193846_V06,2023-04-24 19:38:46,2023-04-24 19:43:46
KTLX,s3://unidata-nexrad-level2/2023/04/24/KTLX/KTLX20230424_194408_V06,2023-04-24 19:44:08,2023-04-24 19:49:08
KTLX,s3://unidata-nexrad-level2/2023/04/24/KTLX/KTLX20230424_194944_V06,2023-04-24 19:49:44,2023-04-24 19:54:44
KTLX,s3://unidata-nexrad-level2/2023/04/24/KTLX/KTLX20230424_195536_V06,2023-04-24 19:55:36,2023-04-24 20:00:36
KTLX,s3://unidata-nexrad-level2/2023/04/24/KTLX/KTLX20230424_200128_V06,2023-04-24 20:01:28,2023-04-24 20:06:28
KTLX,s3://unidata-nexrad-level2/2023/04/24/KTLX/KTLX20230424_200725_V06,2023-04-24 20:07:25,2023-04-24 20:12:25
KTLX,s3://unidata-nexrad-level2/2023/04/24/KTLX/KTLX20230424_201316_V06,2023-04-24 20:13:16,2023-04-24 20:18:16
KTLX,s3://unidata-nexrad-level2/2023/04/24/KTLX/KTLX20230424_201909_V06,2023-04-24 20:19:09,2023-04-24 20:24:09
KTLX,s3://unidata-nexrad-level2/2023/04/24/KTLX/KTLX20230424_202501_V06,2023-04-24 20:25:01,2023-04-24 20:30:01
KTLX,s3://unidata-nexrad-level2/2023/04/24/KTLX/KTLX20230424_203057_V06,2023-04-24 20:30:57,2023-04-24 20:35:57
KTLX,s3://unidata-nexrad-level2/2023/04/24/KTLX/KTLX20230424_203654_V06,2023-04-24 20:36:54,2023-04-24 20:41:54
KTLX,s3://unidata-nexrad-level2/2023/04/24/KTLX/KTLX20230424_204252_V06,2023-04-24 20:42:52,2023-04-24 20:47:52
KTLX,s3://unidata-nexrad-level2/2023/04/24/KTLX/KTLX20230424_204849_V06,2023-04-24 20:48:49,2023-04-24 20:53:49
KTLX,s3://unidata-nexrad-level2/2023/04/24/KTLX/KTLX20230424_205445_V06,2023-04-24 20:54:45,2023-04-24 20:59:45
KTLX,s3://unidata-nexrad-level2/2023/04/24/KTLX/KTLX20230424_210042_V06,2023-04-24 21:00:42,2023-04-24 21:05:42
KTLX,s3://unidata-nexrad-level2/2023/04/24/KTLX/KTLX20230424_210640_V06,2023-04-24 21:06:40,2023-04-24 21:11:40
KTLX,s3://unidata-nexrad-level2/2023/04/24/KTLX/KTLX20230424_211238_V06,2023-04-24 21:12:38,2023-04-24 21:17:38
KTLX,s3://unidata-nexrad-level2/2023/04/24/KTLX/KTLX20230424_211835_V06,2023-04-24 21:18:35,2023-04-24 21:23:35
KTLX,s3://unidata-nexrad-level2/2023/04/24/KTLX/KTLX20230424_212431_V06,2023-04-24 21:24:31,2023-04-24 21:29:31
KTLX,s3://unidata-nexrad-level2/2023/04/24/KTLX/KTLX20230424_213029_V06,2023-04-24 21:30:29,2023-04-24 21:35:29
KTLX,s3://unidata-nexrad-level2/2023/04/24/KTLX/KTLX20230424_213626_V06,2023-04-24 21:36:26,2023-04-24 21:41:26
KTLX,s3://unidata-nexrad-level2/2023/04/24/KTLX/KTLX20230424_214222_V06,2023-04-24 21:42:22,2023-04-24 21:47:22
KTLX,s3://unidata-nexrad-level2/2023/04/24/KTLX/KTLX20230424_214820_V06,2023-04-24 21:48:20,2023-04-24 21:53:20
KTLX,s3://unidata-nexrad-level2/2023/04/24/KTLX/KTLX20230424_215415_V06,2023-04-24 21:54:15,2023-04-24 21:59:15
KTLX,s3://unidata-nexrad-level2/2023/04/24/KTLX/KTLX20230424_220019_V06,2023-04-24 22:00:19,2023-04-24 22:05:19
KTLX,s3://unidata-nexrad-level2/2023/04/24/KTLX/KTLX20230424_220622_V06,2023-04-24 22:06:22,2023-04-24 22:11:22
KTLX,s3://unidata-nexrad-level2/2023/04/24/KTLX/KTLX20230424_221225_V06,2023-04-24 22:12:25,2023-04-24 22:17:25
KTLX,s3://unidata-nexrad-level2/2023/04/24/KTLX/KTLX20230424_221828_V06,2023-04-24 22:18:28,2023-04-24 22:23:28
KTLX,s3://unidata-nexrad-level2/2023/04/24/KTLX/KTLX20230424_222431_V06,2023-04-24 22:24:31,2023-04-24 22:29:31
KTLX,s3://unidata-nexrad-level2/2023/04/24/KTLX/KTLX20230424_223027_V06,2023-04-24 22:30:27,2023-04-24 22:35:27
KTLX,s3://unidata-nexrad-level2/2023/04/24/KTLX/KTLX20230424_223623_V06,2023-04-24 22:36:23,2023-04-24 22:41:23
KTLX,s3://unidata-nexrad-level2/2023/04/24/KTLX/KTLX20230424_224226_V06,2023-04-24 22:42:26,2023-04-24 22:47:26
KTLX,s3://unidata-nexrad-level2/2023/04/24/KTLX/KTLX20230424_224823_V06,2023-04-24 22:48:23,2023-04-24 22:53:23
KTLX,s3://unidata-nexrad-level2/2023/04/24/KTLX/KTLX20230424_225425_V06,2023-04-24 22:54:25,2023-04-24 22:59:25
KTLX,s3://unidata-nexrad-level2/2023/04/24/KTLX/KTLX20230424_230028_V06,2023-04-24 23:00:28,2023-04-24 23:05:28
KTLX,s3://unidata-nexrad-level2/2023/04/24/KTLX/KTLX20230424_230632_V06,2023-04-24 23:06:32,2023-04-24 23:11:32
KTLX,s3://unidata-nexrad-level2/2023/04/24/KTLX/KTLX20230424_231228_V06,2023-04-24 23:12:28,2023-04-24 23:17:28
KTLX,s3://unidata-nexrad-level2/2023/04/24/KTLX/KTLX20230424_231823_V06,2023-04-24 23:18:23,2023-04-24 23:23:23
KTLX,s3://unidata-nexrad-level2/2023/04/24/KTLX/KTLX20230424_232420_V06,2023-04-24 23:24:20,2023-04-24 23:29:20
KTLX,s3://unidata-nexrad-level2/2023/04/24/KTLX/KTLX20230424_233017_V06,2023-04-24 23:30:17,2023-04-24 23:35:17
KTLX,s3://unidata-nexrad-level2/2023/04/24/KTLX/KTLX20230424_233615_V06,2023-04-24 23:36:15,2023-04-24 23:41:15
KTLX,s3://unidata-nexrad-level2/2023/04/24/KTLX/KTLX20230424_234212_V06,2023-04-24 23:42:12,2023-04-24 23:47:12
KTLX,s3://unidata-nexrad-level2/2023/04/24/KTLX/KTLX20230424_234810_V06,2023-04-24 23:48:10,2023-04-24 23:53:10
KTLX,s3://unidata-nexrad-level2/2023/04/24/KTLX/KTLX20230424_235402_V06,2023-04-24 23:54:02,2023-04-24 23:59:02
KTLX,s3://unidata-nexrad-level2/2023/04/24/KTLX/KTLX20230424_235954_V06,2023-04-24 23:59:54,2023-04-25 00:04:54
KTLX,s3://unidata-nexrad-level2/2023/04/25/KTLX/KTLX20230425_000541_V06,2023-04-25 00:05:41,2023-04-25 00:10:41
KTLX,s3://unidata-nexrad-level2/2023/04/25/KTLX/KTLX20230425_001133_V06,2023-04-25 00:11:33,2023-04-25 00:16:33
KTLX,s3://unidata-nexrad-level2/2023/04/25/KTLX/KTLX20230425_001725_V06,2023-04-25 00:17:25,2023-04-25 00:22:25
KTLX,s3://unidata-nexrad-level2/2023/04/25/KTLX/KTLX20230425_002316_V06,2023-04-25 00:23:16,2023-04-25 00:28:16
KTLX,s3://unidata-nexrad-level2/2023/04/25/KTLX/KTLX20230425_002913_V06,2023-04-25 00:29:13,2023-04-25 00:34:13
KTLX,s3://unidata-nexrad-level2/2023/04/25/KTLX/KTLX20230425_003510_V06,2023-04-25 00:35:10,2023-04-25 00:40:10
KTLX,s3://unidata-nexrad-level2/2023/04/25/KTLX/KTLX20230425_004107_V06,2023-04-25 00:41:07,2023-04-25 00:46:07
KTLX,s3://unidata-nexrad-level2/2023/04/25/KTLX/KTLX20230425_004703_V06,2023-04-25 00:47:03,2023-04-25 00:52:03
KTLX,s3://unidata-nexrad-level2/2023/04/25/KTLX/KTLX20230425_005259_V06,2023-04-25 00:52:59,2023-04-25 00:57:59
KTLX,s3://unidata-nexrad-level2/2023/04/25/KTLX/KTLX20230425_005857_V06,2023-04-25 00:58:57,2023-04-25 01:03:57
KTLX,s3://unidata-nexrad-level2/2023/04/25/KTLX/KTLX20230425_010453_V06,2023-04-25 01:04:53,2023-04-25 01:09:53
KTLX,s3://unidata-nexrad-level2/2023/04/25/KTLX/KTLX20230425_011049_V06,2023-04-25 01:10:49,2023-04-25 01:15:49
KTLX,s3://unidata-nexrad-level2/2023/04/25/KTLX/KTLX20230425_011644_V06,2023-04-25 01:16:44,2023-04-25 01:21:44
KTLX,s3://unidata-nexrad-level2/2023/04/25/KTLX/KTLX20230425_012241_V06,2023-04-25 01:22:41,2023-04-25 01:27:41
KTLX,s3://unidata-nexrad-level2/2023/04/25/KTLX/KTLX20230425_012845_V06,2023-04-25 01:28:45,2023-04-25 01:33:45
KTLX,s3://unidata-nexrad-level2/2023/04/25/KTLX/KTLX20230425_013449_V06,2023-04-25 01:34:49,2023-04-25 01:39:49
KTLX,s3://unidata-nexrad-level2/2023/04/25/KTLX/KTLX20230425_014046_V06,2023-04-25 01:40:46,2023-04-25 01:45:46
KTLX,s3://unidata-nexrad-level2/2023/04/25/KTLX/KTLX20230425_014642_V06,2023-04-25 01:46:42,2023-04-25 01:51:42
KTLX,s3://unidata-nexrad-level2/2023/04/25/KTLX/KTLX20230425_015245_V06,2023-04-25 01:52:45,2023-04-25 01:57:45
KTLX,s3://unidata-nexrad-level2/2023/04/25/KTLX/KTLX20230425_015842_V06,2023-04-25 01:58:42,2023-04-25 02:03:42
KTLX,s3://unidata-nexrad-level2/2023/04/25/KTLX/KTLX20230425_020438_V06,2023-04-25 02:04:38,2023-04-25 02:09:38
KTLX,s3://unidata-nexrad-level2/2023/04/25/KTLX/KTLX20230425_021036_V06,2023-04-25 02:10:36,2023-04-25 02:15:36
KTLX,s3://unidata-nexrad-level2/2023/04/25/KTLX/KTLX20230425_021633_V06,2023-04-25 02:16:33,2023-04-25 02:21:33
KTLX,s3://unidata-nexrad-level2/2023/04/25/KTLX/KTLX20230425_022230_V06,2023-04-25 02:22:30,2023-04-25 02:27:30
KTLX,s3://unidata-nexrad-level2/2023/04/25/KTLX/KTLX20230425_022826_V06,2023-04-25 02:28:26,2023-04-25 02:33:26
KTLX,s3://unidata-nexrad-level2/2023/04/25/KTLX/KTLX20230425_023422_V06,2023-04-25 02:34:22,2023-04-25 02:39:22
KTLX,s3://unidata-nexrad-level2/2023/04/25/KTLX/KTLX20230425_024018_V06,2023-04-25 02:40:18,2023-04-25 02:45:18
KTLX,s3://unidata-nexrad-level2/2023/04/25/KTLX/KTLX20230425_024614_V06,2023-04-25 02:46:14,2023-04-25 02:51:14
KTLX,s3://unidata-nexrad-level2/2023/04/25/KTLX/KTLX20230425_025210_V06,2023-04-25 02:52:10,2023-04-25 02:57:10
KTLX,s3://unidata-nexrad-level2/2023/04/25/KTLX/KTLX20230425_025752_V06,2023-04-25 02:57:52,2023-04-25 03:02:52
KTLX,s3://unidata-nexrad-level2/2023/04/25/KTLX/KTLX20230425_030349_V06,2023-04-25 03:03:49,2023-04-25 03:08:49
KTLX,s3://unidata-nexrad-level2/2023/04/25/KTLX/KTLX20230425_030945_V06,2023-04-25 03:09:45,2023-04-25 03:14:45
KTLX,s3://unidata-nexrad-level2/2023/04/25/KTLX/KTLX20230425_031541_V06,2023-04-25 03:15:41,2023-04-25 03:20:41
KTLX,s3://unidata-nexrad-level2/2023/04/25/KTLX/KTLX20230425_032145_V06,2023-04-25 03:21:45,2023-04-25 03:26:45
KTLX,s3://unidata-nexrad-level2/2023/04/25/KTLX/KTLX20230425_032747_V06,2023-04-25 03:27:47,2023-04-25 03:32:47
KTLX,s3://unidata-nexrad-level2/2023/04/25/KTLX/KTLX20230425_033508_V06,2023-04-25 03:35:08,2023-04-25 03:40:08
KTLX,s3://unidata-nexrad-level2/2023/04/25/KTLX/KTLX20230425_034112_V06,2023-04-25 03:41:12,2023-04-25 03:46:12
KTLX,s3://unidata-nexrad-level2/2023/04/25/KTLX/KTLX20230425_034715_V06,2023-04-25 03:47:15,2023-04-25 03:52:15
KTLX,s3://unidata-nexrad-level2/2023/04/25/KTLX/KTLX20230425_035316_V06,2023-04-25 03:53:16,2023-04-25 03:58:16
KTLX,s3://unidata-nexrad-level2/2023/04/25/KTLX/KTLX20230425_035918_V06,2023-04-25 03:59:18,2023-04-25 04:04:18
KTLX,s3://unidata-nexrad-level2/2023/04/25/KTLX/KTLX20230425_040520_V06,2023-04-25 04:05:20,2023-04-25 04:10:20
KTLX,s3://unidata-nexrad-level2/2023/04/25/KTLX/KTLX20230425_041123_V06,2023-04-25 04:11:23,2023-04-25 04:16:23
KTLX,s3://unidata-nexrad-level2/2023/04/25/KTLX/KTLX20230425_041710_V06,2023-04-25 04:17:10,2023-04-25 04:22:10
KTLX,s3://unidata-nexrad-level2/2023/04/25/KTLX/KTLX20230425_042245_V06,2023-04-25 04:22:45,2023-04-25 04:27:45
KTLX,s3://unidata-nexrad-level2/2023/04/25/KTLX/KTLX20230425_042804_V06,2023-04-25 04:28:04,2023-04-25 04:33:04
KTLX,s3://unidata-nexrad-level2/2023/04/25/KTLX/KTLX20230425_043309_V06,2023-04-25 04:33:09,2023-04-25 04:37:59
KTLX,s3://unidata-nexrad-level2/2023/04/25/KTLX/KTLX20230425_043759_V06,2023-04-25 04:37:59,2023-04-25 04:42:50
KTLX,s3://unidata-nexrad-level2/2023/04/25/KTLX/KTLX20230425_044250_V06,2023-04-25 04:42:50,2023-04-25 04:47:39
KTLX,s3://unidata-nexrad-level2/2023/04/25/KTLX/KTLX20230425_044739_V06,2023-04-25 04:47:39,2023-04-25 04:52:30
KTLX,s3://unidata-nexrad-level2/2023/04/25/KTLX/KTLX20230425_045230_V06,2023-04-25 04:52:30,2023-04-25 04:57:20
KTLX,s3://unidata-nexrad-level2/2023/04/25/KTLX/KTLX20230425_045720_V06,2023-04-25 04:57:20,2023-04-25 05:01:56
KTLX,s3://unidata-nexrad-level2/2023/04/25/KTLX/KTLX20230425_050156_V06,2023-04-25 05:01:56,2023-04-25 05:06:31
KTLX,s3://unidata-nexrad-level2/2023/04/25/KTLX/KTLX20230425_050631_V06,2023-04-25 05:06:31,2023-04-25 05:11:06
KTLX,s3://unidata-nexrad-level2/2023/04/25/KTLX/KTLX20230425_051106_V06,2023-04-25 05:11:06,2023-04-25 05:15:42
KTLX,s3://unidata-nexrad-level2/2023/04/25/KTLX/KTLX20230425_051542_V06,2023-04-25 05:15:42,2023-04-25 05:20:17
KTLX,s3://unidata-nexrad-level2/2023/04/25/KTLX/KTLX20230425_052017_V06,2023-04-25 05:20:17,2023-04-25 05:24:52
KTLX,s3://unidata-nexrad-level2/2023/04/25/KTLX/KTLX20230425_052452_V06,2023-04-25 05:24:52,2023-04-25 05:29:26
KTLX,s3://unidata-nexrad-level2/2023/04/25/KTLX/KTLX20230425_052926_V06,2023-04-25 05:29:26,2023-04-25 05:34:17
KTLX,s3://unidata-nexrad-level2/2023/04/25/KTLX/KTLX20230425_053417_V06,2023-04-25 05:34:17,2023-04-25 05:38:52
KTLX,s3://unidata-nexrad-level2/2023/04/25/KTLX/KTLX20230425_053852_V06,2023-04-25 05:38:52,2023-04-25 05:43:28
KTLX,s3://unidata-nexrad-level2/2023/04/25/KTLX/KTLX20230425_054328_V06,2023-04-25 05:43:28,2023-04-25 05:48:05
KTLX,s3://unidata-nexrad-level2/2023/04/25/KTLX/KTLX20230425_054805_V06,2023-04-25 05:48:05,2023-04-25 05:52:40
KTLX,s3://unidata-nexrad-level2/2023/04/25/KTLX/KTLX20230425_055240_V06,2023-04-25 05:52:40,2023-04-25 05:57:30
KTLX,s3://unidata-nexrad-level2/2023/04/25/KTLX/KTLX20230425_055730_V06,2023-04-25 05:57:30,2023-04-25 06:02:30
KTLX,s3://unidata-nexrad-level2/2023/04/25/KTLX/KTLX20230425_060234_V06,2023-04-25 06:02:34,2023-04-25 06:07:34
KTLX,s3://unidata-nexrad-level2/2023/04/25/KTLX/KTLX20230425_060821_V06,2023-04-25 06:08:21,2023-04-25 06:13:21
KTLX,s3://unidata-nexrad-level2/2023/04/25/KTLX/KTLX20230425_061341_V06,2023-04-25 06:13:41,2023-04-25 06:18:41
KTLX,s3://unidata-nexrad-level2/2023/04/25/KTLX/KTLX20230425_061901_V06,2023-04-25 06:19:01,2023-04-25 06:24:01
KTLX,s3://unidata-nexrad-level2/2023/04/25/KTLX/KTLX20230425_062421_V06,2023-04-25 06:24:21,2023-04-25 06:29:21
KTLX,s3://unidata-nexrad-level2/2023/04/25/KTLX/KTLX20230425_062940_V06,2023-04-25 06:29:40,2023-04-25 06:34:40
KTLX,s3://unidata-nexrad-level2/2023/04/25/KTLX/KTLX20230425_063459_V06,2023-04-25 06:34:59,2023-04-25 06:39:59
KTLX,s3://unidata-nexrad-level2/2023/04/25/KTLX/KTLX20230425_064047_V06,2023-04-25 06:40:47,2023-04-25 06:45:47
KTLX,s3://unidata-nexrad-level2/2023/04/25/KTLX/KTLX20230425_064650_V06,2023-04-25 06:46:50,2023-04-25 06:51:50
KTLX,s3://unidata-nexrad-level2/2023/04/25/KTLX/KTLX20230425_065254_V06,2023-04-25 06:52:54,2023-04-25 06:57:54
KTLX,s3://unidata-nexrad-level2/2023/04/25/KTLX/KTLX20230425_065857_V06,2023-04-25 06:58:57,2023-04-25 07:03:57
KTLX,s3://unidata-nexrad-level2/2023/04/25/KTLX/KTLX20230425_070501_V06,2023-04-25 07:05:01,2023-04-25 07:10:01
KTLX,s3://unidata-nexrad-level2/2023/04/25/KTLX/KTLX20230425_071103_V06,2023-04-25 07:11:03,2023-04-25 07:16:03
KTLX,s3://unidata-nexrad-level2/2023/04/25/KTLX/KTLX20230425_071706_V06,2023-04-25 07:17:06,2023-04-25 07:22:06
KTLX,s3://unidata-nexrad-level2/2023/04/25/KTLX/KTLX20230425_072309_V06,2023-04-25 07:23:09,2023-04-25 07:28:09
KTLX,s3://unidata-nexrad-level2/2023/04/25/KTLX/KTLX20230425_072912_V06,2023-04-25 07:29:12,2023-04-25 07:34:12
KTLX,s3://unidata-nexrad-level2/2023/04/25/KTLX/KTLX20230425_073515_V06,2023-04-25 07:35:15,2023-04-25 07:40:15
KTLX,s3://unidata-nexrad-level2/2023/04/25/KTLX/KTLX20230425_074118_V06,2023-04-25 07:41:18,2023-04-25 07:46:18
KTLX,s3://unidata-nexrad-level2/2023/04/25/KTLX/KTLX20230425_074721_V06,2023-04-25 07:47:21,2023-04-25 07:52:21
KTLX,s3://unidata-nexrad-level2/2023/04/25/KTLX/KTLX20230425_075323_V06,2023-04-25 07:53:23,2023-04-25 07:58:23
KTLX,s3://unidata-nexrad-level2/2023/04/25/KTLX/KTLX20230425_075926_V06,2023-04-25 07:59:26,2023-04-25 08:04:26
KTLX,s3://unidata-nexrad-level2/2023/04/25/KTLX/KTLX20230425_080529_V06,2023-04-25 08:05:29,2023-04-25 08:10:29
KTLX,s3://unidata-nexrad-level2/2023/04/25/KTLX/KTLX20230425_081116_V06,2023-04-25 08:11:16,2023-04-25 08:16:16
KTLX,s3://unidata-nexrad-level2/2023/04/25/KTLX/KTLX20230425_081705_V06,2023-04-25 08:17:05,2023-04-25 08:22:05
KTLX,s3://unidata-nexrad-level2/2023/04/25/KTLX/KTLX20230425_082224_V06,2023-04-25 08:22:24,2023-04-25 08:27:24
KTLX,s3://unidata-nexrad-level2/2023/04/25/KTLX/KTLX20230425_082743_V06,2023-04-25 08:27:43,2023-04-25 08:32:43
KTLX,s3://unidata-nexrad-level2/2023/04/25/KTLX/KTLX20230425_083303_V06,2023-04-25 08:33:03,2023-04-25 08:38:03
KTLX,s3://unidata-nexrad-level2/2023/04/25/KTLX/KTLX20230425_083807_V06,2023-04-25 08:38:07,2023-04-25 08:43:07
KTLX,s3://unidata-nexrad-level2/2023/04/25/KTLX/KTLX20230425_084326_V06,2023-04-25 08:43:26,2023-04-25 08:48:26
KTLX,s3://unidata-nexrad-level2/2023/04/25/KTLX/KTLX20230425_084900_V06,2023-04-25 08:49:00,2023-04-25 08:54:00
KTLX,s3://unidata-nexrad-level2/2023/04/25/KTLX/KTLX20230425_085434_V06,2023-04-25 08:54:34,2023-04-25 08:59:34
KTLX,s3://unidata-nexrad-level2/2023/04/25/KTLX/KTLX20230425_090008_V06,2023-04-25 09:00:08,2023-04-25 09:05:08
KTLX,s3://unidata-nexrad-level2/2023/04/25/KTLX/KTLX20230425_090612_V06,2023-04-25 09:06:12,2023-04-25 09:11:12
KTLX,s3://unidata-nexrad-level2/2023/04/25/KTLX/KTLX20230425_091158_V06,2023-04-25 09:11:58,2023-04-25 09:16:58
KTLX,s3://unidata-nexrad-level2/2023/04/25/KTLX/KTLX20230425_091747_V06,2023-04-25 09:17:47,2023-04-25 09:22:47
KTLX,s3://unidata-nexrad-level2/2023/04/25/KTLX/KTLX20230425_092335_V06,2023-04-25 09:23:35,2023-04-25 09:28:35
KTLX,s3://unidata-nexrad-level2/2023/04/25/KTLX/KTLX20230425_092923_V06,2023-04-25 09:29:23,2023-04-25 09:34:23
KTLX,s3://unidata-nexrad-level2/2023/04/25/KTLX/KTLX20230425_093511_V06,2023-04-25 09:35:11,2023-04-25 09:40:11
KTLX,s3://unidata-nexrad-level2/2023/04/25/KTLX/KTLX20230425_094059_V06,2023-04-25 09:40:59,2023-04-25 09:45:59
KTLX,s3://unidata-nexrad-level2/2023/04/25/KTLX/KTLX20230425_094647_V06,2023-04-25 09:46:47,2023-04-25 09:51:47
KTLX,s3://unidata-nexrad-level2/2023/04/25/KTLX/KTLX20230425_095235_V06,2023-04-25 09:52:35,2023-04-25 09:57:35
KTLX,s3://unidata-nexrad-level2/2023/04/25/KTLX/KTLX20230425_095823_V06,2023-04-25 09:58:23,2023-04-25 10:03:23
KTLX,s3://unidata-nexrad-level2/2023/04/25/KTLX/KTLX20230425_100357_V06,2023-04-25 10:03:57,2023-04-25 10:08:57
KTLX,s3://unidata-nexrad-level2/2023/04/25/KTLX/KTLX20230425_100945_V06,2023-04-25 10:09:45,2023-04-25 10:14:45
KTLX,s3://unidata-nexrad-level2/2023/04/25/KTLX/KTLX20230425_101548_V06,2023-04-25 10:15:48,2023-04-25 10:20:48
KTLX,s3://unidata-nexrad-level2/2023/04/25/KTLX/KTLX20230425_102152_V06,2023-04-25 10:21:52,2023-04-25 10:26:52
KTLX,s3://unidata-nexrad-level2/2023/04/25/KTLX/KTLX20230425_102755_V06,2023-04-25 10:27:55,2023-04-25 10:32:55
KTLX,s3://unidata-nexrad-level2/2023/04/25/KTLX/KTLX20230425_103358_V06,2023-04-25 10:33:58,2023-04-25 10:38:58
KTLX,s3://unidata-nexrad-level2/2023/04/25/KTLX/KTLX20230425_104000_V06,2023-04-25 10:40:00,2023-04-25 10:45:00
KTLX,s3://unidata-nexrad-level2/2023/04/25/KTLX/KTLX20230425_104603_V06,2023-04-25 10:46:03,2023-04-25 10:51:03
KTLX,s3://unidata-nexrad-level2/2023/04/25/KTLX/KTLX20230425_105152_V06,2023-04-25 10:51:52,2023-04-25 10:56:52
KTLX,s3://unidata-nexrad-level2/2023/04/25/KTLX/KTLX20230425_105741_V06,2023-04-25 10:57:41,2023-04-25 11:02:41
KTLX,s3://unidata-nexrad-level2/2023/04/25/KTLX/KTLX20230425_110338_V06,2023-04-25 11:03:38,2023-04-25 11:08:38
KTLX,s3://unidata-nexrad-level2/2023/04/25/KTLX/KTLX20230425_110934_V06,2023-04-25 11:09:34,2023-04-25 11:14:34
KTLX,s3://unidata-nexrad-level2/2023/04/25/KTLX/KTLX20230425_111521_V06,2023-04-25 11:15:21,2023-04-25 11:20:21
KTLX,s3://unidata-nexrad-level2/2023/04/25/KTLX/KTLX20230425_112117_V06,2023-04-25 11:21:17,2023-04-25 11:26:17
KTLX,s3://unidata-nexrad-level2/2023/04/25/KTLX/KTLX20230425_112713_V06,2023-04-25 11:27:13,2023-04-25 11:32:13
KTLX,s3://unidata-nexrad-level2/2023/04/25/KTLX/KTLX20230425_113310_V06,2023-04-25 11:33:10,2023-04-25 11:38:10
KTLX,s3://unidata-nexrad-level2/2023/04/25/KTLX/KTLX20230425_114023_V06,2023-04-25 11:40:23,2023-04-25 11:45:23
KTLX,s3://unidata-nexrad-level2/2023/04/25/KTLX/KTLX20230425_114626_V06,2023-04-25 11:46:26,2023-04-25 11:51:26
KTLX,s3://unidata-nexrad-level2/2023/04/25/KTLX/KTLX20230425_115229_V06,2023-04-25 11:52:29,2023-04-25 11:57:29
KTLX,s3://unidata-nexrad-level2/2023/04/25/KTLX/KTLX20230425_115833_V06,2023-04-25 11:58:33,2023-04-25 12:03:33
KTLX,s3://unidata-nexrad-level2/2023/04/25/KTLX/KTLX20230425_120415_V06,2023-04-25 12:04:15,2023-04-25 12:09:15
KTLX,s3://unidata-nexrad-level2/2023/04/25/KTLX/KTLX20230425_121006_V06,2023-04-25 12:10:06,2023-04-25 12:15:06
KTLX,s3://unidata-nexrad-level2/2023/04/25/KTLX/KTLX20230425_121557_V06,2023-04-25 12:15:57,2023-04-25 12:20:57
KTLX,s3://unidata-nexrad-level2/2023/04/25/KTLX/KTLX20230425_122135_V06,2023-04-25 12:21:35,2023-04-25 12:26:35
KTLX,s3://unidata-nexrad-level2/2023/04/25/KTLX/KTLX20230425_122657_V06,2023-04-25 12:26:57,2023-04-25 12:31:57
KTLX,s3://unidata-nexrad-level2/2023/04/25/KTLX/KTLX20230425_123235_V06,2023-04-25 12:32:35,2023-04-25 12:37:35
KTLX,s3://unidata-nexrad-level2/2023/04/25/KTLX/KTLX20230425_123826_V06,2023-04-25 12:38:26,2023-04-25 12:43:26
KTLX,s3://unidata-nexrad-level2/2023/04/25/KTLX/KTLX20230425_124418_V06,2023-04-25 12:44:18,2023-04-25 12:49:18
KTLX,s3://unidata-nexrad-level2/2023/04/25/KTLX/KTLX20230425_125009_V06,2023-04-25 12:50:09,2023-04-25 12:55:09
KTLX,s3://unidata-nexrad-level2/2023/04/25/KTLX/KTLX20230425_125601_V06,2023-04-25 12:56:01,2023-04-25 13:01:01
KTLX,s3://unidata-nexrad-level2/2023/04/25/KTLX/KTLX20230425_130153_V06,2023-04-25 13:01:53,2023-04-25 13:06:53
KTLX,s3://unidata-nexrad-level2/2023/04/25/KTLX/KTLX20230425_130745_V06,2023-04-25 13:07:45,2023-04-25 13:12:45
KTLX,s3://unidata-nexrad-level2/2023/04/25/KTLX/KTLX20230425_131336_V06,2023-04-25 13:13:36,2023-04-25 13:18:36
KTLX,s3://unidata-nexrad-level2/2023/04/25/KTLX/KTLX20230425_131928_V06,2023-04-25 13:19:28,2023-04-25 13:24:28
KTLX,s3://unidata-nexrad-level2/2023/04/25/KTLX/KTLX20230425_132521_V06,2023-04-25 13:25:21,2023-04-25 13:30:21
KTLX,s3://unidata-nexrad-level2/2023/04/25/KTLX/KTLX20230425_133113_V06,2023-04-25 13:31:13,2023-04-25 13:36:13
KTLX,s3://unidata-nexrad-level2/2023/04/25/KTLX/KTLX20230425_133705_V06,2023-04-25 13:37:05,2023-04-25 13:42:05
KTLX,s3://unidata-nexrad-level2/2023/04/25/KTLX/KTLX20230425_134256_V06,2023-04-25 13:42:56,2023-04-25 13:47:56
KTLX,s3://unidata-nexrad-level2/2023/04/25/KTLX/KTLX20230425_134849_V06,2023-04-25 13:48:49,2023-04-25 13:53:49
KTLX,s3://unidata-nexrad-level2/2023/04/25/KTLX/KTLX20230425_135441_V06,2023-04-25 13:54:41,2023-04-25 13:59:41
KTLX,s3://unidata-nexrad-level2/2023/04/25/KTLX/KTLX20230425_140045_V06,2023-04-25 14:00:45,2023-04-25 14:05:45
KTLX,s3://unidata-nexrad-level2/2023/04/25/KTLX/KTLX20230425_140649_V06,2023-04-25 14:06:49,2023-04-25 14:11:49
KTLX,s3://unidata-nexrad-level2/2023/04/25/KTLX/KTLX20230425_141253_V06,2023-04-25 14:12:53,2023-04-25 14:17:53
KTLX,s3://unidata-nexrad-level2/2023/04/25/KTLX/KTLX20230425_141855_V06,2023-04-25 14:18:55,2023-04-25 14:23:55
KTLX,s3://unidata-nexrad-level2/2023/04/25/KTLX/KTLX20230425_142459_V06,2023-04-25 14:24:59,2023-04-25 14:29:59
KTLX,s3://unidata-nexrad-level2/2023/04/25/KTLX/KTLX20230425_143102_V06,2023-04-25 14:31:02,2023-04-25 14:36:02
KTLX,s3://unidata-nexrad-level2/2023/04/25/KTLX/KTLX20230425_143706_V06,2023-04-25 14:37:06,2023-04-25 14:42:06
KTLX,s3://unidata-nexrad-level2/2023/04/25/KTLX/KTLX20230425_144307_V06,2023-04-25 14:43:07,2023-04-25 14:48:07
KTLX,s3://unidata-nexrad-level2/2023/04/25/KTLX/KTLX20230425_144910_V06,2023-04-25 14:49:10,2023-04-25 14:54:10
KTLX,s3://unidata-nexrad-level2/2023/04/25/KTLX/KTLX20230425_145515_V06,2023-04-25 14:55:15,2023-04-25 15:00:15
KTLX,s3://unidata-nexrad-level2/2023/04/25/KTLX/KTLX20230425_150119_V06,2023-04-25 15:01:19,2023-04-25 15:06:19
KTLX,s3://unidata-nexrad-level2/2023/04/25/KTLX/KTLX20230425_150722_V06,2023-04-25 15:07:22,2023-04-25 15:12:22
KTLX,s3://unidata-nexrad-level2/2023/04/25/KTLX/KTLX20230425_151326_V06,2023-04-25 15:13:26,2023-04-25 15:18:26
KTLX,s3://unidata-nexrad-level2/2023/04/25/KTLX/KTLX20230425_151929_V06,2023-04-25 15:19:29,2023-04-25 15:24:29
KTLX,s3://unidata-nexrad-level2/2023/04/25/KTLX/KTLX20230425_152533_V06,2023-04-25 15:25:33,2023-04-25 15:30:33
KTLX,s3://unidata-nexrad-level2/2023/04/25/KTLX/KTLX20230425_153137_V06,2023-04-25 15:31:37,2023-04-25 15:36:37
KTLX,s3://unidata-nexrad-level2/2023/04/25/KTLX/KTLX20230425_153741_V06,2023-04-25 15:37:41,2023-04-25 15:42:41
KTLX,s3://unidata-nexrad-level2/2023/04/25/KTLX/KTLX20230425_154344_V06,2023-04-25 15:43:44,2023-04-25 15:48:44
KTLX,s3://unidata-nexrad-level2/2023/04/25/KTLX/KTLX20230425_154948_V06,2023-04-25 15:49:48,2023-04-25 15:54:48
KTLX,s3://unidata-nexrad-level2/2023/04/25/KTLX/KTLX20230425_155551_V06,2023-04-25 15:55:51,2023-04-25 16:00:51
KTLX,s3://unidata-nexrad-level2/2023/04/25/KTLX/KTLX20230425_160155_V06,2023-04-25 16:01:55,2023-04-25 16:06:55
KTLX,s3://unidata-nexrad-level2/2023/04/25/KTLX/KTLX20230425_160758_V06,2023-04-25 16:07:58,2023-04-25 16:12:58
KTLX,s3://unidata-nexrad-level2/2023/04/25/KTLX/KTLX20230425_161403_V06,2023-04-25 16:14:03,2023-04-25 16:19:03
KTLX,s3://unidata-nexrad-level2/2023/04/25/KTLX/KTLX20230425_162006_V06,2023-04-25 16:20:06,2023-04-25 16:25:06
KTLX,s3://unidata-nexrad-level2/2023/04/25/KTLX/KTLX20230425_162610_V06,2023-04-25 16:26:10,2023-04-25 16:31:10
KTLX,s3://unidata-nexrad-level2/2023/04/25/KTLX/KTLX20230425_163214_V06,2023-04-25 16:32:14,2023-04-25 16:37:14
KTLX,s3://unidata-nexrad-level2/2023/04/25/KTLX/KTLX20230425_163817_V06,2023-04-25 16:38:17,2023-04-25 16:43:17
KTLX,s3://unidata-nexrad-level2/2023/04/25/KTLX/KTLX20230425_164420_V06,2023-04-25 16:44:20,2023-04-25 16:49:20
KTLX,s3://unidata-nexrad-level2/2023/04/25/KTLX/KTLX20230425_165024_V06,2023-04-25 16:50:24,2023-04-25 16:55:24
KTLX,s3://unidata-nexrad-level2/2023/04/25/KTLX/KTLX20230425_165628_V06,2023-04-25 16:56:28,2023-04-25 17:01:28
KTLX,s3://unidata-nexrad-level2/2023/04/25/KTLX/KTLX20230425_170232_V06,2023-04-25 17:02:32,2023-04-25 17:07:32
KTLX,s3://unidata-nexrad-level2/2023/04/25/KTLX/KTLX20230425_170824_V06,2023-04-25 17:08:24,2023-04-25 17:13:24
KTLX,s3://unidata-nexrad-level2/2023/04/25/KTLX/KTLX20230425_171428_V06,2023-04-25 17:14:28,2023-04-25 17:19:28
KTLX,s3://unidata-nexrad-level2/2023/04/25/KTLX/KTLX20230425_172031_V06,2023-04-25 17:20:31,2023-04-25 17:25:31
KTLX,s3://unidata-nexrad-level2/2023/04/25/KTLX/KTLX20230425_172623_V06,2023-04-25 17:26:23,2023-04-25 17:31:23
KTLX,s3://unidata-nexrad-level2/2023/04/25/KTLX/KTLX20230425_173215_V06,2023-04-25 17:32:15,2023-04-25 17:37:15
KTLX,s3://unidata-nexrad-level2/2023/04/25/KTLX/KTLX20230425_173806_V06,2023-04-25 17:38:06,2023-04-25 17:43:06
KTLX,s3://unidata-nexrad-level2/2023/04/25/KTLX/KTLX20230425_174340_V06,2023-04-25 17:43:40,2023-04-25 17:48:40
KTLX,s3://unidata-nexrad-level2/2023/04/25/KTLX/KTLX20230425_174913_V06,2023-04-25 17:49:13,2023-04-25 17:54:13
KTLX,s3://unidata-nexrad-level2/2023/04/25/KTLX/KTLX20230425_175431_V06,2023-04-25 17:54:31,2023-04-25 17:59:31
KTLX,s3://unidata-nexrad-level2/2023/04/25/KTLX/KTLX20230425_175950_V06,2023-04-25 17:59:50,2023-04-25 18:04:50
KTLX,s3://unidata-nexrad-level2/2023/04/25/KTLX/KTLX20230425_180453_V06,2023-04-25 18:04:53,2023-04-25 18:09:53
KTLX,s3://unidata-nexrad-level2/2023/04/25/KTLX/KTLX20230425_180956_V06,2023-04-25 18:09:56,2023-04-25 18:14:56
KTLX,s3://unidata-nexrad-level2/2023/04/25/KTLX/KTLX20230425_181459_V06,2023-04-25 18:14:59,2023-04-25 18:19:48
KTLX,s3://unidata-nexrad-level2/2023/04/25/KTLX/KTLX20230425_181948_V06,2023-04-25 18:19:48,2023-04-25 18:24:37
KTLX,s3://unidata-nexrad-level2/2023/04/25/KTLX/KTLX20230425_182437_V06,2023-04-25 18:24:37,2023-04-25 18:29:26
KTLX,s3://unidata-nexrad-level2/2023/04/25/KTLX/KTLX20230425_182926_V06,2023-04-25 18:29:26,2023-04-25 18:34:14
KTLX,s3://unidata-nexrad-level2/2023/04/25/KTLX/KTLX20230425_183414_V06,2023-04-25 18:34:14,2023-04-25 18:39:02
KTLX,s3://unidata-nexrad-level2/2023/04/25/KTLX/KTLX20230425_183902_V06,2023-04-25 18:39:02,2023-04-25 18:44:02
KTLX,s3://unidata-nexrad-level2/2023/04/25/KTLX/KTLX20230425_184422_V06,2023-04-25 18:44:22,2023-04-25 18:49:22
KTLX,s3://unidata-nexrad-level2/2023/04/25/KTLX/KTLX20230425_184957_V06,2023-04-25 18:49:57,2023-04-25 18:54:57
KTLX,s3://unidata-nexrad-level2/2023/04/25/KTLX/KTLX20230425_185540_V06,2023-04-25 18:55:40,2023-04-25 19:00:40
KTLX,s3://unidata-nexrad-level2/2023/04/25/KTLX/KTLX20230425_190137_V06,2023-04-25 19:01:37,2023-04-25 19:06:37
KTLX,s3://unidata-nexrad-level2/2023/04/25/KTLX/KTLX20230425_190650_V06,2023-04-25 19:06:50,2023-04-25 19:11:49
KTLX,s3://unidata-nexrad-level2/2023/04/25/KTLX/KTLX20230425_191149_V06,2023-04-25 19:11:49,2023-04-25 19:16:47
KTLX,s3://unidata-nexrad-level2/2023/04/25/KTLX/KTLX20230425_191647_V06,2023-04-25 19:16:47,2023-04-25 19:21:47
KTLX,s3://unidata-nexrad-level2/2023/04/25/KTLX/KTLX20230425_192200_V06,2023-04-25 19:22:00,2023-04-25 19:27:00
KTLX,s3://unidata-nexrad-level2/2023/04/25/KTLX/KTLX20230425_192758_V06,2023-04-25 19:27:58,2023-04-25 19:32:58
KTLX,s3://unidata-nexrad-level2/2023/04/25/KTLX/KTLX20230425_193355_V06,2023-04-25 19:33:55,2023-04-25 19:38:55
KTLX,s3://unidata-nexrad-level2/2023/04/25/KTLX/KTLX20230425_194049_V06,2023-04-25 19:40:49,2023-04-25 19:45:49
KTLX,s3://unidata-nexrad-level2/2023/04/25/KTLX/KTLX20230425_194618_V06,2023-04-25 19:46:18,2023-04-25 19:51:18
KTLX,s3://unidata-nexrad-level2/2023/04/25/KTLX/KTLX20230425_195147_V06,2023-04-25 19:51:47,2023-04-25 19:56:47
KTLX,s3://unidata-nexrad-level2/2023/04/25/KTLX/KTLX20230425_195745_V06,2023-04-25 19:57:45,2023-04-25 20:02:45
KTLX,s3://unidata-nexrad-level2/2023/04/25/KTLX/KTLX20230425_200327_V06,2023-04-25 20:03:27,2023-04-25 20:08:27
KTLX,s3://unidata-nexrad-level2/2023/04/25/KTLX/KTLX20230425_200905_V06,2023-04-25 20:09:05,2023-04-25 20:14:05
KTLX,s3://unidata-nexrad-level2/2023/04/25/KTLX/KTLX20230425_201427_V06,2023-04-25 20:14:27,2023-04-25 20:19:27
KTLX,s3://unidata-nexrad-level2/2023/04/25/KTLX/KTLX20230425_202004_V06,2023-04-25 20:20:04,2023-04-25 20:25:04
KTLX,s3://unidata-nexrad-level2/2023/04/25/KTLX/KTLX20230425_202558_V06,2023-04-25 20:25:58,2023-04-25 20:30:58
KTLX,s3://unidata-nexrad-level2/2023/04/25/KTLX/KTLX20230425_203150_V06,2023-04-25 20:31:50,2023-04-25 20:36:50
KTLX,s3://unidata-nexrad-level2/2023/04/25/KTLX/KTLX20230425_203740_V06,2023-04-25 20:37:40,2023-04-25 20:42:40
KTLX,s3://unidata-nexrad-level2/2023/04/25/KTLX/KTLX20230425_204332_V06,2023-04-25 20:43:32,2023-04-25 20:48:32
KTLX,s3://unidata-nexrad-level2/2023/04/25/KTLX/KTLX20230425_204910_V06,2023-04-25 20:49:10,2023-04-25 20:54:10
KTLX,s3://unidata-nexrad-level2/2023/04/25/KTLX/KTLX20230425_205447_V06,2023-04-25 20:54:47,2023-04-25 20:59:47
KTLX,s3://unidata-nexrad-level2/2023/04/25/KTLX/KTLX20230425_210030_V06,2023-04-25 21:00:30,2023-04-25 21:05:30
KTLX,s3://unidata-nexrad-level2/2023/04/25/KTLX/KTLX20230425_210552_V06,2023-04-25 21:05:52,2023-04-25 21:10:52
KTLX,s3://unidata-nexrad-level2/2023/04/25/KTLX/KTLX20230425_211115_V06,2023-04-25 21:11:15,2023-04-25 21:16:15
KTLX,s3://unidata-nexrad-level2/2023/04/25/KTLX/KTLX20230425_211657_V06,2023-04-25 21:16:57,2023-04-25 21:21:57
KTLX,s3://unidata-nexrad-level2/2023/04/25/KTLX/KTLX20230425_212239_V06,2023-04-25 21:22:39,2023-04-25 21:27:39
KTLX,s3://unidata-nexrad-level2/2023/04/25/KTLX/KTLX20230425_212817_V06,2023-04-25 21:28:17,2023-04-25 21:33:17
KTLX,s3://unidata-nexrad-level2/2023/04/25/KTLX/KTLX20230425_213405_V06,2023-04-25 21:34:05,2023-04-25 21:39:05
KTLX,s3://unidata-nexrad-level2/2023/04/25/KTLX/KTLX20230425_213952_V06,2023-04-25 21:39:52,2023-04-25 21:44:52
KTLX,s3://unidata-nexrad-level2/2023/04/25/KTLX/KTLX20230425_214535_V06,2023-04-25 21:45:35,2023-04-25 21:50:35
KTLX,s3://unidata-nexrad-level2/2023/04/25/KTLX/KTLX20230425_215116_V06,2023-04-25 21:51:16,2023-04-25 21:56:16
KTLX,s3://unidata-nexrad-level2/2023/04/25/KTLX/KTLX20230425_215658_V06,2023-04-25 21:56:58,2023-04-25 22:01:58
KTLX,s3://unidata-nexrad-level2/2023/04/25/KTLX/KTLX20230425_220240_V06,2023-04-25 22:02:40,2023-04-25 22:07:40
KTLX,s3://unidata-nexrad-level2/2023/04/25/KTLX/KTLX20230425_220808_V06,2023-04-25 22:08:08,2023-04-25 22:13:08
KTLX,s3://unidata-nexrad-level2/2023/04/25/KTLX/KTLX20230425_221342_V06,2023-04-25 22:13:42,2023-04-25 22:18:42
KTLX,s3://unidata-nexrad-level2/2023/04/25/KTLX/KTLX20230425_221915_V06,2023-04-25 22:19:15,2023-04-25 22:24:15
KTLX,s3://unidata-nexrad-level2/2023/04/25/KTLX/KTLX20230425_222442_V06,2023-04-25 22:24:42,2023-04-25 22:29:42
KTLX,s3://unidata-nexrad-level2/2023/04/25/KTLX/KTLX20230425_223004_V06,2023-04-25 22:30:04,2023-04-25 22:35:04
KTLX,s3://unidata-nexrad-level2/2023/04/25/KTLX/KTLX20230425_223545_V06,2023-04-25 22:35:45,2023-04-25 22:40:45
KTLX,s3://unidata-nexrad-level2/2023/04/25/KTLX/KTLX20230425_224112_V06,2023-04-25 22:41:12,2023-04-25 22:46:12
KTLX,s3://unidata-nexrad-level2/2023/04/25/KTLX/KTLX20230425_224641_V06,2023-04-25 22:46:41,2023-04-25 22:51:41
KTLX,s3://unidata-nexrad-level2/2023/04/25/KTLX/KTLX20230425_225209_V06,2023-04-25 22:52:09,2023-04-25 22:57:09
KTLX,s3://unidata-nexrad-level2/2023/04/25/KTLX/KTLX20230425_225736_V06,2023-04-25 22:57:36,2023-04-25 23:02:36
KTLX,s3://unidata-nexrad-level2/2023/04/25/KTLX/KTLX20230425_230248_V06,2023-04-25 23:02:48,2023-04-25 23:07:48
KTLX,s3://unidata-nexrad-level2/2023/04/25/KTLX/KTLX20230425_230801_V06,2023-04-25 23:08:01,2023-04-25 23:13:01
KTLX,s3://unidata-nexrad-level2/2023/04/25/KTLX/KTLX20230425_231314_V06,2023-04-25 23:13:14,2023-04-25 23:18:14
KTLX,s3://unidata-nexrad-level2/2023/04/25/KTLX/KTLX20230425_231842_V06,2023-04-25 23:18:42,2023-04-25 23:23:42
KTLX,s3://unidata-nexrad-level2/2023/04/25/KTLX/KTLX20230425_232355_V06,2023-04-25 23:23:55,2023-04-25 23:28:55
KTLX,s3://unidata-nexrad-level2/2023/04/25/KTLX/KTLX20230425_232908_V06,2023-04-25 23:29:08,2023-04-25 23:34:08
KTLX,s3://unidata-nexrad-level2/2023/04/25/KTLX/KTLX20230425_233422_V06,2023-04-25 23:34:22,2023-04-25 23:39:22
KTLX,s3://unidata-nexrad-level2/2023/04/25/KTLX/KTLX20230425_233934_V06,2023-04-25 23:39:34,2023-04-25 23:44:32
KTLX,s3://unidata-nexrad-level2/2023/04/25/KTLX/KTLX20230425_234432_V06,2023-04-25 23:44:32,2023-04-25 23:49:30
KTLX,s3://unidata-nexrad-level2/2023/04/25/KTLX/KTLX20230425_234930_V06,2023-04-25 23:49:30,2023-04-25 23:54:28
KTLX,s3://unidata-nexrad-level2/2023/04/25/KTLX/KTLX20230425_235428_V06,2023-04-25 23:54:28,2023-04-25 23:59:27
KTLX,s3://unidata-nexrad-level2/2023/04/25/KTLX/KTLX20230425_235927_V06,2023-04-25 23:59:27,2023-04-26 00:04:27
KTLX,s3://unidata-nexrad-level2/2023/04/26/KTLX/KTLX20230426_000441_V06,2023-04-26 00:04:41,2023-04-26 00:09:41
KTLX,s3://unidata-nexrad-level2/2023/04/26/KTLX/KTLX20230426_000955_V06,2023-04-26 00:09:55,2023-04-26 00:14:55
KTLX,s3://unidata-nexrad-level2/2023/04/26/KTLX/KTLX20230426_001508_V06,2023-04-26 00:15:08,2023-04-26 00:20:08
KTLX,s3://unidata-nexrad-level2/2023/04/26/KTLX/KTLX20230426_002022_V06,2023-04-26 00:20:22,2023-04-26 00:25:22
KTLX,s3://unidata-nexrad-level2/2023/04/26/KTLX/KTLX20230426_002605_V06,2023-04-26 00:26:05,2023-04-26 00:31:05
KTLX,s3://unidata-nexrad-level2/2023/04/26/KTLX/KTLX20230426_003133_V06,2023-04-26 00:31:33,2023-04-26 00:36:33
KTLX,s3://unidata-nexrad-level2/2023/04/26/KTLX/KTLX20230426_003646_V06,2023-04-26 00:36:46,2023-04-26 00:41:46
KTLX,s3://unidata-nexrad-level2/2023/04/26/KTLX/KTLX20230426_004159_V06,2023-04-26 00:41:59,2023-04-26 00:46:59
KTLX,s3://unidata-nexrad-level2/2023/04/26/KTLX/KTLX20230426_004712_V06,2023-04-26 00:47:12,2023-04-26 00:52:12
KTLX,s3://unidata-nexrad-level2/2023/04/26/KTLX/KTLX20230426_005224_V06,2023-04-26 00:52:24,2023-04-26 00:57:24
KTLX,s3://unidata-nexrad-level2/2023/04/26/KTLX/KTLX20230426_005737_V06,2023-04-26 00:57:37,2023-04-26 01:02:37
KTLX,s3://unidata-nexrad-level2/2023/04/26/KTLX/KTLX20230426_010255_V06,2023-04-26 01:02:55,2023-04-26 01:07:55
KTLX,s3://unidata-nexrad-level2/2023/04/26/KTLX/KTLX20230426_010800_V06,2023-04-26 01:08:00,2023-04-26 01:13:00
KTLX,s3://unidata-nexrad-level2/2023/04/26/KTLX/KTLX20230426_011306_V06,2023-04-26 01:13:06,2023-04-26 01:18:06
KTLX,s3://unidata-nexrad-level2/2023/04/26/KTLX/KTLX20230426_011811_V06,2023-04-26 01:18:11,2023-04-26 01:23:11
KTLX,s3://unidata-nexrad-level2/2023/04/26/KTLX/KTLX20230426_012316_V06,2023-04-26 01:23:16,2023-04-26 01:28:16
KTLX,s3://unidata-nexrad-level2/2023/04/26/KTLX/KTLX20230426_012821_V06,2023-04-26 01:28:21,2023-04-26 01:33:21
KTLX,s3://unidata-nexrad-level2/2023/04/26/KTLX/KTLX20230426_013325_V06,2023-04-26 01:33:25,2023-04-26 01:38:25
KTLX,s3://unidata-nexrad-level2/2023/04/26/KTLX/KTLX20230426_013844_V06,2023-04-26 01:38:44,2023-04-26 01:43:44
KTLX,s3://unidata-nexrad-level2/2023/04/26/KTLX/KTLX20230426_014349_V06,2023-04-26 01:43:49,2023-04-26 01:48:49
KTLX,s3://unidata-nexrad-level2/2023/04/26/KTLX/KTLX20230426_014910_V06,2023-04-26 01:49:10,2023-04-26 01:54:10
KTLX,s3://unidata-nexrad-level2/2023/04/26/KTLX/KTLX20230426_015444_V06,2023-04-26 01:54:44,2023-04-26 01:59:44
KTLX,s3://unidata-nexrad-level2/2023/04/26/KTLX/KTLX20230426_020004_V06,2023-04-26 02:00:04,2023-04-26 02:05:04
KTLX,s3://unidata-nexrad-level2/2023/04/26/KTLX/KTLX20230426_020524_V06,2023-04-26 02:05:24,2023-04-26 02:10:24
KTLX,s3://unidata-nexrad-level2/2023/04/26/KTLX/KTLX20230426_021043_V06,2023-04-26 02:10:43,2023-04-26 02:15:43
KTLX,s3://unidata-nexrad-level2/2023/04/26/KTLX/KTLX20230426_021603_V06,2023-04-26 02:16:03,2023-04-26 02:21:03
KTLX,s3://unidata-nexrad-level2/2023/04/26/KTLX/KTLX20230426_022122_V06,2023-04-26 02:21:22,2023-04-26 02:26:22
KTLX,s3://unidata-nexrad-level2/2023/04/26/KTLX/KTLX20230426_022643_V06,2023-04-26 02:26:43,2023-04-26 02:31:43
KTLX,s3://unidata-nexrad-level2/2023/04/26/KTLX/KTLX20230426_023147_V06,2023-04-26 02:31:47,2023-04-26 02:36:47
KTLX,s3://unidata-nexrad-level2/2023/04/26/KTLX/KTLX20230426_023650_V06,2023-04-26 02:36:50,2023-04-26 02:41:34
KTLX,s3://unidata-nexrad-level2/2023/04/26/KTLX/KTLX20230426_024134_V06,2023-04-26 02:41:34,2023-04-26 02:46:18
KTLX,s3://unidata-nexrad-level2/2023/04/26/KTLX/KTLX20230426_024618_V06,2023-04-26 02:46:18,2023-04-26 02:51:03
KTLX,s3://unidata-nexrad-level2/2023/04/26/KTLX/KTLX20230426_025103_V06,2023-04-26 02:51:03,2023-04-26 02:55:49
KTLX,s3://unidata-nexrad-level2/2023/04/26/KTLX/KTLX20230426_025549_V06,2023-04-26 02:55:49,2023-04-26 03:00:38
KTLX,s3://unidata-nexrad-level2/2023/04/26/KTLX/KTLX20230426_030038_V06,2023-04-26 03:00:38,2023-04-26 03:05:26
KTLX,s3://unidata-nexrad-level2/2023/04/26/KTLX/KTLX20230426_030526_V06,2023-04-26 03:05:26,2023-04-26 03:10:26
KTLX,s3://unidata-nexrad-level2/2023/04/26/KTLX/KTLX20230426_031031_V06,2023-04-26 03:10:31,2023-04-26 03:15:31
KTLX,s3://unidata-nexrad-level2/2023/04/26/KTLX/KTLX20230426_031535_V06,2023-04-26 03:15:35,2023-04-26 03:20:35
KTLX,s3://unidata-nexrad-level2/2023/04/26/KTLX/KTLX20230426_032040_V06,2023-04-26 03:20:40,2023-04-26 03:25:40
KTLX,s3://unidata-nexrad-level2/2023/04/26/KTLX/KTLX20230426_032546_V06,2023-04-26 03:25:46,2023-04-26 03:30:31
KTLX,s3://unidata-nexrad-level2/2023/04/26/KTLX/KTLX20230426_033031_V06,2023-04-26 03:30:31,2023-04-26 03:35:30
KTLX,s3://unidata-nexrad-level2/2023/04/26/KTLX/KTLX20230426_033530_V06,2023-04-26 03:35:30,2023-04-26 03:40:30
KTLX,s3://unidata-nexrad-level2/2023/04/26/KTLX/KTLX20230426_034131_V06,2023-04-26 03:41:31,2023-04-26 03:46:30
KTLX,s3://unidata-nexrad-level2/2023/04/26/KTLX/KTLX20230426_034630_V06,2023-04-26 03:46:30,2023-04-26 03:51:30
KTLX,s3://unidata-nexrad-level2/2023/04/26/KTLX/KTLX20230426_035130_V06,2023-04-26 03:51:30,2023-04-26 03:56:29
KTLX,s3://unidata-nexrad-level2/2023/04/26/KTLX/KTLX20230426_035629_V06,2023-04-26 03:56:29,2023-04-26 04:01:29
KTLX,s3://unidata-nexrad-level2/2023/04/26/KTLX/KTLX20230426_040148_V06,2023-04-26 04:01:48,2023-04-26 04:06:48
KTLX,s3://unidata-nexrad-level2/2023/04/26/KTLX/KTLX20230426_040651_V06,2023-04-26 04:06:51,2023-04-26 04:11:51
KTLX,s3://unidata-nexrad-level2/2023/04/26/KTLX/KTLX20230426_041200_V06,2023-04-26 04:12:00,2023-04-26 04:17:00
KTLX,s3://unidata-nexrad-level2/2023/04/26/KTLX/KTLX20230426_041728_V06,2023-04-26 04:17:28,2023-04-26 04:22:27
KTLX,s3://unidata-nexrad-level2/2023/04/26/KTLX/KTLX20230426_042227_V06,2023-04-26 04:22:27,2023-04-26 04:27:27
KTLX,s3://unidata-nexrad-level2/2023/04/26/KTLX/KTLX20230426_042735_V06,2023-04-26 04:27:35,2023-04-26 04:32:35
KTLX,s3://unidata-nexrad-level2/2023/04/26/KTLX/KTLX20230426_043257_V06,2023-04-26 04:32:57,2023-04-26 04:37:57
KTLX,s3://unidata-nexrad-level2/2023/04/26/KTLX/KTLX20230426_043840_V06,2023-04-26 04:38:40,2023-04-26 04:43:40
KTLX,s3://unidata-nexrad-level2/2023/04/26/KTLX/KTLX20230426_044403_V06,2023-04-26 04:44:03,2023-04-26 04:49:03
KTLX,s3://unidata-nexrad-level2/2023/04/26/KTLX/KTLX20230426_044921_V06,2023-04-26 04:49:21,2023-04-26 04:54:21
KTLX,s3://unidata-nexrad-level2/2023/04/26/KTLX/KTLX20230426_045448_V06,2023-04-26 04:54:48,2023-04-26 04:59:48
KTLX,s3://unidata-nexrad-level2/2023/04/26/KTLX/KTLX20230426_050030_V06,2023-04-26 05:00:30,2023-04-26 05:05:30
KTLX,s3://unidata-nexrad-level2/2023/04/26/KTLX/KTLX20230426_050556_V06,2023-04-26 05:05:56,2023-04-26 05:10:56
KTLX,s3://unidata-nexrad-level2/2023/04/26/KTLX/KTLX20230426_051114_V06,2023-04-26 05:11:14,2023-04-26 05:16:14
KTLX,s3://unidata-nexrad-level2/2023/04/26/KTLX/KTLX20230426_051647_V06,2023-04-26 05:16:47,2023-04-26 05:21:47
KTLX,s3://unidata-nexrad-level2/2023/04/26/KTLX/KTLX20230426_052229_V06,2023-04-26 05:22:29,2023-04-26 05:27:29
KTLX,s3://unidata-nexrad-level2/2023/04/26/KTLX/KTLX20230426_052825_V06,2023-04-26 05:28:25,2023-04-26 05:33:25
KTLX,s3://unidata-nexrad-level2/2023/04/26/KTLX/KTLX20230426_053421_V06,2023-04-26 05:34:21,2023-04-26 05:39:21
KTLX,s3://unidata-nexrad-level2/2023/04/26/KTLX/KTLX20230426_054019_V06,2023-04-26 05:40:19,2023-04-26 05:45:19
KTLX,s3://unidata-nexrad-level2/2023/04/26/KTLX/KTLX20230426_054616_V06,2023-04-26 05:46:16,2023-04-26 05:51:16
KTLX,s3://unidata-nexrad-level2/2023/04/26/KTLX/KTLX20230426_055219_V06,2023-04-26 05:52:19,2023-04-26 05:57:19
KTLX,s3://unidata-nexrad-level2/2023/04/26/KTLX/KTLX20230426_055807_V06,2023-04-26 05:58:07,2023-04-26 06:03:07
KTLX,s3://unidata-nexrad-level2/2023/04/26/KTLX/KTLX20230426_060404_V06,2023-04-26 06:04:04,2023-04-26 06:09:04
KTLX,s3://unidata-nexrad-level2/2023/04/26/KTLX/KTLX20230426_061008_V06,2023-04-26 06:10:08,2023-04-26 06:15:08
KTLX,s3://unidata-nexrad-level2/2023/04/26/KTLX/KTLX20230426_061612_V06,2023-04-26 06:16:12,2023-04-26 06:21:12
KTLX,s3://unidata-nexrad-level2/2023/04/26/KTLX/KTLX20230426_062216_V06,2023-04-26 06:22:16,2023-04-26 06:27:16
KTLX,s3://unidata-nexrad-level2/2023/04/26/KTLX/KTLX20230426_062821_V06,2023-04-26 06:28:21,2023-04-26 06:33:21
KTLX,s3://unidata-nexrad-level2/2023/04/26/KTLX/KTLX20230426_063424_V06,2023-04-26 06:34:24,2023-04-26 06:39:24
KTLX,s3://unidata-nexrad-level2/2023/04/26/KTLX/KTLX20230426_064021_V06,2023-04-26 06:40:21,2023-04-26 06:45:21
KTLX,s3://unidata-nexrad-level2/2023/04/26/KTLX/KTLX20230426_064624_V06,2023-04-26 06:46:24,2023-04-26 06:51:24
KTLX,s3://unidata-nexrad-level2/2023/04/26/KTLX/KTLX20230426_065229_V06,2023-04-26 06:52:29,2023-04-26 06:57:29
KTLX,s3://unidata-nexrad-level2/2023/04/26/KTLX/KTLX20230426_065832_V06,2023-04-26 06:58:32,2023-04-26 07:03:32
KTLX,s3://unidata-nexrad-level2/2023/04/26/KTLX/KTLX20230426_070434_V06,2023-04-26 07:04:34,2023-04-26 07:09:34
KTLX,s3://unidata-nexrad-level2/2023/04/26/KTLX/KTLX20230426_071037_V06,2023-04-26 07:10:37,2023-04-26 07:15:37
KTLX,s3://unidata-nexrad-level2/2023/04/26/KTLX/KTLX20230426_071640_V06,2023-04-26 07:16:40,2023-04-26 07:21:40
KTLX,s3://unidata-nexrad-level2/2023/04/26/KTLX/KTLX20230426_072244_V06,2023-04-26 07:22:44,2023-04-26 07:27:44
KTLX,s3://unidata-nexrad-level2/2023/04/26/KTLX/KTLX20230426_072846_V06,2023-04-26 07:28:46,2023-04-26 07:33:46
KTLX,s3://unidata-nexrad-level2/2023/04/26/KTLX/KTLX20230426_073449_V06,2023-04-26 07:34:49,2023-04-26 07:39:49
KTLX,s3://unidata-nexrad-level2/2023/04/26/KTLX/KTLX20230426_074053_V06,2023-04-26 07:40:53,2023-04-26 07:45:53
KTLX,s3://unidata-nexrad-level2/2023/04/26/KTLX/KTLX20230426_074658_V06,2023-04-26 07:46:58,2023-04-26 07:51:58
KTLX,s3://unidata-nexrad-level2/2023/04/26/KTLX/KTLX20230426_075303_V06,2023-04-26 07:53:03,2023-04-26 07:58:03
KTLX,s3://unidata-nexrad-level2/2023/04/26/KTLX/KTLX20230426_075907_V06,2023-04-26 07:59:07,2023-04-26 08:04:07
KTLX,s3://unidata-nexrad-level2/2023/04/26/KTLX/KTLX20230426_080500_V06,2023-04-26 08:05:00,2023-04-26 08:10:00
KTLX,s3://unidata-nexrad-level2/2023/04/26/KTLX/KTLX20230426_081052_V06,2023-04-26 08:10:52,2023-04-26 08:15:52
KTLX,s3://unidata-nexrad-level2/2023/04/26/KTLX/KTLX20230426_081645_V06,2023-04-26 08:16:45,2023-04-26 08:21:45
KTLX,s3://unidata-nexrad-level2/2023/04/26/KTLX/KTLX20230426_082237_V06,2023-04-26 08:22:37,2023-04-26 08:27:37
KTLX,s3://unidata-nexrad-level2/2023/04/26/KTLX/KTLX20230426_082841_V06,2023-04-26 08:28:41,2023-04-26 08:33:41
KTLX,s3://unidata-nexrad-level2/2023/04/26/KTLX/KTLX20230426_083439_V06,2023-04-26 08:34:39,2023-04-26 08:39:39
KTLX,s3://unidata-nexrad-level2/2023/04/26/KTLX/KTLX20230426_084044_V06,2023-04-26 08:40:44,2023-04-26 08:45:44
KTLX,s3://unidata-nexrad-level2/2023/04/26/KTLX/KTLX20230426_084648_V06,2023-04-26 08:46:48,2023-04-26 08:51:48
KTLX,s3://unidata-nexrad-level2/2023/04/26/KTLX/KTLX20230426_085253_V06,2023-04-26 08:52:53,2023-04-26 08:57:53
KTLX,s3://unidata-nexrad-level2/2023/04/26/KTLX/KTLX20230426_085857_V06,2023-04-26 08:58:57,2023-04-26 09:03:57
KTLX,s3://unidata-nexrad-level2/2023/04/26/KTLX/KTLX20230426_090500_V06,2023-04-26 09:05:00,2023-04-26 09:10:00
KTLX,s3://unidata-nexrad-level2/2023/04/26/KTLX/KTLX20230426_091104_V06,2023-04-26 09:11:04,2023-04-26 09:16:04
KTLX,s3://unidata-nexrad-level2/2023/04/26/KTLX/KTLX20230426_091702_V06,2023-04-26 09:17:02,2023-04-26 09:22:02
KTLX,s3://unidata-nexrad-level2/2023/04/26/KTLX/KTLX20230426_092259_V06,2023-04-26 09:22:59,2023-04-26 09:27:59
KTLX,s3://unidata-nexrad-level2/2023/04/26/KTLX/KTLX20230426_092856_V06,2023-04-26 09:28:56,2023-04-26 09:33:56
KTLX,s3://unidata-nexrad-level2/2023/04/26/KTLX/KTLX20230426_093453_V06,2023-04-26 09:34:53,2023-04-26 09:39:53
KTLX,s3://unidata-nexrad-level2/2023/04/26/KTLX/KTLX20230426_094055_V06,2023-04-26 09:40:55,2023-04-26 09:45:55
KTLX,s3://unidata-nexrad-level2/2023/04/26/KTLX/KTLX20230426_094658_V06,2023-04-26 09:46:58,2023-04-26 09:51:58
KTLX,s3://unidata-nexrad-level2/2023/04/26/KTLX/KTLX20230426_095245_V06,2023-04-26 09:52:45,2023-04-26 09:57:45
KTLX,s3://unidata-nexrad-level2/2023/04/26/KTLX/KTLX20230426_095813_V06,2023-04-26 09:58:13,2023-04-26 10:03:13
KTLX,s3://unidata-nexrad-level2/2023/04/26/KTLX/KTLX20230426_100346_V06,2023-04-26 10:03:46,2023-04-26 10:08:46
KTLX,s3://unidata-nexrad-level2/2023/04/26/KTLX/KTLX20230426_100913_V06,2023-04-26 10:09:13,2023-04-26 10:14:13
KTLX,s3://unidata-nexrad-level2/2023/04/26/KTLX/KTLX20230426_101432_V06,2023-04-26 10:14:32,2023-04-26 10:19:32
KTLX,s3://unidata-nexrad-level2/2023/04/26/KTLX/KTLX20230426_101937_V06,2023-04-26 10:19:37,2023-04-26 10:24:27
KTLX,s3://unidata-nexrad-level2/2023/04/26/KTLX/KTLX20230426_102427_V06,2023-04-26 10:24:27,2023-04-26 10:29:12
KTLX,s3://unidata-nexrad-level2/2023/04/26/KTLX/KTLX20230426_102912_V06,2023-04-26 10:29:12,2023-04-26 10:33:43
KTLX,s3://unidata-nexrad-level2/2023/04/26/KTLX/KTLX20230426_103343_V06,2023-04-26 10:33:43,2023-04-26 10:38:12
KTLX,s3://unidata-nexrad-level2/2023/04/26/KTLX/KTLX20230426_103812_V06,2023-04-26 10:38:12,2023-04-26 10:42:49
KTLX,s3://unidata-nexrad-level2/2023/04/26/KTLX/KTLX20230426_104249_V06,2023-04-26 10:42:49,2023-04-26 10:47:24
KTLX,s3://unidata-nexrad-level2/2023/04/26/KTLX/KTLX20230426_104724_V06,2023-04-26 10:47:24,2023-04-26 10:52:00
KTLX,s3://unidata-nexrad-level2/2023/04/26/KTLX/KTLX20230426_105200_V06,2023-04-26 10:52:00,2023-04-26 10:56:35
KTLX,s3://unidata-nexrad-level2/2023/04/26/KTLX/KTLX20230426_105635_V06,2023-04-26 10:56:35,2023-04-26 11:01:05
KTLX,s3://unidata-nexrad-level2/2023/04/26/KTLX/KTLX20230426_110105_V06,2023-04-26 11:01:05,2023-04-26 11:05:41
KTLX,s3://unidata-nexrad-level2/2023/04/26/KTLX/KTLX20230426_110541_V06,2023-04-26 11:05:41,2023-04-26 11:10:17
KTLX,s3://unidata-nexrad-level2/2023/04/26/KTLX/KTLX20230426_111017_V06,2023-04-26 11:10:17,2023-04-26 11:14:51
KTLX,s3://unidata-nexrad-level2/2023/04/26/KTLX/KTLX20230426_111451_V06,2023-04-26 11:14:51,2023-04-26 11:19:27
KTLX,s3://unidata-nexrad-level2/2023/04/26/KTLX/KTLX20230426_111927_V06,2023-04-26 11:19:27,2023-04-26 11:24:04
KTLX,s3://unidata-nexrad-level2/2023/04/26/KTLX/KTLX20230426_112404_V06,2023-04-26 11:24:04,2023-04-26 11:28:40
KTLX,s3://unidata-nexrad-level2/2023/04/26/KTLX/KTLX20230426_112840_V06,2023-04-26 11:28:40,2023-04-26 11:32:57
KTLX,s3://unidata-nexrad-level2/2023/04/26/KTLX/KTLX20230426_113257_V06,2023-04-26 11:32:57,2023-04-26 11:37:26
KTLX,s3://unidata-nexrad-level2/2023/04/26/KTLX/KTLX20230426_113726_V06,2023-04-26 11:37:26,2023-04-26 11:42:26
KTLX,s3://unidata-nexrad-level2/2023/04/26/KTLX/KTLX20230426_114305_V06,2023-04-26 11:43:05,2023-04-26 11:47:30
KTLX,s3://unidata-nexrad-level2/2023/04/26/KTLX/KTLX20230426_114730_V06,2023-04-26 11:47:30,2023-04-26 11:51:55
KTLX,s3://unidata-nexrad-level2/2023/04/26/KTLX/KTLX20230426_115155_V06,2023-04-26 11:51:55,2023-04-26 11:56:31
KTLX,s3://unidata-nexrad-level2/2023/04/26/KTLX/KTLX20230426_115631_V06,2023-04-26 11:56:31,2023-04-26 12:00:50
KTLX,s3://unidata-nexrad-level2/2023/04/26/KTLX/KTLX20230426_120050_V06,2023-04-26 12:00:50,2023-04-26 12:05:24
KTLX,s3://unidata-nexrad-level2/2023/04/26/KTLX/KTLX20230426_120524_V06,2023-04-26 12:05:24,2023-04-26 12:09:44
KTLX,s3://unidata-nexrad-level2/2023/04/26/KTLX/KTLX20230426_120944_V06,2023-04-26 12:09:44,2023-04-26 12:14:18
KTLX,s3://unidata-nexrad-level2/2023/04/26/KTLX/KTLX20230426_121418_V06,2023-04-26 12:14:18,2023-04-26 12:19:03
KTLX,s3://unidata-nexrad-level2/2023/04/26/KTLX/KTLX20230426_121903_V06,2023-04-26 12:19:03,2023-04-26 12:23:33
KTLX,s3://unidata-nexrad-level2/2023/04/26/KTLX/KTLX20230426_122333_V06,2023-04-26 12:23:33,2023-04-26 12:28:33
KTLX,s3://unidata-nexrad-level2/2023/04/26/KTLX/KTLX20230426_122848_V06,2023-04-26 12:28:48,2023-04-26 12:33:48
KTLX,s3://unidata-nexrad-level2/2023/04/26/KTLX/KTLX20230426_123356_V06,2023-04-26 12:33:56,2023-04-26 12:38:40
KTLX,s3://unidata-nexrad-level2/2023/04/26/KTLX/KTLX20230426_123840_V06,2023-04-26 12:38:40,2023-04-26 12:43:26
KTLX,s3://unidata-nexrad-level2/2023/04/26/KTLX/KTLX20230426_124326_V06,2023-04-26 12:43:26,2023-04-26 12:48:11
KTLX,s3://unidata-nexrad-level2/2023/04/26/KTLX/KTLX20230426_124811_V06,2023-04-26 12:48:11,2023-04-26 12:53:10
KTLX,s3://unidata-nexrad-level2/2023/04/26/KTLX/KTLX20230426_125310_V06,2023-04-26 12:53:10,2023-04-26 12:58:10
KTLX,s3://unidata-nexrad-level2/2023/04/26/KTLX/KTLX20230426_125822_V06,2023-04-26 12:58:22,2023-04-26 13:03:22
KTLX,s3://unidata-nexrad-level2/2023/04/26/KTLX/KTLX20230426_130336_V06,2023-04-26 13:03:36,2023-04-26 13:08:36
KTLX,s3://unidata-nexrad-level2/2023/04/26/KTLX/KTLX20230426_130920_V06,2023-04-26 13:09:20,2023-04-26 13:14:20
KTLX,s3://unidata-nexrad-level2/2023/04/26/KTLX/KTLX20230426_131517_V06,2023-04-26 13:15:17,2023-04-26 13:20:17
KTLX,s3://unidata-nexrad-level2/2023/04/26/KTLX/KTLX20230426_132059_V06,2023-04-26 13:20:59,2023-04-26 13:25:59
KTLX,s3://unidata-nexrad-level2/2023/04/26/KTLX/KTLX20230426_132655_V06,2023-04-26 13:26:55,2023-04-26 13:31:55
KTLX,s3://unidata-nexrad-level2/2023/04/26/KTLX/KTLX20230426_133252_V06,2023-04-26 13:32:52,2023-04-26 13:37:52
KTLX,s3://unidata-nexrad-level2/2023/04/26/KTLX/KTLX20230426_133836_V06,2023-04-26 13:38:36,2023-04-26 13:43:36
KTLX,s3://unidata-nexrad-level2/2023/04/26/KTLX/KTLX20230426_134419_V06,2023-04-26 13:44:19,2023-04-26 13:49:19
KTLX,s3://unidata-nexrad-level2/2023/04/26/KTLX/KTLX20230426_135007_V06,2023-04-26 13:50:07,2023-04-26 13:55:07
KTLX,s3://unidata-nexrad-level2/2023/04/26/KTLX/KTLX20230426_135549_V06,2023-04-26 13:55:49,2023-04-26 14:00:49
KTLX,s3://unidata-nexrad-level2/2023/04/26/KTLX/KTLX20230426_140133_V06,2023-04-26 14:01:33,2023-04-26 14:06:33
KTLX,s3://unidata-nexrad-level2/2023/04/26/KTLX/KTLX20230426_140716_V06,2023-04-26 14:07:16,2023-04-26 14:12:16
KTLX,s3://unidata-nexrad-level2/2023/04/26/KTLX/KTLX20230426_141300_V06,2023-04-26 14:13:00,2023-04-26 14:18:00
KTLX,s3://unidata-nexrad-level2/2023/04/26/KTLX/KTLX20230426_141859_V06,2023-04-26 14:18:59,2023-04-26 14:23:59
KTLX,s3://unidata-nexrad-level2/2023/04/26/KTLX/KTLX20230426_142450_V06,2023-04-26 14:24:50,2023-04-26 14:29:50
KTLX,s3://unidata-nexrad-level2/2023/04/26/KTLX/KTLX20230426_143055_V06,2023-04-26 14:30:55,2023-04-26 14:35:55
KTLX,s3://unidata-nexrad-level2/2023/04/26/KTLX/KTLX20230426_143643_V06,2023-04-26 14:36:43,2023-04-26 14:41:43
KTLX,s3://unidata-nexrad-level2/2023/04/26/KTLX/KTLX20230426_144231_V06,2023-04-26 14:42:31,2023-04-26 14:47:31
KTLX,s3://unidata-nexrad-level2/2023/04/26/KTLX/KTLX20230426_144819_V06,2023-04-26 14:48:19,2023-04-26 14:53:19
KTLX,s3://unidata-nexrad-level2/2023/04/26/KTLX/KTLX20230426_145407_V06,2023-04-26 14:54:07,2023-04-26 14:59:07
KTLX,s3://unidata-nexrad-level2/2023/04/26/KTLX/KTLX20230426_145954_V06,2023-04-26 14:59:54,2023-04-26 15:04:54
KTLX,s3://unidata-nexrad-level2/2023/04/26/KTLX/KTLX20230426_150542_V06,2023-04-26 15:05:42,2023-04-26 15:10:42
KTLX,s3://unidata-nexrad-level2/2023/04/26/KTLX/KTLX20230426_151145_V06,2023-04-26 15:11:45,2023-04-26 15:16:45
KTLX,s3://unidata-nexrad-level2/2023/04/26/KTLX/KTLX20230426_151750_V06,2023-04-26 15:17:50,2023-04-26 15:22:50
KTLX,s3://unidata-nexrad-level2/2023/04/26/KTLX/KTLX20230426_152356_V06,2023-04-26 15:23:56,2023-04-26 15:28:56
KTLX,s3://unidata-nexrad-level2/2023/04/26/KTLX/KTLX20230426_152939_V06,2023-04-26 15:29:39,2023-04-26 15:34:39
KTLX,s3://unidata-nexrad-level2/2023/04/26/KTLX/KTLX20230426_153522_V06,2023-04-26 15:35:22,2023-04-26 15:39:53
KTLX,s3://unidata-nexrad-level2/2023/04/26/KTLX/KTLX20230426_153953_V06,2023-04-26 15:39:53,2023-04-26 15:44:37
KTLX,s3://unidata-nexrad-level2/2023/04/26/KTLX/KTLX20230426_154437_V06,2023-04-26 15:44:37,2023-04-26 15:49:19
KTLX,s3://unidata-nexrad-level2/2023/04/26/KTLX/KTLX20230426_154919_V06,2023-04-26 15:49:19,2023-04-26 15:54:01
KTLX,s3://unidata-nexrad-level2/2023/04/26/KTLX/KTLX20230426_155401_V06,2023-04-26 15:54:01,2023-04-26 15:58:37
KTLX,s3://unidata-nexrad-level2/2023/04/26/KTLX/KTLX20230426_155837_V06,2023-04-26 15:58:37,2023-04-26 16:03:19
KTLX,s3://unidata-nexrad-level2/2023/04/26/KTLX/KTLX20230426_160319_V06,2023-04-26 16:03:19,2023-04-26 16:07:55
KTLX,s3://unidata-nexrad-level2/2023/04/26/KTLX/KTLX20230426_160755_V06,2023-04-26 16:07:55,2023-04-26 16:12:31
KTLX,s3://unidata-nexrad-level2/2023/04/26/KTLX/KTLX20230426_161231_V06,2023-04-26 16:12:31,2023-04-26 16:17:07
KTLX,s3://unidata-nexrad-level2/2023/04/26/KTLX/KTLX20230426_161707_V06,2023-04-26 16:17:07,2023-04-26 16:21:41
KTLX,s3://unidata-nexrad-level2/2023/04/26/KTLX/KTLX20230426_162141_V06,2023-04-26 16:21:41,2023-04-26 16:26:06
KTLX,s3://unidata-nexrad-level2/2023/04/26/KTLX/KTLX20230426_162606_V06,2023-04-26 16:26:06,2023-04-26 16:30:31
KTLX,s3://unidata-nexrad-level2/2023/04/26/KTLX/KTLX20230426_163031_V06,2023-04-26 16:30:31,2023-04-26 16:34:56
KTLX,s3://unidata-nexrad-level2/2023/04/26/KTLX/KTLX20230426_163456_V06,2023-04-26 16:34:56,2023-04-26 16:39:20
KTLX,s3://unidata-nexrad-level2/2023/04/26/KTLX/KTLX20230426_163920_V06,2023-04-26 16:39:20,2023-04-26 16:43:45
KTLX,s3://unidata-nexrad-level2/2023/04/26/KTLX/KTLX20230426_164345_V06,2023-04-26 16:43:45,2023-04-26 16:48:15
KTLX,s3://unidata-nexrad-level2/2023/04/26/KTLX/KTLX20230426_164815_V06,2023-04-26 16:48:15,2023-04-26 16:52:50
KTLX,s3://unidata-nexrad-level2/2023/04/26/KTLX/KTLX20230426_165250_V06,2023-04-26 16:52:50,2023-04-26 16:57:10
KTLX,s3://unidata-nexrad-level2/2023/04/26/KTLX/KTLX20230426_165710_V06,2023-04-26 16:57:10,2023-04-26 17:01:30
KTLX,s3://unidata-nexrad-level2/2023/04/26/KTLX/KTLX20230426_170130_V06,2023-04-26 17:01:30,2023-04-26 17:05:50
KTLX,s3://unidata-nexrad-level2/2023/04/26/KTLX/KTLX20230426_170550_V06,2023-04-26 17:05:50,2023-04-26 17:10:11
KTLX,s3://unidata-nexrad-level2/2023/04/26/KTLX/KTLX20230426_171011_V06,2023-04-26 17:10:11,2023-04-26 17:14:31
KTLX,s3://unidata-nexrad-level2/2023/04/26/KTLX/KTLX20230426_171431_V06,2023-04-26 17:14:31,2023-04-26 17:19:06
KTLX,s3://unidata-nexrad-level2/2023/04/26/KTLX/KTLX20230426_171906_V06,2023-04-26 17:19:06,2023-04-26 17:23:40
KTLX,s3://unidata-nexrad-level2/2023/04/26/KTLX/KTLX20230426_172340_V06,2023-04-26 17:23:40,2023-04-26 17:28:16
KTLX,s3://unidata-nexrad-level2/2023/04/26/KTLX/KTLX20230426_172816_V06,2023-04-26 17:28:16,2023-04-26 17:32:52
KTLX,s3://unidata-nexrad-level2/2023/04/26/KTLX/KTLX20230426_173252_V06,2023-04-26 17:32:52,2023-04-26 17:37:27
KTLX,s3://unidata-nexrad-level2/2023/04/26/KTLX/KTLX20230426_173727_V06,2023-04-26 17:37:27,2023-04-26 17:42:02
KTLX,s3://unidata-nexrad-level2/2023/04/26/KTLX/KTLX20230426_174202_V06,2023-04-26 17:42:02,2023-04-26 17:46:37
KTLX,s3://unidata-nexrad-level2/2023/04/26/KTLX/KTLX20230426_174637_V06,2023-04-26 17:46:37,2023-04-26 17:50:59
KTLX,s3://unidata-nexrad-level2/2023/04/26/KTLX/KTLX20230426_175059_V06,2023-04-26 17:50:59,2023-04-26 17:55:07
KTLX,s3://unidata-nexrad-level2/2023/04/26/KTLX/KTLX20230426_175507_V06,2023-04-26 17:55:07,2023-04-26 17:59:16
KTLX,s3://unidata-nexrad-level2/2023/04/26/KTLX/KTLX20230426_175916_V06,2023-04-26 17:59:16,2023-04-26 18:03:10
KTLX,s3://unidata-nexrad-level2/2023/04/26/KTLX/KTLX20230426_180310_V06,2023-04-26 18:03:10,2023-04-26 18:07:04
KTLX,s3://unidata-nexrad-level2/2023/04/26/KTLX/KTLX20230426_180704_V06,2023-04-26 18:07:04,2023-04-26 18:10:46
KTLX,s3://unidata-nexrad-level2/2023/04/26/KTLX/KTLX20230426_181046_V06,2023-04-26 18:10:46,2023-04-26 18:14:29
KTLX,s3://unidata-nexrad-level2/2023/04/26/KTLX/KTLX20230426_181429_V06,2023-04-26 18:14:29,2023-04-26 18:17:59
KTLX,s3://unidata-nexrad-level2/2023/04/26/KTLX/KTLX20230426_181759_V06,2023-04-26 18:17:59,2023-04-26 18:21:29
KTLX,s3://unidata-nexrad-level2/2023/04/26/KTLX/KTLX20230426_182129_V06,2023-04-26 18:21:29,2023-04-26 18:24:58
KTLX,s3://unidata-nexrad-level2/2023/04/26/KTLX/KTLX20230426_182458_V06,2023-04-26 18:24:58,2023-04-26 18:28:27
KTLX,s3://unidata-nexrad-level2/2023/04/26/KTLX/KTLX20230426_182827_V06,2023-04-26 18:28:27,2023-04-26 18:31:55
KTLX,s3://unidata-nexrad-level2/2023/04/26/KTLX/KTLX20230426_183155_V06,2023-04-26 18:31:55,2023-04-26 18:35:23
KTLX,s3://unidata-nexrad-level2/2023/04/26/KTLX/KTLX20230426_183523_V06,2023-04-26 18:35:23,2023-04-26 18:39:05
KTLX,s3://unidata-nexrad-level2/2023/04/26/KTLX/KTLX20230426_183905_V06,2023-04-26 18:39:05,2023-04-26 18:42:34
KTLX,s3://unidata-nexrad-level2/2023/04/26/KTLX/KTLX20230426_184234_V06,2023-04-26 18:42:34,2023-04-26 18:46:03
KTLX,s3://unidata-nexrad-level2/2023/04/26/KTLX/KTLX20230426_184603_V06,2023-04-26 18:46:03,2023-04-26 18:49:32
KTLX,s3://unidata-nexrad-level2/2023/04/26/KTLX/KTLX20230426_184932_V06,2023-04-26 18:49:32,2023-04-26 18:53:01
KTLX,s3://unidata-nexrad-level2/2023/04/26/KTLX/KTLX20230426_185301_V06,2023-04-26 18:53:01,2023-04-26 18:56:37
KTLX,s3://unidata-nexrad-level2/2023/04/26/KTLX/KTLX20230426_185637_V06,2023-04-26 18:56:37,2023-04-26 19:00:14
KTLX,s3://unidata-nexrad-level2/2023/04/26/KTLX/KTLX20230426_190014_V06,2023-04-26 19:00:14,2023-04-26 19:03:49
KTLX,s3://unidata-nexrad-level2/2023/04/26/KTLX/KTLX20230426_190349_V06,2023-04-26 19:03:49,2023-04-26 19:07:23
KTLX,s3://unidata-nexrad-level2/2023/04/26/KTLX/KTLX20230426_190723_V06,2023-04-26 19:07:23,2023-04-26 19:10:59
KTLX,s3://unidata-nexrad-level2/2023/04/26/KTLX/KTLX20230426_191059_V06,2023-04-26 19:10:59,2023-04-26 19:14:34
KTLX,s3://unidata-nexrad-level2/2023/04/26/KTLX/KTLX20230426_191434_V06,2023-04-26 19:14:34,2023-04-26 19:18:23
KTLX,s3://unidata-nexrad-level2/2023/04/26/KTLX/KTLX20230426_191823_V06,2023-04-26 19:18:23,2023-04-26 19:21:59
KTLX,s3://unidata-nexrad-level2/2023/04/26/KTLX/KTLX20230426_192159_V06,2023-04-26 19:21:59,2023-04-26 19:25:48
KTLX,s3://unidata-nexrad-level2/2023/04/26/KTLX/KTLX20230426_192548_V06,2023-04-26 19:25:48,2023-04-26 19:29:30
KTLX,s3://unidata-nexrad-level2/2023/04/26/KTLX/KTLX20230426_192930_V06,2023-04-26 19:29:30,2023-04-26 19:33:31
KTLX,s3://unidata-nexrad-level2/2023/04/26/KTLX/KTLX20230426_193331_V06,2023-04-26 19:33:31,2023-04-26 19:37:13
KTLX,s3://unidata-nexrad-level2/2023/04/26/KTLX/KTLX20230426_193713_V06,2023-04-26 19:37:13,2023-04-26 19:40:55
KTLX,s3://unidata-nexrad-level2/2023/04/26/KTLX/KTLX20230426_194055_V06,2023-04-26 19:40:55,2023-04-26 19:45:47
KTLX,s3://unidata-nexrad-level2/2023/04/26/KTLX/KTLX20230426_194547_V06,2023-04-26 19:45:47,2023-04-26 19:49:29
KTLX,s3://unidata-nexrad-level2/2023/04/26/KTLX/KTLX20230426_194929_V06,2023-04-26 19:49:29,2023-04-26 19:53:10
KTLX,s3://unidata-nexrad-level2/2023/04/26/KTLX/KTLX20230426_195310_V06,2023-04-26 19:53:10,2023-04-26 19:56:52
KTLX,s3://unidata-nexrad-level2/2023/04/26/KTLX/KTLX20230426_195652_V06,2023-04-26 19:56:52,2023-04-26 20:00:35
KTLX,s3://unidata-nexrad-level2/2023/04/26/KTLX/KTLX20230426_200035_V06,2023-04-26 20:00:35,2023-04-26 20:04:17
KTLX,s3://unidata-nexrad-level2/2023/04/26/KTLX/KTLX20230426_200417_V06,2023-04-26 20:04:17,2023-04-26 20:07:57
KTLX,s3://unidata-nexrad-level2/2023/04/26/KTLX/KTLX20230426_200757_V06,2023-04-26 20:07:57,2023-04-26 20:11:40
KTLX,s3://unidata-nexrad-level2/2023/04/26/KTLX/KTLX20230426_201140_V06,2023-04-26 20:11:40,2023-04-26 20:15:22
KTLX,s3://unidata-nexrad-level2/2023/04/26/KTLX/KTLX20230426_201522_V06,2023-04-26 20:15:22,2023-04-26 20:19:05
KTLX,s3://unidata-nexrad-level2/2023/04/26/KTLX/KTLX20230426_201905_V06,2023-04-26 20:19:05,2023-04-26 20:22:46
KTLX,s3://unidata-nexrad-level2/2023/04/26/KTLX/KTLX20230426_202246_V06,2023-04-26 20:22:46,2023-04-26 20:26:28
KTLX,s3://unidata-nexrad-level2/2023/04/26/KTLX/KTLX20230426_202628_V06,2023-04-26 20:26:28,2023-04-26 20:30:23
KTLX,s3://unidata-nexrad-level2/2023/04/26/KTLX/KTLX20230426_203023_V06,2023-04-26 20:30:23,2023-04-26 20:34:05
KTLX,s3://unidata-nexrad-level2/2023/04/26/KTLX/KTLX20230426_203405_V06,2023-04-26 20:34:05,2023-04-26 20:37:59
KTLX,s3://unidata-nexrad-level2/2023/04/26/KTLX/KTLX20230426_203759_V06,2023-04-26 20:37:59,2023-04-26 20:41:54
KTLX,s3://unidata-nexrad-level2/2023/04/26/KTLX/KTLX20230426_204154_V06,2023-04-26 20:41:54,2023-04-26 20:46:02
KTLX,s3://unidata-nexrad-level2/2023/04/26/KTLX/KTLX20230426_204602_V06,2023-04-26 20:46:02,2023-04-26 20:49:57
KTLX,s3://unidata-nexrad-level2/2023/04/26/KTLX/KTLX20230426_204957_V06,2023-04-26 20:49:57,2023-04-26 20:53:58
KTLX,s3://unidata-nexrad-level2/2023/04/26/KTLX/KTLX20230426_205358_V06,2023-04-26 20:53:58,2023-04-26 20:58:12
KTLX,s3://unidata-nexrad-level2/2023/04/26/KTLX/KTLX20230426_205812_V06,2023-04-26 20:58:12,2023-04-26 21:02:27
KTLX,s3://unidata-nexrad-level2/2023/04/26/KTLX/KTLX20230426_210227_V06,2023-04-26 21:02:27,2023-04-26 21:06:35
KTLX,s3://unidata-nexrad-level2/2023/04/26/KTLX/KTLX20230426_210635_V06,2023-04-26 21:06:35,2023-04-26 21:10:49
KTLX,s3://unidata-nexrad-level2/2023/04/26/KTLX/KTLX20230426_211049_V06,2023-04-26 21:10:49,2023-04-26 21:15:17
KTLX,s3://unidata-nexrad-level2/2023/04/26/KTLX/KTLX20230426_211517_V06,2023-04-26 21:15:17,2023-04-26 21:19:45
KTLX,s3://unidata-nexrad-level2/2023/04/26/KTLX/KTLX20230426_211945_V06,2023-04-26 21:19:45,2023-04-26 21:24:16
KTLX,s3://unidata-nexrad-level2/2023/04/26/KTLX/KTLX20230426_212416_V06,2023-04-26 21:24:16,2023-04-26 21:28:31
KTLX,s3://unidata-nexrad-level2/2023/04/26/KTLX/KTLX20230426_212831_V06,2023-04-26 21:28:31,2023-04-26 21:33:14
KTLX,s3://unidata-nexrad-level2/2023/04/26/KTLX/KTLX20230426_213314_V06,2023-04-26 21:33:14,2023-04-26 21:37:49
KTLX,s3://unidata-nexrad-level2/2023/04/26/KTLX/KTLX20230426_213749_V06,2023-04-26 21:37:49,2023-04-26 21:42:24
KTLX,s3://unidata-nexrad-level2/2023/04/26/KTLX/KTLX20230426_214224_V06,2023-04-26 21:42:24,2023-04-26 21:46:54
KTLX,s3://unidata-nexrad-level2/2023/04/26/KTLX/KTLX20230426_214654_V06,2023-04-26 21:46:54,2023-04-26 21:51:22
KTLX,s3://unidata-nexrad-level2/2023/04/26/KTLX/KTLX20230426_215122_V06,2023-04-26 21:51:22,2023-04-26 21:55:53
KTLX,s3://unidata-nexrad-level2/2023/04/26/KTLX/KTLX20230426_215553_V06,2023-04-26 21:55:53,2023-04-26 22:00:24
KTLX,s3://unidata-nexrad-level2/2023/04/26/KTLX/KTLX20230426_220024_V06,2023-04-26 22:00:24,2023-04-26 22:04:54
KTLX,s3://unidata-nexrad-level2/2023/04/26/KTLX/KTLX20230426_220454_V06,2023-04-26 22:04:54,2023-04-26 22:09:23
KTLX,s3://unidata-nexrad-level2/2023/04/26/KTLX/KTLX20230426_220923_V06,2023-04-26 22:09:23,2023-04-26 22:13:53
KTLX,s3://unidata-nexrad-level2/2023/04/26/KTLX/KTLX20230426_221353_V06,2023-04-26 22:13:53,2023-04-26 22:18:17
KTLX,s3://unidata-nexrad-level2/2023/04/26/KTLX/KTLX20230426_221817_V06,2023-04-26 22:18:17,2023-04-26 22:22:52
KTLX,s3://unidata-nexrad-level2/2023/04/26/KTLX/KTLX20230426_222252_V06,2023-04-26 22:22:52,2023-04-26 22:27:34
KTLX,s3://unidata-nexrad-level2/2023/04/26/KTLX/KTLX20230426_222734_V06,2023-04-26 22:27:34,2023-04-26 22:31:59
KTLX,s3://unidata-nexrad-level2/2023/04/26/KTLX/KTLX20230426_223159_V06,2023-04-26 22:31:59,2023-04-26 22:36:35
KTLX,s3://unidata-nexrad-level2/2023/04/26/KTLX/KTLX20230426_223635_V06,2023-04-26 22:36:35,2023-04-26 22:41:03
KTLX,s3://unidata-nexrad-level2/2023/04/26/KTLX/KTLX20230426_224103_V06,2023-04-26 22:41:03,2023-04-26 22:45:25
KTLX,s3://unidata-nexrad-level2/2023/04/26/KTLX/KTLX20230426_224525_V06,2023-04-26 22:45:25,2023-04-26 22:49:40
KTLX,s3://unidata-nexrad-level2/2023/04/26/KTLX/KTLX20230426_224940_V06,2023-04-26 22:49:40,2023-04-26 22:53:54
KTLX,s3://unidata-nexrad-level2/2023/04/26/KTLX/KTLX20230426_225354_V06,2023-04-26 22:53:54,2023-04-26 22:57:55
KTLX,s3://unidata-nexrad-level2/2023/04/26/KTLX/KTLX20230426_225755_V06,2023-04-26 22:57:55,2023-04-26 23:01:55
KTLX,s3://unidata-nexrad-level2/2023/04/26/KTLX/KTLX20230426_230155_V06,2023-04-26 23:01:55,2023-04-26 23:05:56
KTLX,s3://unidata-nexrad-level2/2023/04/26/KTLX/KTLX20230426_230556_V06,2023-04-26 23:05:56,2023-04-26 23:09:46
KTLX,s3://unidata-nexrad-level2/2023/04/26/KTLX/KTLX20230426_230946_V06,2023-04-26 23:09:46,2023-04-26 23:13:35
KTLX,s3://unidata-nexrad-level2/2023/04/26/KTLX/KTLX20230426_231335_V06,2023-04-26 23:13:35,2023-04-26 23:17:24
KTLX,s3://unidata-nexrad-level2/2023/04/26/KTLX/KTLX20230426_231724_V06,2023-04-26 23:17:24,2023-04-26 23:20:52
KTLX,s3://unidata-nexrad-level2/2023/04/26/KTLX/KTLX20230426_232052_V06,2023-04-26 23:20:52,2023-04-26 23:24:21
KTLX,s3://unidata-nexrad-level2/2023/04/26/KTLX/KTLX20230426_232421_V06,2023-04-26 23:24:21,2023-04-26 23:27:48
KTLX,s3://unidata-nexrad-level2/2023/04/26/KTLX/KTLX20230426_232748_V06,2023-04-26 23:27:48,2023-04-26 23:31:16
KTLX,s3://unidata-nexrad-level2/2023/04/26/KTLX/KTLX20230426_233116_V06,2023-04-26 23:31:16,2023-04-26 23:34:45
KTLX,s3://unidata-nexrad-level2/2023/04/26/KTLX/KTLX20230426_233445_V06,2023-04-26 23:34:45,2023-04-26 23:38:14
KTLX,s3://unidata-nexrad-level2/2023/04/26/KTLX/KTLX20230426_233814_V06,2023-04-26 23:38:14,2023-04-26 23:41:43
KTLX,s3://unidata-nexrad-level2/2023/04/26/KTLX/KTLX20230426_234143_V06,2023-04-26 23:41:43,2023-04-26 23:45:12
KTLX,s3://unidata-nexrad-level2/2023/04/26/KTLX/KTLX20230426_234512_V06,2023-04-26 23:45:12,2023-04-26 23:48:41
KTLX,s3://unidata-nexrad-level2/2023/04/26/KTLX/KTLX20230426_234841_V06,2023-04-26 23:48:41,2023-04-26 23:52:11
KTLX,s3://unidata-nexrad-level2/2023/04/26/KTLX/KTLX20230426_235211_V06,2023-04-26 23:52:11,2023-04-26 23:55:40
KTLX,s3://unidata-nexrad-level2/2023/04/26/KTLX/KTLX20230426_235540_V06,2023-04-26 23:55:40,2023-04-26 23:59:09
KTLX,s3://unidata-nexrad-level2/2023/04/26/KTLX/KTLX20230426_235909_V06,2023-04-26 23:59:09,2023-04-27 00:02:45
KTLX,s3://unidata-nexrad-level2/2023/04/27/KTLX/KTLX20230427_000245_V06,2023-04-27 00:02:45,2023-04-27 00:06:21
KTLX,s3://unidata-nexrad-level2/2023/04/27/KTLX/KTLX20230427_000621_V06,2023-04-27 00:06:21,2023-04-27 00:09:56
KTLX,s3://unidata-nexrad-level2/2023/04/27/KTLX/KTLX20230427_000956_V06,2023-04-27 00:09:56,2023-04-27 00:13:32
KTLX,s3://unidata-nexrad-level2/2023/04/27/KTLX/KTLX20230427_001332_V06,2023-04-27 00:13:32,2023-04-27 00:17:09
KTLX,s3://unidata-nexrad-level2/2023/04/27/KTLX/KTLX20230427_001709_V06,2023-04-27 00:17:09,2023-04-27 00:20:45
KTLX,s3://unidata-nexrad-level2/2023/04/27/KTLX/KTLX20230427_002045_V06,2023-04-27 00:20:45,2023-04-27 00:24:20
KTLX,s3://unidata-nexrad-level2/2023/04/27/KTLX/KTLX20230427_002420_V06,2023-04-27 00:24:20,2023-04-27 00:27:56
KTLX,s3://unidata-nexrad-level2/2023/04/27/KTLX/KTLX20230427_002756_V06,2023-04-27 00:27:56,2023-04-27 00:31:31
KTLX,s3://unidata-nexrad-level2/2023/04/27/KTLX/KTLX20230427_003131_V06,2023-04-27 00:31:31,2023-04-27 00:35:07
KTLX,s3://unidata-nexrad-level2/2023/04/27/KTLX/KTLX20230427_003507_V06,2023-04-27 00:35:07,2023-04-27 00:38:43
KTLX,s3://unidata-nexrad-level2/2023/04/27/KTLX/KTLX20230427_003843_V06,2023-04-27 00:38:43,2023-04-27 00:42:18
KTLX,s3://unidata-nexrad-level2/2023/04/27/KTLX/KTLX20230427_004218_V06,2023-04-27 00:42:18,2023-04-27 00:45:54
KTLX,s3://unidata-nexrad-level2/2023/04/27/KTLX/KTLX20230427_004554_V06,2023-04-27 00:45:54,2023-04-27 00:49:30
KTLX,s3://unidata-nexrad-level2/2023/04/27/KTLX/KTLX20230427_004930_V06,2023-04-27 00:49:30,2023-04-27 00:52:59
KTLX,s3://unidata-nexrad-level2/2023/04/27/KTLX/KTLX20230427_005259_V06,2023-04-27 00:52:59,2023-04-27 00:56:34
KTLX,s3://unidata-nexrad-level2/2023/04/27/KTLX/KTLX20230427_005634_V06,2023-04-27 00:56:34,2023-04-27 01:00:09
KTLX,s3://unidata-nexrad-level2/2023/04/27/KTLX/KTLX20230427_010009_V06,2023-04-27 01:00:09,2023-04-27 01:03:44
KTLX,s3://unidata-nexrad-level2/2023/04/27/KTLX/KTLX20230427_010344_V06,2023-04-27 01:03:44,2023-04-27 01:07:20
KTLX,s3://unidata-nexrad-level2/2023/04/27/KTLX/KTLX20230427_010720_V06,2023-04-27 01:07:20,2023-04-27 01:10:49
KTLX,s3://unidata-nexrad-level2/2023/04/27/KTLX/KTLX20230427_011049_V06,2023-04-27 01:10:49,2023-04-27 01:14:18
KTLX,s3://unidata-nexrad-level2/2023/04/27/KTLX/KTLX20230427_011418_V06,2023-04-27 01:14:18,2023-04-27 01:17:47
KTLX,s3://unidata-nexrad-level2/2023/04/27/KTLX/KTLX20230427_011747_V06,2023-04-27 01:17:47,2023-04-27 01:21:16
KTLX,s3://unidata-nexrad-level2/2023/04/27/KTLX/KTLX20230427_012116_V06,2023-04-27 01:21:16,2023-04-27 01:24:44
KTLX,s3://unidata-nexrad-level2/2023/04/27/KTLX/KTLX20230427_012444_V06,2023-04-27 01:24:44,2023-04-27 01:28:13
KTLX,s3://unidata-nexrad-level2/2023/04/27/KTLX/KTLX20230427_012813_V06,2023-04-27 01:28:13,2023-04-27 01:31:40
KTLX,s3://unidata-nexrad-level2/2023/04/27/KTLX/KTLX20230427_013140_V06,2023-04-27 01:31:40,2023-04-27 01:34:54
KTLX,s3://unidata-nexrad-level2/2023/04/27/KTLX/KTLX20230427_013454_V06,2023-04-27 01:34:54,2023-04-27 01:38:24
KTLX,s3://unidata-nexrad-level2/2023/04/27/KTLX/KTLX20230427_013824_V06,2023-04-27 01:38:24,2023-04-27 01:42:00
KTLX,s3://unidata-nexrad-level2/2023/04/27/KTLX/KTLX20230427_014200_V06,2023-04-27 01:42:00,2023-04-27 01:45:14
KTLX,s3://unidata-nexrad-level2/2023/04/27/KTLX/KTLX20230427_014514_V06,2023-04-27 01:45:14,2023-04-27 01:48:28
KTLX,s3://unidata-nexrad-level2/2023/04/27/KTLX/KTLX20230427_014828_V06,2023-04-27 01:48:28,2023-04-27 01:51:56
KTLX,s3://unidata-nexrad-level2/2023/04/27/KTLX/KTLX20230427_015156_V06,2023-04-27 01:51:56,2023-04-27 01:55:34
KTLX,s3://unidata-nexrad-level2/2023/04/27/KTLX/KTLX20230427_015534_V06,2023-04-27 01:55:34,2023-04-27 01:59:09
KTLX,s3://unidata-nexrad-level2/2023/04/27/KTLX/KTLX20230427_015909_V06,2023-04-27 01:59:09,2023-04-27 02:02:44
KTLX,s3://unidata-nexrad-level2/2023/04/27/KTLX/KTLX20230427_020244_V06,2023-04-27 02:02:44,2023-04-27 02:06:20
KTLX,s3://unidata-nexrad-level2/2023/04/27/KTLX/KTLX20230427_020620_V06,2023-04-27 02:06:20,2023-04-27 02:09:57
KTLX,s3://unidata-nexrad-level2/2023/04/27/KTLX/KTLX20230427_020957_V06,2023-04-27 02:09:57,2023-04-27 02:13:33
KTLX,s3://unidata-nexrad-level2/2023/04/27/KTLX/KTLX20230427_021333_V06,2023-04-27 02:13:33,2023-04-27 02:17:09
KTLX,s3://unidata-nexrad-level2/2023/04/27/KTLX/KTLX20230427_021709_V06,2023-04-27 02:17:09,2023-04-27 02:20:44
KTLX,s3://unidata-nexrad-level2/2023/04/27/KTLX/KTLX20230427_022044_V06,2023-04-27 02:20:44,2023-04-27 02:24:21
KTLX,s3://unidata-nexrad-level2/2023/04/27/KTLX/KTLX20230427_022421_V06,2023-04-27 02:24:21,2023-04-27 02:27:57
KTLX,s3://unidata-nexrad-level2/2023/04/27/KTLX/KTLX20230427_022757_V06,2023-04-27 02:27:57,2023-04-27 02:31:19
KTLX,s3://unidata-nexrad-level2/2023/04/27/KTLX/KTLX20230427_023119_V06,2023-04-27 02:31:19,2023-04-27 02:34:43
KTLX,s3://unidata-nexrad-level2/2023/04/27/KTLX/KTLX20230427_023443_V06,2023-04-27 02:34:43,2023-04-27 02:38:32
KTLX,s3://unidata-nexrad-level2/2023/04/27/KTLX/KTLX20230427_023832_V06,2023-04-27 02:38:32,2023-04-27 02:42:08
KTLX,s3://unidata-nexrad-level2/2023/04/27/KTLX/KTLX20230427_024208_V06,2023-04-27 02:42:08,2023-04-27 02:46:10
KTLX,s3://unidata-nexrad-level2/2023/04/27/KTLX/KTLX20230427_024610_V06,2023-04-27 02:46:10,2023-04-27 02:50:04
KTLX,s3://unidata-nexrad-level2/2023/04/27/KTLX/KTLX20230427_025004_V06,2023-04-27 02:50:04,2023-04-27 02:54:34
KTLX,s3://unidata-nexrad-level2/2023/04/27/KTLX/KTLX20230427_025434_V06,2023-04-27 02:54:34,2023-04-27 02:58:36
KTLX,s3://unidata-nexrad-level2/2023/04/27/KTLX/KTLX20230427_025836_V06,2023-04-27 02:58:36,2023-04-27 03:02:57
KTLX,s3://unidata-nexrad-level2/2023/04/27/KTLX/KTLX20230427_030257_V06,2023-04-27 03:02:57,2023-04-27 03:07:12
KTLX,s3://unidata-nexrad-level2/2023/04/27/KTLX/KTLX20230427_030712_V06,2023-04-27 03:07:12,2023-04-27 03:11:28
KTLX,s3://unidata-nexrad-level2/2023/04/27/KTLX/KTLX20230427_031128_V06,2023-04-27 03:11:28,2023-04-27 03:15:44
KTLX,s3://unidata-nexrad-level2/2023/04/27/KTLX/KTLX20230427_031544_V06,2023-04-27 03:15:44,2023-04-27 03:20:09
KTLX,s3://unidata-nexrad-level2/2023/04/27/KTLX/KTLX20230427_032009_V06,2023-04-27 03:20:09,2023-04-27 03:24:20
KTLX,s3://unidata-nexrad-level2/2023/04/27/KTLX/KTLX20230427_032420_V06,2023-04-27 03:24:20,2023-04-27 03:28:48
KTLX,s3://unidata-nexrad-level2/2023/04/27/KTLX/KTLX20230427_032848_V06,2023-04-27 03:28:48,2023-04-27 03:33:17
KTLX,s3://unidata-nexrad-level2/2023/04/27/KTLX/KTLX20230427_033317_V06,2023-04-27 03:33:17,2023-04-27 03:37:33
KTLX,s3://unidata-nexrad-level2/2023/04/27/KTLX/KTLX20230427_033733_V06,2023-04-27 03:37:33,2023-04-27 03:42:03
KTLX,s3://unidata-nexrad-level2/2023/04/27/KTLX/KTLX20230427_034203_V06,2023-04-27 03:42:03,2023-04-27 03:47:03
KTLX,s3://unidata-nexrad-level2/2023/04/27/KTLX/KTLX20230427_034724_V06,2023-04-27 03:47:24,2023-04-27 03:51:35
KTLX,s3://unidata-nexrad-level2/2023/04/27/KTLX/KTLX20230427_035135_V06,2023-04-27 03:51:35,2023-04-27 03:55:49
KTLX,s3://unidata-nexrad-level2/2023/04/27/KTLX/KTLX20230427_035549_V06,2023-04-27 03:55:49,2023-04-27 03:59:46
KTLX,s3://unidata-nexrad-level2/2023/04/27/KTLX/KTLX20230427_035946_V06,2023-04-27 03:59:46,2023-04-27 04:03:42
KTLX,s3://unidata-nexrad-level2/2023/04/27/KTLX/KTLX20230427_040342_V06,2023-04-27 04:03:42,2023-04-27 04:07:57
KTLX,s3://unidata-nexrad-level2/2023/04/27/KTLX/KTLX20230427_040757_V06,2023-04-27 04:07:57,2023-04-27 04:11:58
KTLX,s3://unidata-nexrad-level2/2023/04/27/KTLX/KTLX20230427_041158_V06,2023-04-27 04:11:58,2023-04-27 04:16:12
KTLX,s3://unidata-nexrad-level2/2023/04/27/KTLX/KTLX20230427_041612_V06,2023-04-27 04:16:12,2023-04-27 04:20:27
KTLX,s3://unidata-nexrad-level2/2023/04/27/KTLX/KTLX20230427_042027_V06,2023-04-27 04:20:27,2023-04-27 04:24:44
KTLX,s3://unidata-nexrad-level2/2023/04/27/KTLX/KTLX20230427_042444_V06,2023-04-27 04:24:44,2023-04-27 04:28:51
KTLX,s3://unidata-nexrad-level2/2023/04/27/KTLX/KTLX20230427_042851_V06,2023-04-27 04:28:51,2023-04-27 04:32:45
KTLX,s3://unidata-nexrad-level2/2023/04/27/KTLX/KTLX20230427_043245_V06,2023-04-27 04:32:45,2023-04-27 04:36:50
KTLX,s3://unidata-nexrad-level2/2023/04/27/KTLX/KTLX20230427_043650_V06,2023-04-27 04:36:50,2023-04-27 04:41:15
KTLX,s3://unidata-nexrad-level2/2023/04/27/KTLX/KTLX20230427_044115_V06,2023-04-27 04:41:15,2023-04-27 04:45:42
KTLX,s3://unidata-nexrad-level2/2023/04/27/KTLX/KTLX20230427_044542_V06,2023-04-27 04:45:42,2023-04-27 04:50:25
KTLX,s3://unidata-nexrad-level2/2023/04/27/KTLX/KTLX20230427_045025_V06,2023-04-27 04:50:25,2023-04-27 04:55:08
KTLX,s3://unidata-nexrad-level2/2023/04/27/KTLX/KTLX20230427_045508_V06,2023-04-27 04:55:08,2023-04-27 04:59:50
KTLX,s3://unidata-nexrad-level2/2023/04/27/KTLX/KTLX20230427_045950_V06,2023-04-27 04:59:50,2023-04-27 05:04:25
KTLX,s3://unidata-nexrad-level2/2023/04/27/KTLX/KTLX20230427_050425_V06,2023-04-27 05:04:25,2023-04-27 05:09:07
KTLX,s3://unidata-nexrad-level2/2023/04/27/KTLX/KTLX20230427_050907_V06,2023-04-27 05:09:07,2023-04-27 05:13:49
KTLX,s3://unidata-nexrad-level2/2023/04/27/KTLX/KTLX20230427_051349_V06,2023-04-27 05:13:49,2023-04-27 05:18:23
KTLX,s3://unidata-nexrad-level2/2023/04/27/KTLX/KTLX20230427_051823_V06,2023-04-27 05:18:23,2023-04-27 05:23:05
KTLX,s3://unidata-nexrad-level2/2023/04/27/KTLX/KTLX20230427_052305_V06,2023-04-27 05:23:05,2023-04-27 05:27:41
KTLX,s3://unidata-nexrad-level2/2023/04/27/KTLX/KTLX20230427_052741_V06,2023-04-27 05:27:41,2023-04-27 05:32:22
KTLX,s3://unidata-nexrad-level2/2023/04/27/KTLX/KTLX20230427_053222_V06,2023-04-27 05:32:22,2023-04-27 05:37:03
KTLX,s3://unidata-nexrad-level2/2023/04/27/KTLX/KTLX20230427_053703_V06,2023-04-27 05:37:03,2023-04-27 05:41:46
KTLX,s3://unidata-nexrad-level2/2023/04/27/KTLX/KTLX20230427_054146_V06,2023-04-27 05:41:46,2023-04-27 05:46:26
KTLX,s3://unidata-nexrad-level2/2023/04/27/KTLX/KTLX20230427_054626_V06,2023-04-27 05:46:26,2023-04-27 05:51:09
KTLX,s3://unidata-nexrad-level2/2023/04/27/KTLX/KTLX20230427_055109_V06,2023-04-27 05:51:09,2023-04-27 05:55:51
KTLX,s3://unidata-nexrad-level2/2023/04/27/KTLX/KTLX20230427_055551_V06,2023-04-27 05:55:51,2023-04-27 06:00:33
KTLX,s3://unidata-nexrad-level2/2023/04/27/KTLX/KTLX20230427_060033_V06,2023-04-27 06:00:33,2023-04-27 06:05:16
KTLX,s3://unidata-nexrad-level2/2023/04/27/KTLX/KTLX20230427_060516_V06,2023-04-27 06:05:16,2023-04-27 06:09:57
KTLX,s3://unidata-nexrad-level2/2023/04/27/KTLX/KTLX20230427_060957_V06,2023-04-27 06:09:57,2023-04-27 06:14:38
KTLX,s3://unidata-nexrad-level2/2023/04/27/KTLX/KTLX20230427_061438_V06,2023-04-27 06:14:38,2023-04-27 06:19:21
KTLX,s3://unidata-nexrad-level2/2023/04/27/KTLX/KTLX20230427_061921_V06,2023-04-27 06:19:21,2023-04-27 06:24:02
KTLX,s3://unidata-nexrad-level2/2023/04/27/KTLX/KTLX20230427_062402_V06,2023-04-27 06:24:02,2023-04-27 06:28:43
KTLX,s3://unidata-nexrad-level2/2023/04/27/KTLX/KTLX20230427_062843_V06,2023-04-27 06:28:43,2023-04-27 06:33:25
KTLX,s3://unidata-nexrad-level2/2023/04/27/KTLX/KTLX20230427_063325_V06,2023-04-27 06:33:25,2023-04-27 06:38:07
KTLX,s3://unidata-nexrad-level2/2023/04/27/KTLX/KTLX20230427_063807_V06,2023-04-27 06:38:07,2023-04-27 06:42:50
KTLX,s3://unidata-nexrad-level2/2023/04/27/KTLX/KTLX20230427_064250_V06,2023-04-27 06:42:50,2023-04-27 06:47:31
KTLX,s3://unidata-nexrad-level2/2023/04/27/KTLX/KTLX20230427_064731_V06,2023-04-27 06:47:31,2023-04-27 06:52:00
KTLX,s3://unidata-nexrad-level2/2023/04/27/KTLX/KTLX20230427_065200_V06,2023-04-27 06:52:00,2023-04-27 06:56:27
KTLX,s3://unidata-nexrad-level2/2023/04/27/KTLX/KTLX20230427_065627_V06,2023-04-27 06:56:27,2023-04-27 07:00:56
KTLX,s3://unidata-nexrad-level2/2023/04/27/KTLX/KTLX20230427_070056_V06,2023-04-27 07:00:56,2023-04-27 07:05:09
KTLX,s3://unidata-nexrad-level2/2023/04/27/KTLX/KTLX20230427_070509_V06,2023-04-27 07:05:09,2023-04-27 07:09:24
KTLX,s3://unidata-nexrad-level2/2023/04/27/KTLX/KTLX20230427_070924_V06,2023-04-27 07:09:24,2023-04-27 07:13:38
KTLX,s3://unidata-nexrad-level2/2023/04/27/KTLX/KTLX20230427_071338_V06,2023-04-27 07:13:38,2023-04-27 07:17:53
KTLX,s3://unidata-nexrad-level2/2023/04/27/KTLX/KTLX20230427_071753_V06,2023-04-27 07:17:53,2023-04-27 07:21:54
KTLX,s3://unidata-nexrad-level2/2023/04/27/KTLX/KTLX20230427_072154_V06,2023-04-27 07:21:54,2023-04-27 07:25:55
KTLX,s3://unidata-nexrad-level2/2023/04/27/KTLX/KTLX20230427_072555_V06,2023-04-27 07:25:55,2023-04-27 07:29:57
KTLX,s3://unidata-nexrad-level2/2023/04/27/KTLX/KTLX20230427_072957_V06,2023-04-27 07:29:57,2023-04-27 07:33:57
KTLX,s3://unidata-nexrad-level2/2023/04/27/KTLX/KTLX20230427_073357_V06,2023-04-27 07:33:57,2023-04-27 07:38:00
KTLX,s3://unidata-nexrad-level2/2023/04/27/KTLX/KTLX20230427_073800_V06,2023-04-27 07:38:00,2023-04-27 07:42:02
KTLX,s3://unidata-nexrad-level2/2023/04/27/KTLX/KTLX20230427_074202_V06,2023-04-27 07:42:02,2023-04-27 07:46:03
KTLX,s3://unidata-nexrad-level2/2023/04/27/KTLX/KTLX20230427_074603_V06,2023-04-27 07:46:03,2023-04-27 07:49:52
KTLX,s3://unidata-nexrad-level2/2023/04/27/KTLX/KTLX20230427_074952_V06,2023-04-27 07:49:52,2023-04-27 07:53:41
KTLX,s3://unidata-nexrad-level2/2023/04/27/KTLX/KTLX20230427_075341_V06,2023-04-27 07:53:41,2023-04-27 07:57:30
KTLX,s3://unidata-nexrad-level2/2023/04/27/KTLX/KTLX20230427_075730_V06,2023-04-27 07:57:30,2023-04-27 08:01:17
KTLX,s3://unidata-nexrad-level2/2023/04/27/KTLX/KTLX20230427_080117_V06,2023-04-27 08:01:17,2023-04-27 08:05:06
KTLX,s3://unidata-nexrad-level2/2023/04/27/KTLX/KTLX20230427_080506_V06,2023-04-27 08:05:06,2023-04-27 08:08:56
KTLX,s3://unidata-nexrad-level2/2023/04/27/KTLX/KTLX20230427_080856_V06,2023-04-27 08:08:56,2023-04-27 08:12:44
KTLX,s3://unidata-nexrad-level2/2023/04/27/KTLX/KTLX20230427_081244_V06,2023-04-27 08:12:44,2023-04-27 08:16:34
KTLX,s3://unidata-nexrad-level2/2023/04/27/KTLX/KTLX20230427_081634_V06,2023-04-27 08:16:34,2023-04-27 08:20:24
KTLX,s3://unidata-nexrad-level2/2023/04/27/KTLX/KTLX20230427_082024_V06,2023-04-27 08:20:24,2023-04-27 08:24:15
KTLX,s3://unidata-nexrad-level2/2023/04/27/KTLX/KTLX20230427_082415_V06,2023-04-27 08:24:15,2023-04-27 08:28:04
KTLX,s3://unidata-nexrad-level2/2023/04/27/KTLX/KTLX20230427_082804_V06,2023-04-27 08:28:04,2023-04-27 08:31:52
KTLX,s3://unidata-nexrad-level2/2023/04/27/KTLX/KTLX20230427_083152_V06,2023-04-27 08:31:52,2023-04-27 08:35:40
KTLX,s3://unidata-nexrad-level2/2023/04/27/KTLX/KTLX20230427_083540_V06,2023-04-27 08:35:40,2023-04-27 08:39:30
KTLX,s3://unidata-nexrad-level2/2023/04/27/KTLX/KTLX20230427_083930_V06,2023-04-27 08:39:30,2023-04-27 08:43:32
KTLX,s3://unidata-nexrad-level2/2023/04/27/KTLX/KTLX20230427_084332_V06,2023-04-27 08:43:32,2023-04-27 08:47:35
KTLX,s3://unidata-nexrad-level2/2023/04/27/KTLX/KTLX20230427_084735_V06,2023-04-27 08:47:35,2023-04-27 08:51:51
KTLX,s3://unidata-nexrad-level2/2023/04/27/KTLX/KTLX20230427_085151_V06,2023-04-27 08:51:51,2023-04-27 08:56:05
KTLX,s3://unidata-nexrad-level2/2023/04/27/KTLX/KTLX20230427_085605_V06,2023-04-27 08:56:05,2023-04-27 09:00:18
KTLX,s3://unidata-nexrad-level2/2023/04/27/KTLX/KTLX20230427_090018_V06,2023-04-27 09:00:18,2023-04-27 09:04:46
KTLX,s3://unidata-nexrad-level2/2023/04/27/KTLX/KTLX20230427_090446_V06,2023-04-27 09:04:46,2023-04-27 09:09:01
KTLX,s3://unidata-nexrad-level2/2023/04/27/KTLX/KTLX20230427_090901_V06,2023-04-27 09:09:01,2023-04-27 09:13:30
KTLX,s3://unidata-nexrad-level2/2023/04/27/KTLX/KTLX20230427_091330_V06,2023-04-27 09:13:30,2023-04-27 09:17:59
KTLX,s3://unidata-nexrad-level2/2023/04/27/KTLX/KTLX20230427_091759_V06,2023-04-27 09:17:59,2023-04-27 09:22:41
KTLX,s3://unidata-nexrad-level2/2023/04/27/KTLX/KTLX20230427_092241_V06,2023-04-27 09:22:41,2023-04-27 09:27:11
KTLX,s3://unidata-nexrad-level2/2023/04/27/KTLX/KTLX20230427_092711_V06,2023-04-27 09:27:11,2023-04-27 09:31:53
KTLX,s3://unidata-nexrad-level2/2023/04/27/KTLX/KTLX20230427_093153_V06,2023-04-27 09:31:53,2023-04-27 09:36:35
KTLX,s3://unidata-nexrad-level2/2023/04/27/KTLX/KTLX20230427_093635_V06,2023-04-27 09:36:35,2023-04-27 09:41:18
KTLX,s3://unidata-nexrad-level2/2023/04/27/KTLX/KTLX20230427_094118_V06,2023-04-27 09:41:18,2023-04-27 09:46:00
KTLX,s3://unidata-nexrad-level2/2023/04/27/KTLX/KTLX20230427_094600_V06,2023-04-27 09:46:00,2023-04-27 09:50:42
KTLX,s3://unidata-nexrad-level2/2023/04/27/KTLX/KTLX20230427_095042_V06,2023-04-27 09:50:42,2023-04-27 09:55:23
KTLX,s3://unidata-nexrad-level2/2023/04/27/KTLX/KTLX20230427_095523_V06,2023-04-27 09:55:23,2023-04-27 09:59:59
KTLX,s3://unidata-nexrad-level2/2023/04/27/KTLX/KTLX20230427_095959_V06,2023-04-27 09:59:59,2023-04-27 10:04:34
KTLX,s3://unidata-nexrad-level2/2023/04/27/KTLX/KTLX20230427_100434_V06,2023-04-27 10:04:34,2023-04-27 10:09:09
KTLX,s3://unidata-nexrad-level2/2023/04/27/KTLX/KTLX20230427_100909_V06,2023-04-27 10:09:09,2023-04-27 10:13:44
KTLX,s3://unidata-nexrad-level2/2023/04/27/KTLX/KTLX20230427_101344_V06,2023-04-27 10:13:44,2023-04-27 10:18:18
KTLX,s3://unidata-nexrad-level2/2023/04/27/KTLX/KTLX20230427_101818_V06,2023-04-27 10:18:18,2023-04-27 10:22:52
KTLX,s3://unidata-nexrad-level2/2023/04/27/KTLX/KTLX20230427_102252_V06,2023-04-27 10:22:52,2023-04-27 10:27:27
KTLX,s3://unidata-nexrad-level2/2023/04/27/KTLX/KTLX20230427_102727_V06,2023-04-27 10:27:27,2023-04-27 10:32:02
KTLX,s3://unidata-nexrad-level2/2023/04/27/KTLX/KTLX20230427_103202_V06,2023-04-27 10:32:02,2023-04-27 10:36:38
KTLX,s3://unidata-nexrad-level2/2023/04/27/KTLX/KTLX20230427_103638_V06,2023-04-27 10:36:38,2023-04-27 10:41:13
KTLX,s3://unidata-nexrad-level2/2023/04/27/KTLX/KTLX20230427_104113_V06,2023-04-27 10:41:13,2023-04-27 10:45:48
KTLX,s3://unidata-nexrad-level2/2023/04/27/KTLX/KTLX20230427_104548_V06,2023-04-27 10:45:48,2023-04-27 10:50:22
KTLX,s3://unidata-nexrad-level2/2023/04/27/KTLX/KTLX20230427_105022_V06,2023-04-27 10:50:22,2023-04-27 10:54:57
KTLX,s3://unidata-nexrad-level2/2023/04/27/KTLX/KTLX20230427_105457_V06,2023-04-27 10:54:57,2023-04-27 10:59:32
KTLX,s3://unidata-nexrad-level2/2023/04/27/KTLX/KTLX20230427_105932_V06,2023-04-27 10:59:32,2023-04-27 11:04:06
KTLX,s3://unidata-nexrad-level2/2023/04/27/KTLX/KTLX20230427_110406_V06,2023-04-27 11:04:06,2023-04-27 11:08:41
KTLX,s3://unidata-nexrad-level2/2023/04/27/KTLX/KTLX20230427_110841_V06,2023-04-27 11:08:41,2023-04-27 11:13:15
KTLX,s3://unidata-nexrad-level2/2023/04/27/KTLX/KTLX20230427_111315_V06,2023-04-27 11:13:15,2023-04-27 11:17:49
KTLX,s3://unidata-nexrad-level2/2023/04/27/KTLX/KTLX20230427_111749_V06,2023-04-27 11:17:49,2023-04-27 11:22:26
KTLX,s3://unidata-nexrad-level2/2023/04/27/KTLX/KTLX20230427_112226_V06,2023-04-27 11:22:26,2023-04-27 11:27:00
KTLX,s3://unidata-nexrad-level2/2023/04/27/KTLX/KTLX20230427_112700_V06,2023-04-27 11:27:00,2023-04-27 11:31:34
KTLX,s3://unidata-nexrad-level2/2023/04/27/KTLX/KTLX20230427_113134_V06,2023-04-27 11:31:34,2023-04-27 11:36:08
KTLX,s3://unidata-nexrad-level2/2023/04/27/KTLX/KTLX20230427_113608_V06,2023-04-27 11:36:08,2023-04-27 11:40:42
KTLX,s3://unidata-nexrad-level2/2023/04/27/KTLX/KTLX20230427_114042_V06,2023-04-27 11:40:42,2023-04-27 11:45:16
KTLX,s3://unidata-nexrad-level2/2023/04/27/KTLX/KTLX20230427_114516_V06,2023-04-27 11:45:16,2023-04-27 11:50:16
KTLX,s3://unidata-nexrad-level2/2023/04/27/KTLX/KTLX20230427_115101_V06,2023-04-27 11:51:01,2023-04-27 11:55:36
KTLX,s3://unidata-nexrad-level2/2023/04/27/KTLX/KTLX20230427_115536_V06,2023-04-27 11:55:36,2023-04-27 12:00:10
KTLX,s3://unidata-nexrad-level2/2023/04/27/KTLX/KTLX20230427_120010_V06,2023-04-27 12:00:10,2023-04-27 12:04:44
KTLX,s3://unidata-nexrad-level2/2023/04/27/KTLX/KTLX20230427_120444_V06,2023-04-27 12:04:44,2023-04-27 12:09:19
KTLX,s3://unidata-nexrad-level2/2023/04/27/KTLX/KTLX20230427_120919_V06,2023-04-27 12:09:19,2023-04-27 12:13:49
KTLX,s3://unidata-nexrad-level2/2023/04/27/KTLX/KTLX20230427_121349_V06,2023-04-27 12:13:49,2023-04-27 12:18:23
KTLX,s3://unidata-nexrad-level2/2023/04/27/KTLX/KTLX20230427_121823_V06,2023-04-27 12:18:23,2023-04-27 12:22:57
KTLX,s3://unidata-nexrad-level2/2023/04/27/KTLX/KTLX20230427_122257_V06,2023-04-27 12:22:57,2023-04-27 12:27:32
KTLX,s3://unidata-nexrad-level2/2023/04/27/KTLX/KTLX20230427_122732_V06,2023-04-27 12:27:32,2023-04-27 12:32:07
KTLX,s3://unidata-nexrad-level2/2023/04/27/KTLX/KTLX20230427_123207_V06,2023-04-27 12:32:07,2023-04-27 12:36:42
KTLX,s3://unidata-nexrad-level2/2023/04/27/KTLX/KTLX20230427_123642_V06,2023-04-27 12:36:42,2023-04-27 12:41:17
KTLX,s3://unidata-nexrad-level2/2023/04/27/KTLX/KTLX20230427_124117_V06,2023-04-27 12:41:17,2023-04-27 12:45:38
KTLX,s3://unidata-nexrad-level2/2023/04/27/KTLX/KTLX20230427_124538_V06,2023-04-27 12:45:38,2023-04-27 12:49:59
KTLX,s3://unidata-nexrad-level2/2023/04/27/KTLX/KTLX20230427_124959_V06,2023-04-27 12:49:59,2023-04-27 12:54:07
KTLX,s3://unidata-nexrad-level2/2023/04/27/KTLX/KTLX20230427_125407_V06,2023-04-27 12:54:07,2023-04-27 12:58:02
KTLX,s3://unidata-nexrad-level2/2023/04/27/KTLX/KTLX20230427_125802_V06,2023-04-27 12:58:02,2023-04-27 13:01:55
KTLX,s3://unidata-nexrad-level2/2023/04/27/KTLX/KTLX20230427_130155_V06,2023-04-27 13:01:55,2023-04-27 13:05:37
KTLX,s3://unidata-nexrad-level2/2023/04/27/KTLX/KTLX20230427_130537_V06,2023-04-27 13:05:37,2023-04-27 13:09:19
KTLX,s3://unidata-nexrad-level2/2023/04/27/KTLX/KTLX20230427_130919_V06,2023-04-27 13:09:19,2023-04-27 13:13:00
KTLX,s3://unidata-nexrad-level2/2023/04/27/KTLX/KTLX20230427_131300_V06,2023-04-27 13:13:00,2023-04-27 13:16:42
KTLX,s3://unidata-nexrad-level2/2023/04/27/KTLX/KTLX20230427_131642_V06,2023-04-27 13:16:42,2023-04-27 13:20:23
KTLX,s3://unidata-nexrad-level2/2023/04/27/KTLX/KTLX20230427_132023_V06,2023-04-27 13:20:23,2023-04-27 13:24:05
KTLX,s3://unidata-nexrad-level2/2023/04/27/KTLX/KTLX20230427_132405_V06,2023-04-27 13:24:05,2023-04-27 13:27:33
KTLX,s3://unidata-nexrad-level2/2023/04/27/KTLX/KTLX20230427_132733_V06,2023-04-27 13:27:33,2023-04-27 13:31:01
KTLX,s3://unidata-nexrad-level2/2023/04/27/KTLX/KTLX20230427_133101_V06,2023-04-27 13:31:01,2023-04-27 13:34:31
KTLX,s3://unidata-nexrad-level2/2023/04/27/KTLX/KTLX20230427_133431_V06,2023-04-27 13:34:31,2023-04-27 13:37:59
KTLX,s3://unidata-nexrad-level2/2023/04/27/KTLX/KTLX20230427_133759_V06,2023-04-27 13:37:59,2023-04-27 13:41:27
KTLX,s3://unidata-nexrad-level2/2023/04/27/KTLX/KTLX20230427_134127_V06,2023-04-27 13:41:27,2023-04-27 13:44:57
KTLX,s3://unidata-nexrad-level2/2023/04/27/KTLX/KTLX20230427_134457_V06,2023-04-27 13:44:57,2023-04-27 13:48:26
KTLX,s3://unidata-nexrad-level2/2023/04/27/KTLX/KTLX20230427_134826_V06,2023-04-27 13:48:26,2023-04-27 13:51:57
KTLX,s3://unidata-nexrad-level2/2023/04/27/KTLX/KTLX20230427_135157_V06,2023-04-27 13:51:57,2023-04-27 13:55:24
KTLX,s3://unidata-nexrad-level2/2023/04/27/KTLX/KTLX20230427_135524_V06,2023-04-27 13:55:24,2023-04-27 13:58:53
KTLX,s3://unidata-nexrad-level2/2023/04/27/KTLX/KTLX20230427_135853_V06,2023-04-27 13:58:53,2023-04-27 14:02:22
KTLX,s3://unidata-nexrad-level2/2023/04/27/KTLX/KTLX20230427_140222_V06,2023-04-27 14:02:22,2023-04-27 14:05:52
KTLX,s3://unidata-nexrad-level2/2023/04/27/KTLX/KTLX20230427_140552_V06,2023-04-27 14:05:52,2023-04-27 14:09:22
KTLX,s3://unidata-nexrad-level2/2023/04/27/KTLX/KTLX20230427_140922_V06,2023-04-27 14:09:22,2023-04-27 14:12:51
KTLX,s3://unidata-nexrad-level2/2023/04/27/KTLX/KTLX20230427_141251_V06,2023-04-27 14:12:51,2023-04-27 14:16:20
KTLX,s3://unidata-nexrad-level2/2023/04/27/KTLX/KTLX20230427_141620_V06,2023-04-27 14:16:20,2023-04-27 14:19:49
KTLX,s3://unidata-nexrad-level2/2023/04/27/KTLX/KTLX20230427_141949_V06,2023-04-27 14:19:49,2023-04-27 14:23:18
KTLX,s3://unidata-nexrad-level2/2023/04/27/KTLX/KTLX20230427_142318_V06,2023-04-27 14:23:18,2023-04-27 14:26:46
KTLX,s3://unidata-nexrad-level2/2023/04/27/KTLX/KTLX20230427_142646_V06,2023-04-27 14:26:46,2023-04-27 14:30:16
KTLX,s3://unidata-nexrad-level2/2023/04/27/KTLX/KTLX20230427_143016_V06,2023-04-27 14:30:16,2023-04-27 14:33:44
KTLX,s3://unidata-nexrad-level2/2023/04/27/KTLX/KTLX20230427_143344_V06,2023-04-27 14:33:44,2023-04-27 14:37:12
KTLX,s3://unidata-nexrad-level2/2023/04/27/KTLX/KTLX20230427_143712_V06,2023-04-27 14:37:12,2023-04-27 14:40:41
KTLX,s3://unidata-nexrad-level2/2023/04/27/KTLX/KTLX20230427_144041_V06,2023-04-27 14:40:41,2023-04-27 14:44:10
KTLX,s3://unidata-nexrad-level2/2023/04/27/KTLX/KTLX20230427_144410_V06,2023-04-27 14:44:10,2023-04-27 14:47:38
KTLX,s3://unidata-nexrad-level2/2023/04/27/KTLX/KTLX20230427_144738_V06,2023-04-27 14:47:38,2023-04-27 14:51:07
KTLX,s3://unidata-nexrad-level2/2023/04/27/KTLX/KTLX20230427_145107_V06,2023-04-27 14:51:07,2023-04-27 14:54:36
KTLX,s3://unidata-nexrad-level2/2023/04/27/KTLX/KTLX20230427_145436_V06,2023-04-27 14:54:36,2023-04-27 14:58:06
KTLX,s3://unidata-nexrad-level2/2023/04/27/KTLX/KTLX20230427_145806_V06,2023-04-27 14:58:06,2023-04-27 15:01:35
KTLX,s3://unidata-nexrad-level2/2023/04/27/KTLX/KTLX20230427_150135_V06,2023-04-27 15:01:35,2023-04-27 15:05:04
KTLX,s3://unidata-nexrad-level2/2023/04/27/KTLX/KTLX20230427_150504_V06,2023-04-27 15:05:04,2023-04-27 15:08:32
KTLX,s3://unidata-nexrad-level2/2023/04/27/KTLX/KTLX20230427_150832_V06,2023-04-27 15:08:32,2023-04-27 15:12:01
KTLX,s3://unidata-nexrad-level2/2023/04/27/KTLX/KTLX20230427_151201_V06,2023-04-27 15:12:01,2023-04-27 15:15:29
KTLX,s3://unidata-nexrad-level2/2023/04/27/KTLX/KTLX20230427_151529_V06,2023-04-27 15:15:29,2023-04-27 15:18:57
KTLX,s3://unidata-nexrad-level2/2023/04/27/KTLX/KTLX20230427_151857_V06,2023-04-27 15:18:57,2023-04-27 15:22:26
KTLX,s3://unidata-nexrad-level2/2023/04/27/KTLX/KTLX20230427_152226_V06,2023-04-27 15:22:26,2023-04-27 15:25:54
KTLX,s3://unidata-nexrad-level2/2023/04/27/KTLX/KTLX20230427_152554_V06,2023-04-27 15:25:54,2023-04-27 15:29:24
KTLX,s3://unidata-nexrad-level2/2023/04/27/KTLX/KTLX20230427_152924_V06,2023-04-27 15:29:24,2023-04-27 15:32:52
KTLX,s3://unidata-nexrad-level2/2023/04/27/KTLX/KTLX20230427_153252_V06,2023-04-27 15:32:52,2023-04-27 15:36:21
KTLX,s3://unidata-nexrad-level2/2023/04/27/KTLX/KTLX20230427_153621_V06,2023-04-27 15:36:21,2023-04-27 15:39:50
KTLX,s3://unidata-nexrad-level2/2023/04/27/KTLX/KTLX20230427_153950_V06,2023-04-27 15:39:50,2023-04-27 15:43:19
KTLX,s3://unidata-nexrad-level2/2023/04/27/KTLX/KTLX20230427_154319_V06,2023-04-27 15:43:19,2023-04-27 15:46:37
KTLX,s3://unidata-nexrad-level2/2023/04/27/KTLX/KTLX20230427_154637_V06,2023-04-27 15:46:37,2023-04-27 15:49:56
KTLX,s3://unidata-nexrad-level2/2023/04/27/KTLX/KTLX20230427_154956_V06,2023-04-27 15:49:56,2023-04-27 15:53:15
KTLX,s3://unidata-nexrad-level2/2023/04/27/KTLX/KTLX20230427_155315_V06,2023-04-27 15:53:15,2023-04-27 15:56:34
KTLX,s3://unidata-nexrad-level2/2023/04/27/KTLX/KTLX20230427_155634_V06,2023-04-27 15:56:34,2023-04-27 15:59:52
KTLX,s3://unidata-nexrad-level2/2023/04/27/KTLX/KTLX20230427_155952_V06,2023-04-27 15:59:52,2023-04-27 16:03:11
KTLX,s3://unidata-nexrad-level2/2023/04/27/KTLX/KTLX20230427_160311_V06,2023-04-27 16:03:11,2023-04-27 16:06:29
KTLX,s3://unidata-nexrad-level2/2023/04/27/KTLX/KTLX20230427_160629_V06,2023-04-27 16:06:29,2023-04-27 16:09:47
KTLX,s3://unidata-nexrad-level2/2023/04/27/KTLX/KTLX20230427_160947_V06,2023-04-27 16:09:47,2023-04-27 16:13:05
KTLX,s3://unidata-nexrad-level2/2023/04/27/KTLX/KTLX20230427_161305_V06,2023-04-27 16:13:05,2023-04-27 16:16:23
KTLX,s3://unidata-nexrad-level2/2023/04/27/KTLX/KTLX20230427_161623_V06,2023-04-27 16:16:23,2023-04-27 16:19:47
KTLX,s3://unidata-nexrad-level2/2023/04/27/KTLX/KTLX20230427_161947_V06,2023-04-27 16:19:47,2023-04-27 16:23:11
KTLX,s3://unidata-nexrad-level2/2023/04/27/KTLX/KTLX20230427_162311_V06,2023-04-27 16:23:11,2023-04-27 16:26:34
KTLX,s3://unidata-nexrad-level2/2023/04/27/KTLX/KTLX20230427_162634_V06,2023-04-27 16:26:34,2023-04-27 16:29:57
KTLX,s3://unidata-nexrad-level2/2023/04/27/KTLX/KTLX20230427_162957_V06,2023-04-27 16:29:57,2023-04-27 16:33:21
KTLX,s3://unidata-nexrad-level2/2023/04/27/KTLX/KTLX20230427_163321_V06,2023-04-27 16:33:21,2023-04-27 16:36:44
KTLX,s3://unidata-nexrad-level2/2023/04/27/KTLX/KTLX20230427_163644_V06,2023-04-27 16:36:44,2023-04-27 16:40:08
KTLX,s3://unidata-nexrad-level2/2023/04/27/KTLX/KTLX20230427_164008_V06,2023-04-27 16:40:08,2023-04-27 16:43:32
KTLX,s3://unidata-nexrad-level2/2023/04/27/KTLX/KTLX20230427_164332_V06,2023-04-27 16:43:32,2023-04-27 16:46:56
KTLX,s3://unidata-nexrad-level2/2023/04/27/KTLX/KTLX20230427_164656_V06,2023-04-27 16:46:56,2023-04-27 16:50:20
KTLX,s3://unidata-nexrad-level2/2023/04/27/KTLX/KTLX20230427_165020_V06,2023-04-27 16:50:20,2023-04-27 16:53:44
KTLX,s3://unidata-nexrad-level2/2023/04/27/KTLX/KTLX20230427_165344_V06,2023-04-27 16:53:44,2023-04-27 16:57:11
KTLX,s3://unidata-nexrad-level2/2023/04/27/KTLX/KTLX20230427_165711_V06,2023-04-27 16:57:11,2023-04-27 17:00:39
KTLX,s3://unidata-nexrad-level2/2023/04/27/KTLX/KTLX20230427_170039_V06,2023-04-27 17:00:39,2023-04-27 17:04:07
KTLX,s3://unidata-nexrad-level2/2023/04/27/KTLX/KTLX20230427_170407_V06,2023-04-27 17:04:07,2023-04-27 17:07:38
KTLX,s3://unidata-nexrad-level2/2023/04/27/KTLX/KTLX20230427_170738_V06,2023-04-27 17:07:38,2023-04-27 17:12:38
KTLX,s3://unidata-nexrad-level2/2023/04/27/KTLX/KTLX20230427_171431_V06,2023-04-27 17:14:31,2023-04-27 17:19:31
KTLX,s3://unidata-nexrad-level2/2023/04/27/KTLX/KTLX20230427_172113_V06,2023-04-27 17:21:13,2023-04-27 17:26:13
KTLX,s3://unidata-nexrad-level2/2023/04/27/KTLX/KTLX20230427_172755_V06,2023-04-27 17:27:55,2023-04-27 17:32:55
KTLX,s3://unidata-nexrad-level2/2023/04/27/KTLX/KTLX20230427_173438_V06,2023-04-27 17:34:38,2023-04-27 17:39:38
KTLX,s3://unidata-nexrad-level2/2023/04/27/KTLX/KTLX20230427_174119_V06,2023-04-27 17:41:19,2023-04-27 17:46:19
KTLX,s3://unidata-nexrad-level2/2023/04/27/KTLX/KTLX20230427_174801_V06,2023-04-27 17:48:01,2023-04-27 17:53:01
KTLX,s3://unidata-nexrad-level2/2023/04/27/KTLX/KTLX20230427_175444_V06,2023-04-27 17:54:44,2023-04-27 17:59:44
KTLX,s3://unidata-nexrad-level2/2023/04/27/KTLX/KTLX20230427_180132_V06,2023-04-27 18:01:32,2023-04-27 18:06:32
KTLX,s3://unidata-nexrad-level2/2023/04/27/KTLX/KTLX20230427_180818_V06,2023-04-27 18:08:18,2023-04-27 18:13:18
KTLX,s3://unidata-nexrad-level2/2023/04/27/KTLX/KTLX20230427_181508_V06,2023-04-27 18:15:08,2023-04-27 18:20:08
KTLX,s3://unidata-nexrad-level2/2023/04/27/KTLX/KTLX20230427_182154_V06,2023-04-27 18:21:54,2023-04-27 18:26:54
KTLX,s3://unidata-nexrad-level2/2023/04/27/KTLX/KTLX20230427_182840_V06,2023-04-27 18:28:40,2023-04-27 18:33:40
KTLX,s3://unidata-nexrad-level2/2023/04/27/KTLX/KTLX20230427_183526_V06,2023-04-27 18:35:26,2023-04-27 18:40:26
KTLX,s3://unidata-nexrad-level2/2023/04/27/KTLX/KTLX20230427_184218_V06,2023-04-27 18:42:18,2023-04-27 18:47:18
KTLX,s3://unidata-nexrad-level2/2023/04/27/KTLX/KTLX20230427_184909_V06,2023-04-27 18:49:09,2023-04-27 18:54:09
KTLX,s3://unidata-nexrad-level2/2023/04/27/KTLX/KTLX20230427_185556_V06,2023-04-27 18:55:56,2023-04-27 19:00:56
KTLX,s3://unidata-nexrad-level2/2023/04/27/KTLX/KTLX20230427_190242_V06,2023-04-27 19:02:42,2023-04-27 19:07:42
KTLX,s3://unidata-nexrad-level2/2023/04/27/KTLX/KTLX20230427_190925_V06,2023-04-27 19:09:25,2023-04-27 19:14:25
KTLX,s3://unidata-nexrad-level2/2023/04/27/KTLX/KTLX20230427_191606_V06,2023-04-27 19:16:06,2023-04-27 19:21:06
KTLX,s3://unidata-nexrad-level2/2023/04/27/KTLX/KTLX20230427_192248_V06,2023-04-27 19:22:48,2023-04-27 19:27:48
KTLX,s3://unidata-nexrad-level2/2023/04/27/KTLX/KTLX20230427_192930_V06,2023-04-27 19:29:30,2023-04-27 19:34:30
KTLX,s3://unidata-nexrad-level2/2023/04/27/KTLX/KTLX20230427_193612_V06,2023-04-27 19:36:12,2023-04-27 19:41:12
KTLX,s3://unidata-nexrad-level2/2023/04/27/KTLX/KTLX20230427_194254_V06,2023-04-27 19:42:54,2023-04-27 19:47:54
KTLX,s3://unidata-nexrad-level2/2023/04/27/KTLX/KTLX20230427_194935_V06,2023-04-27 19:49:35,2023-04-27 19:54:35
KTLX,s3://unidata-nexrad-level2/2023/04/27/KTLX/KTLX20230427_195728_V06,2023-04-27 19:57:28,2023-04-27 20:02:28
KTLX,s3://unidata-nexrad-level2/2023/04/27/KTLX/KTLX20230427_200411_V06,2023-04-27 20:04:11,2023-04-27 20:09:11
KTLX,s3://unidata-nexrad-level2/2023/04/27/KTLX/KTLX20230427_201054_V06,2023-04-27 20:10:54,2023-04-27 20:15:54
KTLX,s3://unidata-nexrad-level2/2023/04/27/KTLX/KTLX20230427_201735_V06,2023-04-27 20:17:35,2023-04-27 20:22:35
KTLX,s3://unidata-nexrad-level2/2023/04/27/KTLX/KTLX20230427_202418_V06,2023-04-27 20:24:18,2023-04-27 20:29:18
KTLX,s3://unidata-nexrad-level2/2023/04/27/KTLX/KTLX20230427_203110_V06,2023-04-27 20:31:10,2023-04-27 20:36:10
KTLX,s3://unidata-nexrad-level2/2023/04/27/KTLX/KTLX20230427_203756_V06,2023-04-27 20:37:56,2023-04-27 20:42:56
KTLX,s3://unidata-nexrad-level2/2023/04/27/KTLX/KTLX20230427_204437_V06,2023-04-27 20:44:37,2023-04-27 20:49:37
KTLX,s3://unidata-nexrad-level2/2023/04/27/KTLX/KTLX20230427_205120_V06,2023-04-27 20:51:20,2023-04-27 20:56:20
KTLX,s3://unidata-nexrad-level2/2023/04/27/KTLX/KTLX20230427_205806_V06,2023-04-27 20:58:06,2023-04-27 21:03:06
KTLX,s3://unidata-nexrad-level2/2023/04/27/KTLX/KTLX20230427_210452_V06,2023-04-27 21:04:52,2023-04-27 21:09:52
KTLX,s3://unidata-nexrad-level2/2023/04/27/KTLX/KTLX20230427_211146_V06,2023-04-27 21:11:46,2023-04-27 21:16:46
KTLX,s3://unidata-nexrad-level2/2023/04/27/KTLX/KTLX20230427_211848_V06,2023-04-27 21:18:48,2023-04-27 21:23:48
KTLX,s3://unidata-nexrad-level2/2023/04/27/KTLX/KTLX20230427_212550_V06,2023-04-27 21:25:50,2023-04-27 21:30:50
KTLX,s3://unidata-nexrad-level2/2023/04/27/KTLX/KTLX20230427_213241_V06,2023-04-27 21:32:41,2023-04-27 21:37:41
KTLX,s3://unidata-nexrad-level2/2023/04/27/KTLX/KTLX20230427_213929_V06,2023-04-27 21:39:29,2023-04-27 21:44:29
KTLX,s3://unidata-nexrad-level2/2023/04/27/KTLX/KTLX20230427_214619_V06,2023-04-27 21:46:19,2023-04-27 21:51:19
KTLX,s3://unidata-nexrad-level2/2023/04/27/KTLX/KTLX20230427_215311_V06,2023-04-27 21:53:11,2023-04-27 21:58:11
KTLX,s3://unidata-nexrad-level2/2023/04/27/KTLX/KTLX20230427_215955_V06,2023-04-27 21:59:55,2023-04-27 22:04:55
KTLX,s3://unidata-nexrad-level2/2023/04/27/KTLX/KTLX20230427_220656_V06,2023-04-27 22:06:56,2023-04-27 22:11:56
KTLX,s3://unidata-nexrad-level2/2023/04/27/KTLX/KTLX20230427_221352_V06,2023-04-27 22:13:52,2023-04-27 22:18:52
KTLX,s3://unidata-nexrad-level2/2023/04/27/KTLX/KTLX20230427_222042_V06,2023-04-27 22:20:42,2023-04-27 22:25:42
KTLX,s3://unidata-nexrad-level2/2023/04/27/KTLX/KTLX20230427_222737_V06,2023-04-27 22:27:37,2023-04-27 22:32:37
KTLX,s3://unidata-nexrad-level2/2023/04/27/KTLX/KTLX20230427_223428_V06,2023-04-27 22:34:28,2023-04-27 22:39:28
KTLX,s3://unidata-nexrad-level2/2023/04/27/KTLX/KTLX20230427_224123_V06,2023-04-27 22:41:23,2023-04-27 22:46:23
KTLX,s3://unidata-nexrad-level2/2023/04/27/KTLX/KTLX20230427_224805_V06,2023-04-27 22:48:05,2023-04-27 22:53:05
KTLX,s3://unidata-nexrad-level2/2023/04/27/KTLX/KTLX20230427_225452_V06,2023-04-27 22:54:52,2023-04-27 22:59:52
KTLX,s3://unidata-nexrad-level2/2023/04/27/KTLX/KTLX20230427_230135_V06,2023-04-27 23:01:35,2023-04-27 23:06:35
KTLX,s3://unidata-nexrad-level2/2023/04/27/KTLX/KTLX20230427_230825_V06,2023-04-27 23:08:25,2023-04-27 23:13:25
KTLX,s3://unidata-nexrad-level2/2023/04/27/KTLX/KTLX20230427_231512_V06,2023-04-27 23:15:12,2023-04-27 23:20:12
KTLX,s3://unidata-nexrad-level2/2023/04/27/KTLX/KTLX20230427_232204_V06,2023-04-27 23:22:04,2023-04-27 23:27:04
KTLX,s3://unidata-nexrad-level2/2023/04/27/KTLX/KTLX20230427_232906_V06,2023-04-27 23:29:06,2023-04-27 23:34:06
KTLX,s3://unidata-nexrad-level2/2023/04/27/KTLX/KTLX20230427_233557_V06,2023-04-27 23:35:57,2023-04-27 23:40:57
KTLX,s3://unidata-nexrad-level2/2023/04/27/KTLX/KTLX20230427_234243_V06,2023-04-27 23:42:43,2023-04-27 23:47:43
KTLX,s3://unidata-nexrad-level2/2023/04/27/KTLX/KTLX20230427_234926_V06,2023-04-27 23:49:26,2023-04-27 23:54:26
KTLX,s3://unidata-nexrad-level2/2023/04/27/KTLX/KTLX20230427_235608_V06,2023-04-27 23:56:08,2023-04-28 00:01:08
KTLX,s3://unidata-nexrad-level2/2023/04/28/KTLX/KTLX20230428_000310_V06,2023-04-28 00:03:10,2023-04-28 00:08:10
KTLX,s3://unidata-nexrad-level2/2023/04/28/KTLX/KTLX20230428_000955_V06,2023-04-28 00:09:55,2023-04-28 00:14:55
KTLX,s3://unidata-nexrad-level2/2023/04/28/KTLX/KTLX20230428_001637_V06,2023-04-28 00:16:37,2023-04-28 00:21:37
KTLX,s3://unidata-nexrad-level2/2023/04/28/KTLX/KTLX20230428_002320_V06,2023-04-28 00:23:20,2023-04-28 00:28:20
KTLX,s3://unidata-nexrad-level2/2023/04/28/KTLX/KTLX20230428_003011_V06,2023-04-28 00:30:11,2023-04-28 00:35:11
KTLX,s3://unidata-nexrad-level2/2023/04/28/KTLX/KTLX20230428_003652_V06,2023-04-28 00:36:52,2023-04-28 00:41:52
KTLX,s3://unidata-nexrad-level2/2023/04/28/KTLX/KTLX20230428_004338_V06,2023-04-28 00:43:38,2023-04-28 00:48:38
KTLX,s3://unidata-nexrad-level2/2023/04/28/KTLX/KTLX20230428_005033_V06,2023-04-28 00:50:33,2023-04-28 00:55:33
KTLX,s3://unidata-nexrad-level2/2023/04/28/KTLX/KTLX20230428_005719_V06,2023-04-28 00:57:19,2023-04-28 01:02:19
KTLX,s3://unidata-nexrad-level2/2023/04/28/KTLX/KTLX20230428_010415_V06,2023-04-28 01:04:15,2023-04-28 01:09:15
KTLX,s3://unidata-nexrad-level2/2023/04/28/KTLX/KTLX20230428_011105_V06,2023-04-28 01:11:05,2023-04-28 01:16:05
KTLX,s3://unidata-nexrad-level2/2023/04/28/KTLX/KTLX20230428_011756_V06,2023-04-28 01:17:56,2023-04-28 01:22:56
KTLX,s3://unidata-nexrad-level2/2023/04/28/KTLX/KTLX20230428_012438_V06,2023-04-28 01:24:38,2023-04-28 01:29:38
KTLX,s3://unidata-nexrad-level2/2023/04/28/KTLX/KTLX20230428_013139_V06,2023-04-28 01:31:39,2023-04-28 01:36:39
KTLX,s3://unidata-nexrad-level2/2023/04/28/KTLX/KTLX20230428_013840_V06,2023-04-28 01:38:40,2023-04-28 01:43:40
KTLX,s3://unidata-nexrad-level2/2023/04/28/KTLX/KTLX20230428_014542_V06,2023-04-28 01:45:42,2023-04-28 01:50:42
KTLX,s3://unidata-nexrad-level2/2023/04/28/KTLX/KTLX20230428_015245_V06,2023-04-28 01:52:45,2023-04-28 01:57:45
KTLX,s3://unidata-nexrad-level2/2023/04/28/KTLX/KTLX20230428_015948_V06,2023-04-28 01:59:48,2023-04-28 02:04:48
KTLX,s3://unidata-nexrad-level2/2023/04/28/KTLX/KTLX20230428_020649_V06,2023-04-28 02:06:49,2023-04-28 02:11:49
KTLX,s3://unidata-nexrad-level2/2023/04/28/KTLX/KTLX20230428_021351_V06,2023-04-28 02:13:51,2023-04-28 02:18:51
KTLX,s3://unidata-nexrad-level2/2023/04/28/KTLX/KTLX20230428_022053_V06,2023-04-28 02:20:53,2023-04-28 02:25:53
KTLX,s3://unidata-nexrad-level2/2023/04/28/KTLX/KTLX20230428_022754_V06,2023-04-28 02:27:54,2023-04-28 02:32:54
KTLX,s3://unidata-nexrad-level2/2023/04/28/KTLX/KTLX20230428_023456_V06,2023-04-28 02:34:56,2023-04-28 02:39:56
KTLX,s3://unidata-nexrad-level2/2023/04/28/KTLX/KTLX20230428_024156_V06,2023-04-28 02:41:56,2023-04-28 02:46:56
KTLX,s3://unidata-nexrad-level2/2023/04/28/KTLX/KTLX20230428_024859_V06,2023-04-28 02:48:59,2023-04-28 02:53:59
KTLX,s3://unidata-nexrad-level2/2023/04/28/KTLX/KTLX20230428_025601_V06,2023-04-28 02:56:01,2023-04-28 03:01:01
KTLX,s3://unidata-nexrad-level2/2023/04/28/KTLX/KTLX20230428_030302_V06,2023-04-28 03:03:02,2023-04-28 03:08:02
KTLX,s3://unidata-nexrad-level2/2023/04/28/KTLX/KTLX20230428_031003_V06,2023-04-28 03:10:03,2023-04-28 03:15:03
KTLX,s3://unidata-nexrad-level2/2023/04/28/KTLX/KTLX20230428_031705_V06,2023-04-28 03:17:05,2023-04-28 03:22:05
KTLX,s3://unidata-nexrad-level2/2023/04/28/KTLX/KTLX20230428_032407_V06,2023-04-28 03:24:07,2023-04-28 03:29:07
KTLX,s3://unidata-nexrad-level2/2023/04/28/KTLX/KTLX20230428_033110_V06,2023-04-28 03:31:10,2023-04-28 03:36:10
KTLX,s3://unidata-nexrad-level2/2023/04/28/KTLX/KTLX20230428_033812_V06,2023-04-28 03:38:12,2023-04-28 03:43:12
KTLX,s3://unidata-nexrad-level2/2023/04/28/KTLX/KTLX20230428_034514_V06,2023-04-28 03:45:14,2023-04-28 03:50:14
KTLX,s3://unidata-nexrad-level2/2023/04/28/KTLX/KTLX20230428_035215_V06,2023-04-28 03:52:15,2023-04-28 03:57:15
KTLX,s3://unidata-nexrad-level2/2023/04/28/KTLX/KTLX20230428_040025_V06,2023-04-28 04:00:25,2023-04-28 04:05:25
KTLX,s3://unidata-nexrad-level2/2023/04/28/KTLX/KTLX20230428_040727_V06,2023-04-28 04:07:27,2023-04-28 04:12:27
KTLX,s3://unidata-nexrad-level2/2023/04/28/KTLX/KTLX20230428_041428_V06,2023-04-28 04:14:28,2023-04-28 04:19:28
KTLX,s3://unidata-nexrad-level2/2023/04/28/KTLX/KTLX20230428_042130_V06,2023-04-28 04:21:30,2023-04-28 04:26:30
KTLX,s3://unidata-nexrad-level2/2023/04/28/KTLX/KTLX20230428_042831_V06,2023-04-28 04:28:31,2023-04-28 04:33:31
KTLX,s3://unidata-nexrad-level2/2023/04/28/KTLX/KTLX20230428_043531_V06,2023-04-28 04:35:31,2023-04-28 04:40:31
KTLX,s3://unidata-nexrad-level2/2023/04/28/KTLX/KTLX20230428_044232_V06,2023-04-28 04:42:32,2023-04-28 04:47:32
KTLX,s3://unidata-nexrad-level2/2023/04/28/KTLX/KTLX20230428_044934_V06,2023-04-28 04:49:34,2023-04-28 04:54:34
KTLX,s3://unidata-nexrad-level2/2023/04/28/KTLX/KTLX20230428_045635_V06,2023-04-28 04:56:35,2023-04-28 05:01:35
KTLX,s3://unidata-nexrad-level2/2023/04/28/KTLX/KTLX20230428_050335_V06,2023-04-28 05:03:35,2023-04-28 05:08:35
KTLX,s3://unidata-nexrad-level2/2023/04/28/KTLX/KTLX20230428_051037_V06,2023-04-28 05:10:37,2023-04-28 05:15:37
KTLX,s3://unidata-nexrad-level2/2023/04/28/KTLX/KTLX20230428_051739_V06,2023-04-28 05:17:39,2023-04-28 05:22:39
KTLX,s3://unidata-nexrad-level2/2023/04/28/KTLX/KTLX20230428_052441_V06,2023-04-28 05:24:41,2023-04-28 05:29:41
KTLX,s3://unidata-nexrad-level2/2023/04/28/KTLX/KTLX20230428_053144_V06,2023-04-28 05:31:44,2023-04-28 05:36:44
KTLX,s3://unidata-nexrad-level2/2023/04/28/KTLX/KTLX20230428_053845_V06,2023-04-28 05:38:45,2023-04-28 05:43:45
KTLX,s3://unidata-nexrad-level2/2023/04/28/KTLX/KTLX20230428_054547_V06,2023-04-28 05:45:47,2023-04-28 05:50:47
KTLX,s3://unidata-nexrad-level2/2023/04/28/KTLX/KTLX20230428_055249_V06,2023-04-28 05:52:49,2023-04-28 05:57:49
KTLX,s3://unidata-nexrad-level2/2023/04/28/KTLX/KTLX20230428_055950_V06,2023-04-28 05:59:50,2023-04-28 06:04:50
KTLX,s3://unidata-nexrad-level2/2023/04/28/KTLX/KTLX20230428_060652_V06,2023-04-28 06:06:52,2023-04-28 06:11:52
KTLX,s3://unidata-nexrad-level2/2023/04/28/KTLX/KTLX20230428_061354_V06,2023-04-28 06:13:54,2023-04-28 06:18:54
KTLX,s3://unidata-nexrad-level2/2023/04/28/KTLX/KTLX20230428_062056_V06,2023-04-28 06:20:56,2023-04-28 06:25:56
KTLX,s3://unidata-nexrad-level2/2023/04/28/KTLX/KTLX20230428_062756_V06,2023-04-28 06:27:56,2023-04-28 06:32:56
KTLX,s3://unidata-nexrad-level2/2023/04/28/KTLX/KTLX20230428_063459_V06,2023-04-28 06:34:59,2023-04-28 06:39:59
KTLX,s3://unidata-nexrad-level2/2023/04/28/KTLX/KTLX20230428_064201_V06,2023-04-28 06:42:01,2023-04-28 06:47:01
KTLX,s3://unidata-nexrad-level2/2023/04/28/KTLX/KTLX20230428_064903_V06,2023-04-28 06:49:03,2023-04-28 06:54:03
KTLX,s3://unidata-nexrad-level2/2023/04/28/KTLX/KTLX20230428_065606_V06,2023-04-28 06:56:06,2023-04-28 07:01:06
KTLX,s3://unidata-nexrad-level2/2023/04/28/KTLX/KTLX20230428_070307_V06,2023-04-28 07:03:07,2023-04-28 07:08:07
KTLX,s3://unidata-nexrad-level2/2023/04/28/KTLX/KTLX20230428_071008_V06,2023-04-28 07:10:08,2023-04-28 07:15:08
KTLX,s3://unidata-nexrad-level2/2023/04/28/KTLX/KTLX20230428_071710_V06,2023-04-28 07:17:10,2023-04-28 07:22:10
KTLX,s3://unidata-nexrad-level2/2023/04/28/KTLX/KTLX20230428_072411_V06,2023-04-28 07:24:11,2023-04-28 07:29:11
KTLX,s3://unidata-nexrad-level2/2023/04/28/KTLX/KTLX20230428_073113_V06,2023-04-28 07:31:13,2023-04-28 07:36:13
KTLX,s3://unidata-nexrad-level2/2023/04/28/KTLX/KTLX20230428_073814_V06,2023-04-28 07:38:14,2023-04-28 07:43:14
KTLX,s3://unidata-nexrad-level2/2023/04/28/KTLX/KTLX20230428_074515_V06,2023-04-28 07:45:15,2023-04-28 07:50:15
KTLX,s3://unidata-nexrad-level2/2023/04/28/KTLX/KTLX20230428_075217_V06,2023-04-28 07:52:17,2023-04-28 07:57:17
KTLX,s3://unidata-nexrad-level2/2023/04/28/KTLX/KTLX20230428_075919_V06,2023-04-28 07:59:19,2023-04-28 08:04:19
KTLX,s3://unidata-nexrad-level2/2023/04/28/KTLX/KTLX20230428_080620_V06,2023-04-28 08:06:20,2023-04-28 08:11:20
KTLX,s3://unidata-nexrad-level2/2023/04/28/KTLX/KTLX20230428_081323_V06,2023-04-28 08:13:23,2023-04-28 08:18:23
KTLX,s3://unidata-nexrad-level2/2023/04/28/KTLX/KTLX20230428_082025_V06,2023-04-28 08:20:25,2023-04-28 08:25:25
KTLX,s3://unidata-nexrad-level2/2023/04/28/KTLX/KTLX20230428_082727_V06,2023-04-28 08:27:27,2023-04-28 08:32:27
KTLX,s3://unidata-nexrad-level2/2023/04/28/KTLX/KTLX20230428_083429_V06,2023-04-28 08:34:29,2023-04-28 08:39:29
KTLX,s3://unidata-nexrad-level2/2023/04/28/KTLX/KTLX20230428_084130_V06,2023-04-28 08:41:30,2023-04-28 08:46:30
KTLX,s3://unidata-nexrad-level2/2023/04/28/KTLX/KTLX20230428_084831_V06,2023-04-28 08:48:31,2023-04-28 08:53:31
KTLX,s3://unidata-nexrad-level2/2023/04/28/KTLX/KTLX20230428_085533_V06,2023-04-28 08:55:33,2023-04-28 09:00:33
KTLX,s3://unidata-nexrad-level2/2023/04/28/KTLX/KTLX20230428_090234_V06,2023-04-28 09:02:34,2023-04-28 09:07:34
KTLX,s3://unidata-nexrad-level2/2023/04/28/KTLX/KTLX20230428_090936_V06,2023-04-28 09:09:36,2023-04-28 09:14:36
KTLX,s3://unidata-nexrad-level2/2023/04/28/KTLX/KTLX20230428_091637_V06,2023-04-28 09:16:37,2023-04-28 09:21:37
KTLX,s3://unidata-nexrad-level2/2023/04/28/KTLX/KTLX20230428_092339_V06,2023-04-28 09:23:39,2023-04-28 09:28:39
KTLX,s3://unidata-nexrad-level2/2023/04/28/KTLX/KTLX20230428_093040_V06,2023-04-28 09:30:40,2023-04-28 09:35:40
KTLX,s3://unidata-nexrad-level2/2023/04/28/KTLX/KTLX20230428_093741_V06,2023-04-28 09:37:41,2023-04-28 09:42:41
KTLX,s3://unidata-nexrad-level2/2023/04/28/KTLX/KTLX20230428_094442_V06,2023-04-28 09:44:42,2023-04-28 09:48:08
KTLX,s3://unidata-nexrad-level2/2023/04/28/KTLX/KTLX20230428_094808_V06,2023-04-28 09:48:08,2023-04-28 09:52:32
KTLX,s3://unidata-nexrad-level2/2023/04/28/KTLX/KTLX20230428_095232_V06,2023-04-28 09:52:32,2023-04-28 09:57:08
KTLX,s3://unidata-nexrad-level2/2023/04/28/KTLX/KTLX20230428_095708_V06,2023-04-28 09:57:08,2023-04-28 10:01:44
KTLX,s3://unidata-nexrad-level2/2023/04/28/KTLX/KTLX20230428_100144_V06,2023-04-28 10:01:44,2023-04-28 10:06:20
KTLX,s3://unidata-nexrad-level2/2023/04/28/KTLX/KTLX20230428_100620_V06,2023-04-28 10:06:20,2023-04-28 10:10:56
KTLX,s3://unidata-nexrad-level2/2023/04/28/KTLX/KTLX20230428_101056_V06,2023-04-28 10:10:56,2023-04-28 10:15:32
KTLX,s3://unidata-nexrad-level2/2023/04/28/KTLX/KTLX20230428_101532_V06,2023-04-28 10:15:32,2023-04-28 10:20:07
KTLX,s3://unidata-nexrad-level2/2023/04/28/KTLX/KTLX20230428_102007_V06,2023-04-28 10:20:07,2023-04-28 10:24:43
KTLX,s3://unidata-nexrad-level2/2023/04/28/KTLX/KTLX20230428_102443_V06,2023-04-28 10:24:43,2023-04-28 10:29:19
KTLX,s3://unidata-nexrad-level2/2023/04/28/KTLX/KTLX20230428_102919_V06,2023-04-28 10:29:19,2023-04-28 10:33:55
KTLX,s3://unidata-nexrad-level2/2023/04/28/KTLX/KTLX20230428_103355_V06,2023-04-28 10:33:55,2023-04-28 10:38:31
KTLX,s3://unidata-nexrad-level2/2023/04/28/KTLX/KTLX20230428_103831_V06,2023-04-28 10:38:31,2023-04-28 10:43:08
KTLX,s3://unidata-nexrad-level2/2023/04/28/KTLX/KTLX20230428_104308_V06,2023-04-28 10:43:08,2023-04-28 10:47:43
KTLX,s3://unidata-nexrad-level2/2023/04/28/KTLX/KTLX20230428_104743_V06,2023-04-28 10:47:43,2023-04-28 10:52:20
KTLX,s3://unidata-nexrad-level2/2023/04/28/KTLX/KTLX20230428_105220_V06,2023-04-28 10:52:20,2023-04-28 10:56:56
KTLX,s3://unidata-nexrad-level2/2023/04/28/KTLX/KTLX20230428_105656_V06,2023-04-28 10:56:56,2023-04-28 11:01:32
KTLX,s3://unidata-nexrad-level2/2023/04/28/KTLX/KTLX20230428_110132_V06,2023-04-28 11:01:32,2023-04-28 11:06:08
KTLX,s3://unidata-nexrad-level2/2023/04/28/KTLX/KTLX20230428_110608_V06,2023-04-28 11:06:08,2023-04-28 11:10:44
KTLX,s3://unidata-nexrad-level2/2023/04/28/KTLX/KTLX20230428_111044_V06,2023-04-28 11:10:44,2023-04-28 11:15:20
KTLX,s3://unidata-nexrad-level2/2023/04/28/KTLX/KTLX20230428_111520_V06,2023-04-28 11:15:20,2023-04-28 11:19:55
KTLX,s3://unidata-nexrad-level2/2023/04/28/KTLX/KTLX20230428_111955_V06,2023-04-28 11:19:55,2023-04-28 11:24:31
KTLX,s3://unidata-nexrad-level2/2023/04/28/KTLX/KTLX20230428_112431_V06,2023-04-28 11:24:31,2023-04-28 11:29:08
KTLX,s3://unidata-nexrad-level2/2023/04/28/KTLX/KTLX20230428_112908_V06,2023-04-28 11:29:08,2023-04-28 11:33:45
KTLX,s3://unidata-nexrad-level2/2023/04/28/KTLX/KTLX20230428_113345_V06,2023-04-28 11:33:45,2023-04-28 11:38:22
KTLX,s3://unidata-nexrad-level2/2023/04/28/KTLX/KTLX20230428_113822_V06,2023-04-28 11:38:22,2023-04-28 11:42:46
KTLX,s3://unidata-nexrad-level2/2023/04/28/KTLX/KTLX20230428_114246_V06,2023-04-28 11:42:46,2023-04-28 11:47:09
KTLX,s3://unidata-nexrad-level2/2023/04/28/KTLX/KTLX20230428_114709_V06,2023-04-28 11:47:09,2023-04-28 11:51:29
KTLX,s3://unidata-nexrad-level2/2023/04/28/KTLX/KTLX20230428_115129_V06,2023-04-28 11:51:29,2023-04-28 11:55:54
KTLX,s3://unidata-nexrad-level2/2023/04/28/KTLX/KTLX20230428_115554_V06,2023-04-28 11:55:54,2023-04-28 12:00:54
KTLX,s3://unidata-nexrad-level2/2023/04/28/KTLX/KTLX20230428_120124_V06,2023-04-28 12:01:24,2023-04-28 12:05:51
KTLX,s3://unidata-nexrad-level2/2023/04/28/KTLX/KTLX20230428_120551_V06,2023-04-28 12:05:51,2023-04-28 12:10:20
KTLX,s3://unidata-nexrad-level2/2023/04/28/KTLX/KTLX20230428_121020_V06,2023-04-28 12:10:20,2023-04-28 12:14:44
KTLX,s3://unidata-nexrad-level2/2023/04/28/KTLX/KTLX20230428_121444_V06,2023-04-28 12:14:44,2023-04-28 12:19:08
KTLX,s3://unidata-nexrad-level2/2023/04/28/KTLX/KTLX20230428_121908_V06,2023-04-28 12:19:08,2023-04-28 12:23:33
KTLX,s3://unidata-nexrad-level2/2023/04/28/KTLX/KTLX20230428_122333_V06,2023-04-28 12:23:33,2023-04-28 12:27:57
KTLX,s3://unidata-nexrad-level2/2023/04/28/KTLX/KTLX20230428_122757_V06,2023-04-28 12:27:57,2023-04-28 12:32:22
KTLX,s3://unidata-nexrad-level2/2023/04/28/KTLX/KTLX20230428_123222_V06,2023-04-28 12:32:22,2023-04-28 12:36:47
KTLX,s3://unidata-nexrad-level2/2023/04/28/KTLX/KTLX20230428_123647_V06,2023-04-28 12:36:47,2023-04-28 12:41:11
KTLX,s3://unidata-nexrad-level2/2023/04/28/KTLX/KTLX20230428_124111_V06,2023-04-28 12:41:11,2023-04-28 12:45:35
KTLX,s3://unidata-nexrad-level2/2023/04/28/KTLX/KTLX20230428_124535_V06,2023-04-28 12:45:35,2023-04-28 12:49:59
KTLX,s3://unidata-nexrad-level2/2023/04/28/KTLX/KTLX20230428_124959_V06,2023-04-28 12:49:59,2023-04-28 12:54:23
KTLX,s3://unidata-nexrad-level2/2023/04/28/KTLX/KTLX20230428_125423_V06,2023-04-28 12:54:23,2023-04-28 12:58:48
KTLX,s3://unidata-nexrad-level2/2023/04/28/KTLX/KTLX20230428_125848_V06,2023-04-28 12:58:48,2023-04-28 13:03:13
KTLX,s3://unidata-nexrad-level2/2023/04/28/KTLX/KTLX20230428_130313_V06,2023-04-28 13:03:13,2023-04-28 13:07:38
KTLX,s3://unidata-nexrad-level2/2023/04/28/KTLX/KTLX20230428_130738_V06,2023-04-28 13:07:38,2023-04-28 13:12:03
KTLX,s3://unidata-nexrad-level2/2023/04/28/KTLX/KTLX20230428_131203_V06,2023-04-28 13:12:03,2023-04-28 13:16:27
KTLX,s3://unidata-nexrad-level2/2023/04/28/KTLX/KTLX20230428_131627_V06,2023-04-28 13:16:27,2023-04-28 13:20:51
KTLX,s3://unidata-nexrad-level2/2023/04/28/KTLX/KTLX20230428_132051_V06,2023-04-28 13:20:51,2023-04-28 13:25:15
KTLX,s3://unidata-nexrad-level2/2023/04/28/KTLX/KTLX20230428_132515_V06,2023-04-28 13:25:15,2023-04-28 13:29:40
KTLX,s3://unidata-nexrad-level2/2023/04/28/KTLX/KTLX20230428_132940_V06,2023-04-28 13:29:40,2023-04-28 13:34:05
KTLX,s3://unidata-nexrad-level2/2023/04/28/KTLX/KTLX20230428_133405_V06,2023-04-28 13:34:05,2023-04-28 13:38:30
KTLX,s3://unidata-nexrad-level2/2023/04/28/KTLX/KTLX20230428_133830_V06,2023-04-28 13:38:30,2023-04-28 13:42:55
KTLX,s3://unidata-nexrad-level2/2023/04/28/KTLX/KTLX20230428_134255_V06,2023-04-28 13:42:55,2023-04-28 13:47:19
KTLX,s3://unidata-nexrad-level2/2023/04/28/KTLX/KTLX20230428_134719_V06,2023-04-28 13:47:19,2023-04-28 13:51:44
KTLX,s3://unidata-nexrad-level2/2023/04/28/KTLX/KTLX20230428_135144_V06,2023-04-28 13:51:44,2023-04-28 13:56:08
KTLX,s3://unidata-nexrad-level2/2023/04/28/KTLX/KTLX20230428_135608_V06,2023-04-28 13:56:08,2023-04-28 14:00:33
KTLX,s3://unidata-nexrad-level2/2023/04/28/KTLX/KTLX20230428_140033_V06,2023-04-28 14:00:33,2023-04-28 14:04:58
KTLX,s3://unidata-nexrad-level2/2023/04/28/KTLX/KTLX20230428_140458_V06,2023-04-28 14:04:58,2023-04-28 14:09:22
KTLX,s3://unidata-nexrad-level2/2023/04/28/KTLX/KTLX20230428_140922_V06,2023-04-28 14:09:22,2023-04-28 14:13:46
KTLX,s3://unidata-nexrad-level2/2023/04/28/KTLX/KTLX20230428_141346_V06,2023-04-28 14:13:46,2023-04-28 14:18:12
KTLX,s3://unidata-nexrad-level2/2023/04/28/KTLX/KTLX20230428_141812_V06,2023-04-28 14:18:12,2023-04-28 14:22:36
KTLX,s3://unidata-nexrad-level2/2023/04/28/KTLX/KTLX20230428_142236_V06,2023-04-28 14:22:36,2023-04-28 14:27:01
KTLX,s3://unidata-nexrad-level2/2023/04/28/KTLX/KTLX20230428_142701_V06,2023-04-28 14:27:01,2023-04-28 14:31:26
KTLX,s3://unidata-nexrad-level2/2023/04/28/KTLX/KTLX20230428_143126_V06,2023-04-28 14:31:26,2023-04-28 14:35:51
KTLX,s3://unidata-nexrad-level2/2023/04/28/KTLX/KTLX20230428_143551_V06,2023-04-28 14:35:51,2023-04-28 14:40:16
KTLX,s3://unidata-nexrad-level2/2023/04/28/KTLX/KTLX20230428_144016_V06,2023-04-28 14:40:16,2023-04-28 14:44:40
KTLX,s3://unidata-nexrad-level2/2023/04/28/KTLX/KTLX20230428_144440_V06,2023-04-28 14:44:40,2023-04-28 14:49:04
KTLX,s3://unidata-nexrad-level2/2023/04/28/KTLX/KTLX20230428_144904_V06,2023-04-28 14:49:04,2023-04-28 14:53:29
KTLX,s3://unidata-nexrad-level2/2023/04/28/KTLX/KTLX20230428_145329_V06,2023-04-28 14:53:29,2023-04-28 14:57:54
KTLX,s3://unidata-nexrad-level2/2023/04/28/KTLX/KTLX20230428_145754_V06,2023-04-28 14:57:54,2023-04-28 15:02:16
KTLX,s3://unidata-nexrad-level2/2023/04/28/KTLX/KTLX20230428_150216_V06,2023-04-28 15:02:16,2023-04-28 15:06:36
KTLX,s3://unidata-nexrad-level2/2023/04/28/KTLX/KTLX20230428_150636_V06,2023-04-28 15:06:36,2023-04-28 15:10:55
KTLX,s3://unidata-nexrad-level2/2023/04/28/KTLX/KTLX20230428_151055_V06,2023-04-28 15:10:55,2023-04-28 15:15:15
KTLX,s3://unidata-nexrad-level2/2023/04/28/KTLX/KTLX20230428_151515_V06,2023-04-28 15:15:15,2023-04-28 15:19:36
KTLX,s3://unidata-nexrad-level2/2023/04/28/KTLX/KTLX20230428_151936_V06,2023-04-28 15:19:36,2023-04-28 15:23:55
KTLX,s3://unidata-nexrad-level2/2023/04/28/KTLX/KTLX20230428_152355_V06,2023-04-28 15:23:55,2023-04-28 15:28:15
KTLX,s3://unidata-nexrad-level2/2023/04/28/KTLX/KTLX20230428_152815_V06,2023-04-28 15:28:15,2023-04-28 15:32:35
KTLX,s3://unidata-nexrad-level2/2023/04/28/KTLX/KTLX20230428_153235_V06,2023-04-28 15:32:35,2023-04-28 15:36:55
KTLX,s3://unidata-nexrad-level2/2023/04/28/KTLX/KTLX20230428_153655_V06,2023-04-28 15:36:55,2023-04-28 15:41:15
KTLX,s3://unidata-nexrad-level2/2023/04/28/KTLX/KTLX20230428_154115_V06,2023-04-28 15:41:15,2023-04-28 15:45:35
KTLX,s3://unidata-nexrad-level2/2023/04/28/KTLX/KTLX20230428_154535_V06,2023-04-28 15:45:35,2023-04-28 15:49:55
KTLX,s3://unidata-nexrad-level2/2023/04/28/KTLX/KTLX20230428_154955_V06,2023-04-28 15:49:55,2023-04-28 15:54:14
KTLX,s3://unidata-nexrad-level2/2023/04/28/KTLX/KTLX20230428_155414_V06,2023-04-28 15:54:14,2023-04-28 15:58:38
KTLX,s3://unidata-nexrad-level2/2023/04/28/KTLX/KTLX20230428_155838_V06,2023-04-28 15:58:38,2023-04-28 16:03:03
KTLX,s3://unidata-nexrad-level2/2023/04/28/KTLX/KTLX20230428_160303_V06,2023-04-28 16:03:03,2023-04-28 16:07:27
KTLX,s3://unidata-nexrad-level2/2023/04/28/KTLX/KTLX20230428_160727_V06,2023-04-28 16:07:27,2023-04-28 16:11:50
KTLX,s3://unidata-nexrad-level2/2023/04/28/KTLX/KTLX20230428_161150_V06,2023-04-28 16:11:50,2023-04-28 16:16:30
KTLX,s3://unidata-nexrad-level2/2023/04/28/KTLX/KTLX20230428_161630_V06,2023-04-28 16:16:30,2023-04-28 16:20:54
KTLX,s3://unidata-nexrad-level2/2023/04/28/KTLX/KTLX20230428_162054_V06,2023-04-28 16:20:54,2023-04-28 16:25:19
KTLX,s3://unidata-nexrad-level2/2023/04/28/KTLX/KTLX20230428_162519_V06,2023-04-28 16:25:19,2023-04-28 16:29:43
KTLX,s3://unidata-nexrad-level2/2023/04/28/KTLX/KTLX20230428_162943_V06,2023-04-28 16:29:43,2023-04-28 16:34:07
KTLX,s3://unidata-nexrad-level2/2023/04/28/KTLX/KTLX20230428_163407_V06,2023-04-28 16:34:07,2023-04-28 16:38:32
KTLX,s3://unidata-nexrad-level2/2023/04/28/KTLX/KTLX20230428_163832_V06,2023-04-28 16:38:32,2023-04-28 16:42:56
KTLX,s3://unidata-nexrad-level2/2023/04/28/KTLX/KTLX20230428_164256_V06,2023-04-28 16:42:56,2023-04-28 16:47:56
KTLX,s3://unidata-nexrad-level2/2023/04/28/KTLX/KTLX20230428_164847_V06,2023-04-28 16:48:47,2023-04-28 16:53:11
KTLX,s3://unidata-nexrad-level2/2023/04/28/KTLX/KTLX20230428_165311_V06,2023-04-28 16:53:11,2023-04-28 16:57:51
KTLX,s3://unidata-nexrad-level2/2023/04/28/KTLX/KTLX20230428_165751_V06,2023-04-28 16:57:51,2023-04-28 17:02:30
KTLX,s3://unidata-nexrad-level2/2023/04/28/KTLX/KTLX20230428_170230_V06,2023-04-28 17:02:30,2023-04-28 17:07:30
KTLX,s3://unidata-nexrad-level2/2023/04/28/KTLX/KTLX20230428_170807_V06,2023-04-28 17:08:07,2023-04-28 17:13:07
KTLX,s3://unidata-nexrad-level2/2023/04/28/KTLX/KTLX20230428_171331_V06,2023-04-28 17:13:31,2023-04-28 17:18:31
KTLX,s3://unidata-nexrad-level2/2023/04/28/KTLX/KTLX20230428_171855_V06,2023-04-28 17:18:55,2023-04-28 17:23:55
KTLX,s3://unidata-nexrad-level2/2023/04/28/KTLX/KTLX20230428_172417_V06,2023-04-28 17:24:17,2023-04-28 17:29:17
KTLX,s3://unidata-nexrad-level2/2023/04/28/KTLX/KTLX20230428_172940_V06,2023-04-28 17:29:40,2023-04-28 17:34:40
KTLX,s3://unidata-nexrad-level2/2023/04/28/KTLX/KTLX20230428_173502_V06,2023-04-28 17:35:02,2023-04-28 17:40:02
KTLX,s3://unidata-nexrad-level2/2023/04/28/KTLX/KTLX20230428_174025_V06,2023-04-28 17:40:25,2023-04-28 17:45:00
KTLX,s3://unidata-nexrad-level2/2023/04/28/KTLX/KTLX20230428_174500_V06,2023-04-28 17:45:00,2023-04-28 17:50:00
KTLX,s3://unidata-nexrad-level2/2023/04/28/KTLX/KTLX20230428_175004_V06,2023-04-28 17:50:04,2023-04-28 17:55:04
KTLX,s3://unidata-nexrad-level2/2023/04/28/KTLX/KTLX20230428_175513_V06,2023-04-28 17:55:13,2023-04-28 18:00:13
KTLX,s3://unidata-nexrad-level2/2023/04/28/KTLX/KTLX20230428_180020_V06,2023-04-28 18:00:20,2023-04-28 18:05:09
KTLX,s3://unidata-nexrad-level2/2023/04/28/KTLX/KTLX20230428_180509_V06,2023-04-28 18:05:09,2023-04-28 18:10:00
KTLX,s3://unidata-nexrad-level2/2023/04/28/KTLX/KTLX20230428_181000_V06,2023-04-28 18:10:00,2023-04-28 18:14:50
KTLX,s3://unidata-nexrad-level2/2023/04/28/KTLX/KTLX20230428_181450_V06,2023-04-28 18:14:50,2023-04-28 18:19:39
KTLX,s3://unidata-nexrad-level2/2023/04/28/KTLX/KTLX20230428_181939_V06,2023-04-28 18:19:39,2023-04-28 18:24:28
KTLX,s3://unidata-nexrad-level2/2023/04/28/KTLX/KTLX20230428_182428_V06,2023-04-28 18:24:28,2023-04-28 18:29:15
KTLX,s3://unidata-nexrad-level2/2023/04/28/KTLX/KTLX20230428_182915_V06,2023-04-28 18:29:15,2023-04-28 18:34:05
KTLX,s3://unidata-nexrad-level2/2023/04/28/KTLX/KTLX20230428_183405_V06,2023-04-28 18:34:05,2023-04-28 18:38:25
KTLX,s3://unidata-nexrad-level2/2023/04/28/KTLX/KTLX20230428_183825_V06,2023-04-28 18:38:25,2023-04-28 18:42:45
KTLX,s3://unidata-nexrad-level2/2023/04/28/KTLX/KTLX20230428_184245_V06,2023-04-28 18:42:45,2023-04-28 18:47:20
KTLX,s3://unidata-nexrad-level2/2023/04/28/KTLX/KTLX20230428_184720_V06,2023-04-28 18:47:20,2023-04-28 18:51:40
KTLX,s3://unidata-nexrad-level2/2023/04/28/KTLX/KTLX20230428_185140_V06,2023-04-28 18:51:40,2023-04-28 18:56:00
KTLX,s3://unidata-nexrad-level2/2023/04/28/KTLX/KTLX20230428_185600_V06,2023-04-28 18:56:00,2023-04-28 19:00:20
KTLX,s3://unidata-nexrad-level2/2023/04/28/KTLX/KTLX20230428_190020_V06,2023-04-28 19:00:20,2023-04-28 19:04:54
KTLX,s3://unidata-nexrad-level2/2023/04/28/KTLX/KTLX20230428_190454_V06,2023-04-28 19:04:54,2023-04-28 19:09:14
KTLX,s3://unidata-nexrad-level2/2023/04/28/KTLX/KTLX20230428_190914_V06,2023-04-28 19:09:14,2023-04-28 19:13:34
KTLX,s3://unidata-nexrad-level2/2023/04/28/KTLX/KTLX20230428_191334_V06,2023-04-28 19:13:34,2023-04-28 19:17:53
KTLX,s3://unidata-nexrad-level2/2023/04/28/KTLX/KTLX20230428_191753_V06,2023-04-28 19:17:53,2023-04-28 19:22:14
KTLX,s3://unidata-nexrad-level2/2023/04/28/KTLX/KTLX20230428_192214_V06,2023-04-28 19:22:14,2023-04-28 19:26:39
KTLX,s3://unidata-nexrad-level2/2023/04/28/KTLX/KTLX20230428_192639_V06,2023-04-28 19:26:39,2023-04-28 19:31:04
KTLX,s3://unidata-nexrad-level2/2023/04/28/KTLX/KTLX20230428_193104_V06,2023-04-28 19:31:04,2023-04-28 19:35:28
KTLX,s3://unidata-nexrad-level2/2023/04/28/KTLX/KTLX20230428_193528_V06,2023-04-28 19:35:28,2023-04-28 19:39:52
KTLX,s3://unidata-nexrad-level2/2023/04/28/KTLX/KTLX20230428_193952_V06,2023-04-28 19:39:52,2023-04-28 19:44:13
KTLX,s3://unidata-nexrad-level2/2023/04/28/KTLX/KTLX20230428_194413_V06,2023-04-28 19:44:13,2023-04-28 19:48:33
KTLX,s3://unidata-nexrad-level2/2023/04/28/KTLX/KTLX20230428_194833_V06,2023-04-28 19:48:33,2023-04-28 19:52:50
KTLX,s3://unidata-nexrad-level2/2023/04/28/KTLX/KTLX20230428_195250_V06,2023-04-28 19:52:50,2023-04-28 19:57:10
KTLX,s3://unidata-nexrad-level2/2023/04/28/KTLX/KTLX20230428_195710_V06,2023-04-28 19:57:10,2023-04-28 20:02:10
KTLX,s3://unidata-nexrad-level2/2023/04/28/KTLX/KTLX20230428_200242_V06,2023-04-28 20:02:42,2023-04-28 20:07:03
KTLX,s3://unidata-nexrad-level2/2023/04/28/KTLX/KTLX20230428_200703_V06,2023-04-28 20:07:03,2023-04-28 20:11:23
KTLX,s3://unidata-nexrad-level2/2023/04/28/KTLX/KTLX20230428_201123_V06,2023-04-28 20:11:23,2023-04-28 20:15:43
KTLX,s3://unidata-nexrad-level2/2023/04/28/KTLX/KTLX20230428_201543_V06,2023-04-28 20:15:43,2023-04-28 20:20:04
KTLX,s3://unidata-nexrad-level2/2023/04/28/KTLX/KTLX20230428_202004_V06,2023-04-28 20:20:04,2023-04-28 20:24:25
KTLX,s3://unidata-nexrad-level2/2023/04/28/KTLX/KTLX20230428_202425_V06,2023-04-28 20:24:25,2023-04-28 20:28:46
KTLX,s3://unidata-nexrad-level2/2023/04/28/KTLX/KTLX20230428_202846_V06,2023-04-28 20:28:46,2023-04-28 20:33:06
KTLX,s3://unidata-nexrad-level2/2023/04/28/KTLX/KTLX20230428_203306_V06,2023-04-28 20:33:06,2023-04-28 20:37:55
KTLX,s3://unidata-nexrad-level2/2023/04/28/KTLX/KTLX20230428_203755_V06,2023-04-28 20:37:55,2023-04-28 20:42:30
KTLX,s3://unidata-nexrad-level2/2023/04/28/KTLX/KTLX20230428_204230_V06,2023-04-28 20:42:30,2023-04-28 20:47:10
KTLX,s3://unidata-nexrad-level2/2023/04/28/KTLX/KTLX20230428_204710_V06,2023-04-28 20:47:10,2023-04-28 20:51:49
KTLX,s3://unidata-nexrad-level2/2023/04/28/KTLX/KTLX20230428_205149_V06,2023-04-28 20:51:49,2023-04-28 20:56:29
KTLX,s3://unidata-nexrad-level2/2023/04/28/KTLX/KTLX20230428_205629_V06,2023-04-28 20:56:29,2023-04-28 21:01:08
KTLX,s3://unidata-nexrad-level2/2023/04/28/KTLX/KTLX20230428_210108_V06,2023-04-28 21:01:08,2023-04-28 21:06:07
KTLX,s3://unidata-nexrad-level2/2023/04/28/KTLX/KTLX20230428_210607_V06,2023-04-28 21:06:07,2023-04-28 21:11:07
KTLX,s3://unidata-nexrad-level2/2023/04/28/KTLX/KTLX20230428_211127_V06,2023-04-28 21:11:27,2023-04-28 21:16:27
KTLX,s3://unidata-nexrad-level2/2023/04/28/KTLX/KTLX20230428_211704_V06,2023-04-28 21:17:04,2023-04-28 21:22:04
KTLX,s3://unidata-nexrad-level2/2023/04/28/KTLX/KTLX20230428_212226_V06,2023-04-28 21:22:26,2023-04-28 21:27:26
KTLX,s3://unidata-nexrad-level2/2023/04/28/KTLX/KTLX20230428_212801_V06,2023-04-28 21:28:01,2023-04-28 21:33:01
KTLX,s3://unidata-nexrad-level2/2023/04/28/KTLX/KTLX20230428_213407_V06,2023-04-28 21:34:07,2023-04-28 21:39:07
KTLX,s3://unidata-nexrad-level2/2023/04/28/KTLX/KTLX20230428_213941_V06,2023-04-28 21:39:41,2023-04-28 21:44:41
KTLX,s3://unidata-nexrad-level2/2023/04/28/KTLX/KTLX20230428_214516_V06,2023-04-28 21:45:16,2023-04-28 21:50:16
KTLX,s3://unidata-nexrad-level2/2023/04/28/KTLX/KTLX20230428_215050_V06,2023-04-28 21:50:50,2023-04-28 21:55:50
KTLX,s3://unidata-nexrad-level2/2023/04/28/KTLX/KTLX20230428_215603_V06,2023-04-28 21:56:03,2023-04-28 22:01:03
KTLX,s3://unidata-nexrad-level2/2023/04/28/KTLX/KTLX20230428_220123_V06,2023-04-28 22:01:23,2023-04-28 22:06:23
KTLX,s3://unidata-nexrad-level2/2023/04/28/KTLX/KTLX20230428_220629_V06,2023-04-28 22:06:29,2023-04-28 22:11:29
KTLX,s3://unidata-nexrad-level2/2023/04/28/KTLX/KTLX20230428_221135_V06,2023-04-28 22:11:35,2023-04-28 22:16:35
KTLX,s3://unidata-nexrad-level2/2023/04/28/KTLX/KTLX20230428_221640_V06,2023-04-28 22:16:40,2023-04-28 22:21:31
KTLX,s3://unidata-nexrad-level2/2023/04/28/KTLX/KTLX20230428_222131_V06,2023-04-28 22:21:31,2023-04-28 22:26:12
KTLX,s3://unidata-nexrad-level2/2023/04/28/KTLX/KTLX20230428_222612_V06,2023-04-28 22:26:12,2023-04-28 22:30:51
KTLX,s3://unidata-nexrad-level2/2023/04/28/KTLX/KTLX20230428_223051_V06,2023-04-28 22:30:51,2023-04-28 22:35:31
KTLX,s3://unidata-nexrad-level2/2023/04/28/KTLX/KTLX20230428_223531_V06,2023-04-28 22:35:31,2023-04-28 22:40:11
KTLX,s3://unidata-nexrad-level2/2023/04/28/KTLX/KTLX20230428_224011_V06,2023-04-28 22:40:11,2023-04-28 22:44:35
KTLX,s3://unidata-nexrad-level2/2023/04/28/KTLX/KTLX20230428_224435_V06,2023-04-28 22:44:35,2023-04-28 22:49:00
KTLX,s3://unidata-nexrad-level2/2023/04/28/KTLX/KTLX20230428_224900_V06,2023-04-28 22:49:00,2023-04-28 22:53:38
KTLX,s3://unidata-nexrad-level2/2023/04/28/KTLX/KTLX20230428_225338_V06,2023-04-28 22:53:38,2023-04-28 22:58:14
KTLX,s3://unidata-nexrad-level2/2023/04/28/KTLX/KTLX20230428_225814_V06,2023-04-28 22:58:14,2023-04-28 23:02:39
KTLX,s3://unidata-nexrad-level2/2023/04/28/KTLX/KTLX20230428_230239_V06,2023-04-28 23:02:39,2023-04-28 23:07:04
KTLX,s3://unidata-nexrad-level2/2023/04/28/KTLX/KTLX20230428_230704_V06,2023-04-28 23:07:04,2023-04-28 23:11:25
KTLX,s3://unidata-nexrad-level2/2023/04/28/KTLX/KTLX20230428_231125_V06,2023-04-28 23:11:25,2023-04-28 23:15:44
KTLX,s3://unidata-nexrad-level2/2023/04/28/KTLX/KTLX20230428_231544_V06,2023-04-28 23:15:44,2023-04-28 23:20:18
KTLX,s3://unidata-nexrad-level2/2023/04/28/KTLX/KTLX20230428_232018_V06,2023-04-28 23:20:18,2023-04-28 23:24:52
KTLX,s3://unidata-nexrad-level2/2023/04/28/KTLX/KTLX20230428_232452_V06,2023-04-28 23:24:52,2023-04-28 23:29:32
KTLX,s3://unidata-nexrad-level2/2023/04/28/KTLX/KTLX20230428_232932_V06,2023-04-28 23:29:32,2023-04-28 23:34:08
KTLX,s3://unidata-nexrad-level2/2023/04/28/KTLX/KTLX20230428_233408_V06,2023-04-28 23:34:08,2023-04-28 23:38:52
KTLX,s3://unidata-nexrad-level2/2023/04/28/KTLX/KTLX20230428_233852_V06,2023-04-28 23:38:52,2023-04-28 23:43:36
KTLX,s3://unidata-nexrad-level2/2023/04/28/KTLX/KTLX20230428_234336_V06,2023-04-28 23:43:36,2023-04-28 23:48:36
KTLX,s3://unidata-nexrad-level2/2023/04/28/KTLX/KTLX20230428_234842_V06,2023-04-28 23:48:42,2023-04-28 23:53:42
KTLX,s3://unidata-nexrad-level2/2023/04/28/KTLX/KTLX20230428_235403_V06,2023-04-28 23:54:03,2023-04-28 23:59:03
KTLX,s3://unidata-nexrad-level2/2023/04/28/KTLX/KTLX20230428_235908_V06,2023-04-28 23:59:08,2023-04-29 00:04:08
KTLX,s3://unidata-nexrad-level2/2023/04/29/KTLX/KTLX20230429_000427_V06,2023-04-29 00:04:27,2023-04-29 00:09:27
KTLX,s3://unidata-nexrad-level2/2023/04/29/KTLX/KTLX20230429_001002_V06,2023-04-29 00:10:02,2023-04-29 00:15:02
KTLX,s3://unidata-nexrad-level2/2023/04/29/KTLX/KTLX20230429_001606_V06,2023-04-29 00:16:06,2023-04-29 00:21:06
KTLX,s3://unidata-nexrad-level2/2023/04/29/KTLX/KTLX20230429_002211_V06,2023-04-29 00:22:11,2023-04-29 00:27:11
KTLX,s3://unidata-nexrad-level2/2023/04/29/KTLX/KTLX20230429_002814_V06,2023-04-29 00:28:14,2023-04-29 00:33:14
KTLX,s3://unidata-nexrad-level2/2023/04/29/KTLX/KTLX20230429_003419_V06,2023-04-29 00:34:19,2023-04-29 00:39:19
KTLX,s3://unidata-nexrad-level2/2023/04/29/KTLX/KTLX20230429_004022_V06,2023-04-29 00:40:22,2023-04-29 00:45:22
KTLX,s3://unidata-nexrad-level2/2023/04/29/KTLX/KTLX20230429_004605_V06,2023-04-29 00:46:05,2023-04-29 00:51:05
KTLX,s3://unidata-nexrad-level2/2023/04/29/KTLX/KTLX20230429_005209_V06,2023-04-29 00:52:09,2023-04-29 00:57:09
KTLX,s3://unidata-nexrad-level2/2023/04/29/KTLX/KTLX20230429_005813_V06,2023-04-29 00:58:13,2023-04-29 01:03:13
KTLX,s3://unidata-nexrad-level2/2023/04/29/KTLX/KTLX20230429_010416_V06,2023-04-29 01:04:16,2023-04-29 01:09:16
KTLX,s3://unidata-nexrad-level2/2023/04/29/KTLX/KTLX20230429_011020_V06,2023-04-29 01:10:20,2023-04-29 01:15:20
KTLX,s3://unidata-nexrad-level2/2023/04/29/KTLX/KTLX20230429_011625_V06,2023-04-29 01:16:25,2023-04-29 01:21:25
KTLX,s3://unidata-nexrad-level2/2023/04/29/KTLX/KTLX20230429_012229_V06,2023-04-29 01:22:29,2023-04-29 01:27:29
KTLX,s3://unidata-nexrad-level2/2023/04/29/KTLX/KTLX20230429_012831_V06,2023-04-29 01:28:31,2023-04-29 01:33:31
KTLX,s3://unidata-nexrad-level2/2023/04/29/KTLX/KTLX20230429_013435_V06,2023-04-29 01:34:35,2023-04-29 01:39:35
KTLX,s3://unidata-nexrad-level2/2023/04/29/KTLX/KTLX20230429_014040_V06,2023-04-29 01:40:40,2023-04-29 01:45:40
KTLX,s3://unidata-nexrad-level2/2023/04/29/KTLX/KTLX20230429_014644_V06,2023-04-29 01:46:44,2023-04-29 01:51:44
KTLX,s3://unidata-nexrad-level2/2023/04/29/KTLX/KTLX20230429_015246_V06,2023-04-29 01:52:46,2023-04-29 01:57:46
KTLX,s3://unidata-nexrad-level2/2023/04/29/KTLX/KTLX20230429_015850_V06,2023-04-29 01:58:50,2023-04-29 02:03:50
KTLX,s3://unidata-nexrad-level2/2023/04/29/KTLX/KTLX20230429_020454_V06,2023-04-29 02:04:54,2023-04-29 02:09:54
KTLX,s3://unidata-nexrad-level2/2023/04/29/KTLX/KTLX20230429_021057_V06,2023-04-29 02:10:57,2023-04-29 02:15:57
KTLX,s3://unidata-nexrad-level2/2023/04/29/KTLX/KTLX20230429_021653_V06,2023-04-29 02:16:53,2023-04-29 02:21:53
KTLX,s3://unidata-nexrad-level2/2023/04/29/KTLX/KTLX20230429_022249_V06,2023-04-29 02:22:49,2023-04-29 02:27:49
KTLX,s3://unidata-nexrad-level2/2023/04/29/KTLX/KTLX20230429_022846_V06,2023-04-29 02:28:46,2023-04-29 02:33:46
KTLX,s3://unidata-nexrad-level2/2023/04/29/KTLX/KTLX20230429_023428_V06,2023-04-29 02:34:28,2023-04-29 02:39:28
KTLX,s3://unidata-nexrad-level2/2023/04/29/KTLX/KTLX20230429_024009_V06,2023-04-29 02:40:09,2023-04-29 02:45:09
KTLX,s3://unidata-nexrad-level2/2023/04/29/KTLX/KTLX20230429_024607_V06,2023-04-29 02:46:07,2023-04-29 02:51:07
KTLX,s3://unidata-nexrad-level2/2023/04/29/KTLX/KTLX20230429_025155_V06,2023-04-29 02:51:55,2023-04-29 02:56:55
KTLX,s3://unidata-nexrad-level2/2023/04/29/KTLX/KTLX20230429_025743_V06,2023-04-29 02:57:43,2023-04-29 03:02:43
KTLX,s3://unidata-nexrad-level2/2023/04/29/KTLX/KTLX20230429_030332_V06,2023-04-29 03:03:32,2023-04-29 03:08:32
KTLX,s3://unidata-nexrad-level2/2023/04/29/KTLX/KTLX20230429_030929_V06,2023-04-29 03:09:29,2023-04-29 03:14:29
KTLX,s3://unidata-nexrad-level2/2023/04/29/KTLX/KTLX20230429_031521_V06,2023-04-29 03:15:21,2023-04-29 03:20:21
KTLX,s3://unidata-nexrad-level2/2023/04/29/KTLX/KTLX20230429_032113_V06,2023-04-29 03:21:13,2023-04-29 03:26:13
KTLX,s3://unidata-nexrad-level2/2023/04/29/KTLX/KTLX20230429_032659_V06,2023-04-29 03:26:59,2023-04-29 03:31:59
KTLX,s3://unidata-nexrad-level2/2023/04/29/KTLX/KTLX20230429_033246_V06,2023-04-29 03:32:46,2023-04-29 03:37:46
KTLX,s3://unidata-nexrad-level2/2023/04/29/KTLX/KTLX20230429_033838_V06,2023-04-29 03:38:38,2023-04-29 03:43:38
KTLX,s3://unidata-nexrad-level2/2023/04/29/KTLX/KTLX20230429_034442_V06,2023-04-29 03:44:42,2023-04-29 03:49:42
KTLX,s3://unidata-nexrad-level2/2023/04/29/KTLX/KTLX20230429_035045_V06,2023-04-29 03:50:45,2023-04-29 03:55:45
KTLX,s3://unidata-nexrad-level2/2023/04/29/KTLX/KTLX20230429_035649_V06,2023-04-29 03:56:49,2023-04-29 04:01:49
KTLX,s3://unidata-nexrad-level2/2023/04/29/KTLX/KTLX20230429_040401_V06,2023-04-29 04:04:01,2023-04-29 04:09:01
KTLX,s3://unidata-nexrad-level2/2023/04/29/KTLX/KTLX20230429_041006_V06,2023-04-29 04:10:06,2023-04-29 04:15:06
KTLX,s3://unidata-nexrad-level2/2023/04/29/KTLX/KTLX20230429_041610_V06,2023-04-29 04:16:10,2023-04-29 04:21:10
KTLX,s3://unidata-nexrad-level2/2023/04/29/KTLX/KTLX20230429_042214_V06,2023-04-29 04:22:14,2023-04-29 04:27:14
KTLX,s3://unidata-nexrad-level2/2023/04/29/KTLX/KTLX20230429_042818_V06,2023-04-29 04:28:18,2023-04-29 04:33:18
KTLX,s3://unidata-nexrad-level2/2023/04/29/KTLX/KTLX20230429_043406_V06,2023-04-29 04:34:06,2023-04-29 04:39:06
KTLX,s3://unidata-nexrad-level2/2023/04/29/KTLX/KTLX20230429_043955_V06,2023-04-29 04:39:55,2023-04-29 04:44:55
KTLX,s3://unidata-nexrad-level2/2023/04/29/KTLX/KTLX20230429_044530_V06,2023-04-29 04:45:30,2023-04-29 04:50:30
KTLX,s3://unidata-nexrad-level2/2023/04/29/KTLX/KTLX20230429_045049_V06,2023-04-29 04:50:49,2023-04-29 04:55:49
KTLX,s3://unidata-nexrad-level2/2023/04/29/KTLX/KTLX20230429_045553_V06,2023-04-29 04:55:53,2023-04-29 05:00:44
KTLX,s3://unidata-nexrad-level2/2023/04/29/KTLX/KTLX20230429_050044_V06,2023-04-29 05:00:44,2023-04-29 05:05:35
KTLX,s3://unidata-nexrad-level2/2023/04/29/KTLX/KTLX20230429_050535_V06,2023-04-29 05:05:35,2023-04-29 05:10:26
KTLX,s3://unidata-nexrad-level2/2023/04/29/KTLX/KTLX20230429_051026_V06,2023-04-29 05:10:26,2023-04-29 05:15:01
KTLX,s3://unidata-nexrad-level2/2023/04/29/KTLX/KTLX20230429_051501_V06,2023-04-29 05:15:01,2023-04-29 05:19:38
KTLX,s3://unidata-nexrad-level2/2023/04/29/KTLX/KTLX20230429_051938_V06,2023-04-29 05:19:38,2023-04-29 05:24:14
KTLX,s3://unidata-nexrad-level2/2023/04/29/KTLX/KTLX20230429_052414_V06,2023-04-29 05:24:14,2023-04-29 05:28:50
KTLX,s3://unidata-nexrad-level2/2023/04/29/KTLX/KTLX20230429_052850_V06,2023-04-29 05:28:50,2023-04-29 05:33:20
KTLX,s3://unidata-nexrad-level2/2023/04/29/KTLX/KTLX20230429_053320_V06,2023-04-29 05:33:20,2023-04-29 05:37:50
KTLX,s3://unidata-nexrad-level2/2023/04/29/KTLX/KTLX20230429_053750_V06,2023-04-29 05:37:50,2023-04-29 05:42:20
KTLX,s3://unidata-nexrad-level2/2023/04/29/KTLX/KTLX20230429_054220_V06,2023-04-29 05:42:20,2023-04-29 05:46:49
KTLX,s3://unidata-nexrad-level2/2023/04/29/KTLX/KTLX20230429_054649_V06,2023-04-29 05:46:49,2023-04-29 05:51:19
KTLX,s3://unidata-nexrad-level2/2023/04/29/KTLX/KTLX20230429_055119_V06,2023-04-29 05:51:19,2023-04-29 05:55:48
KTLX,s3://unidata-nexrad-level2/2023/04/29/KTLX/KTLX20230429_055548_V06,2023-04-29 05:55:48,2023-04-29 06:00:18
KTLX,s3://unidata-nexrad-level2/2023/04/29/KTLX/KTLX20230429_060018_V06,2023-04-29 06:00:18,2023-04-29 06:04:49
KTLX,s3://unidata-nexrad-level2/2023/04/29/KTLX/KTLX20230429_060449_V06,2023-04-29 06:04:49,2023-04-29 06:09:19
KTLX,s3://unidata-nexrad-level2/2023/04/29/KTLX/KTLX20230429_060919_V06,2023-04-29 06:09:19,2023-04-29 06:13:48
KTLX,s3://unidata-nexrad-level2/2023/04/29/KTLX/KTLX20230429_061348_V06,2023-04-29 06:13:48,2023-04-29 06:18:18
KTLX,s3://unidata-nexrad-level2/2023/04/29/KTLX/KTLX20230429_061818_V06,2023-04-29 06:18:18,2023-04-29 06:22:47
KTLX,s3://unidata-nexrad-level2/2023/04/29/KTLX/KTLX20230429_062247_V06,2023-04-29 06:22:47,2023-04-29 06:27:17
KTLX,s3://unidata-nexrad-level2/2023/04/29/KTLX/KTLX20230429_062717_V06,2023-04-29 06:27:17,2023-04-29 06:31:47
KTLX,s3://unidata-nexrad-level2/2023/04/29/KTLX/KTLX20230429_063147_V06,2023-04-29 06:31:47,2023-04-29 06:36:17
KTLX,s3://unidata-nexrad-level2/2023/04/29/KTLX/KTLX20230429_063617_V06,2023-04-29 06:36:17,2023-04-29 06:40:46
KTLX,s3://unidata-nexrad-level2/2023/04/29/KTLX/KTLX20230429_064046_V06,2023-04-29 06:40:46,2023-04-29 06:45:16
KTLX,s3://unidata-nexrad-level2/2023/04/29/KTLX/KTLX20230429_064516_V06,2023-04-29 06:45:16,2023-04-29 06:50:16
KTLX,s3://unidata-nexrad-level2/2023/04/29/KTLX/KTLX20230429_065212_V06,2023-04-29 06:52:12,2023-04-29 06:57:12
KTLX,s3://unidata-nexrad-level2/2023/04/29/KTLX/KTLX20230429_065906_V06,2023-04-29 06:59:06,2023-04-29 07:04:06
KTLX,s3://unidata-nexrad-level2/2023/04/29/KTLX/KTLX20230429_070602_V06,2023-04-29 07:06:02,2023-04-29 07:11:02
KTLX,s3://unidata-nexrad-level2/2023/04/29/KTLX/KTLX20230429_071259_V06,2023-04-29 07:12:59,2023-04-29 07:17:59
KTLX,s3://unidata-nexrad-level2/2023/04/29/KTLX/KTLX20230429_072001_V06,2023-04-29 07:20:01,2023-04-29 07:25:01
KTLX,s3://unidata-nexrad-level2/2023/04/29/KTLX/KTLX20230429_072702_V06,2023-04-29 07:27:02,2023-04-29 07:32:02
KTLX,s3://unidata-nexrad-level2/2023/04/29/KTLX/KTLX20230429_073405_V06,2023-04-29 07:34:05,2023-04-29 07:39:05
KTLX,s3://unidata-nexrad-level2/2023/04/29/KTLX/KTLX20230429_074108_V06,2023-04-29 07:41:08,2023-04-29 07:46:08
KTLX,s3://unidata-nexrad-level2/2023/04/29/KTLX/KTLX20230429_074810_V06,2023-04-29 07:48:10,2023-04-29 07:53:10
KTLX,s3://unidata-nexrad-level2/2023/04/29/KTLX/KTLX20230429_075511_V06,2023-04-29 07:55:11,2023-04-29 08:00:11
KTLX,s3://unidata-nexrad-level2/2023/04/29/KTLX/KTLX20230429_080213_V06,2023-04-29 08:02:13,2023-04-29 08:07:13
KTLX,s3://unidata-nexrad-level2/2023/04/29/KTLX/KTLX20230429_080915_V06,2023-04-29 08:09:15,2023-04-29 08:14:15
KTLX,s3://unidata-nexrad-level2/2023/04/29/KTLX/KTLX20230429_081617_V06,2023-04-29 08:16:17,2023-04-29 08:21:17
KTLX,s3://unidata-nexrad-level2/2023/04/29/KTLX/KTLX20230429_082312_V06,2023-04-29 08:23:12,2023-04-29 08:28:12
KTLX,s3://unidata-nexrad-level2/2023/04/29/KTLX/KTLX20230429_083009_V06,2023-04-29 08:30:09,2023-04-29 08:35:09
KTLX,s3://unidata-nexrad-level2/2023/04/29/KTLX/KTLX20230429_083704_V06,2023-04-29 08:37:04,2023-04-29 08:42:04
KTLX,s3://unidata-nexrad-level2/2023/04/29/KTLX/KTLX20230429_084400_V06,2023-04-29 08:44:00,2023-04-29 08:49:00
KTLX,s3://unidata-nexrad-level2/2023/04/29/KTLX/KTLX20230429_085055_V06,2023-04-29 08:50:55,2023-04-29 08:55:55
KTLX,s3://unidata-nexrad-level2/2023/04/29/KTLX/KTLX20230429_085752_V06,2023-04-29 08:57:52,2023-04-29 09:02:52
KTLX,s3://unidata-nexrad-level2/2023/04/29/KTLX/KTLX20230429_090449_V06,2023-04-29 09:04:49,2023-04-29 09:09:49
KTLX,s3://unidata-nexrad-level2/2023/04/29/KTLX/KTLX20230429_091145_V06,2023-04-29 09:11:45,2023-04-29 09:16:45
KTLX,s3://unidata-nexrad-level2/2023/04/29/KTLX/KTLX20230429_091839_V06,2023-04-29 09:18:39,2023-04-29 09:23:39
KTLX,s3://unidata-nexrad-level2/2023/04/29/KTLX/KTLX20230429_092534_V06,2023-04-29 09:25:34,2023-04-29 09:30:34
KTLX,s3://unidata-nexrad-level2/2023/04/29/KTLX/KTLX20230429_093230_V06,2023-04-29 09:32:30,2023-04-29 09:37:30
KTLX,s3://unidata-nexrad-level2/2023/04/29/KTLX/KTLX20230429_093921_V06,2023-04-29 09:39:21,2023-04-29 09:44:21
KTLX,s3://unidata-nexrad-level2/2023/04/29/KTLX/KTLX20230429_094612_V06,2023-04-29 09:46:12,2023-04-29 09:51:12
KTLX,s3://unidata-nexrad-level2/2023/04/29/KTLX/KTLX20230429_095258_V06,2023-04-29 09:52:58,2023-04-29 09:57:58
KTLX,s3://unidata-nexrad-level2/2023/04/29/KTLX/KTLX20230429_095945_V06,2023-04-29 09:59:45,2023-04-29 10:04:45
KTLX,s3://unidata-nexrad-level2/2023/04/29/KTLX/KTLX20230429_100632_V06,2023-04-29 10:06:32,2023-04-29 10:11:32
KTLX,s3://unidata-nexrad-level2/2023/04/29/KTLX/KTLX20230429_101314_V06,2023-04-29 10:13:14,2023-04-29 10:18:14
KTLX,s3://unidata-nexrad-level2/2023/04/29/KTLX/KTLX20230429_101955_V06,2023-04-29 10:19:55,2023-04-29 10:24:55
KTLX,s3://unidata-nexrad-level2/2023/04/29/KTLX/KTLX20230429_102639_V06,2023-04-29 10:26:39,2023-04-29 10:31:39
KTLX,s3://unidata-nexrad-level2/2023/04/29/KTLX/KTLX20230429_103322_V06,2023-04-29 10:33:22,2023-04-29 10:38:22
KTLX,s3://unidata-nexrad-level2/2023/04/29/KTLX/KTLX20230429_104005_V06,2023-04-29 10:40:05,2023-04-29 10:45:05
KTLX,s3://unidata-nexrad-level2/2023/04/29/KTLX/KTLX20230429_104647_V06,2023-04-29 10:46:47,2023-04-29 10:51:47
KTLX,s3://unidata-nexrad-level2/2023/04/29/KTLX/KTLX20230429_105329_V06,2023-04-29 10:53:29,2023-04-29 10:58:29
KTLX,s3://unidata-nexrad-level2/2023/04/29/KTLX/KTLX20230429_110011_V06,2023-04-29 11:00:11,2023-04-29 11:05:11
KTLX,s3://unidata-nexrad-level2/2023/04/29/KTLX/KTLX20230429_110653_V06,2023-04-29 11:06:53,2023-04-29 11:11:53
KTLX,s3://unidata-nexrad-level2/2023/04/29/KTLX/KTLX20230429_111336_V06,2023-04-29 11:13:36,2023-04-29 11:18:36
KTLX,s3://unidata-nexrad-level2/2023/04/29/KTLX/KTLX20230429_112037_V06,2023-04-29 11:20:37,2023-04-29 11:25:37
KTLX,s3://unidata-nexrad-level2/2023/04/29/KTLX/KTLX20230429_112739_V06,2023-04-29 11:27:39,2023-04-29 11:32:39
KTLX,s3://unidata-nexrad-level2/2023/04/29/KTLX/KTLX20230429_113440_V06,2023-04-29 11:34:40,2023-04-29 11:39:40
KTLX,s3://unidata-nexrad-level2/2023/04/29/KTLX/KTLX20230429_114142_V06,2023-04-29 11:41:42,2023-04-29 11:46:42
KTLX,s3://unidata-nexrad-level2/2023/04/29/KTLX/KTLX20230429_114844_V06,2023-04-29 11:48:44,2023-04-29 11:53:44
KTLX,s3://unidata-nexrad-level2/2023/04/29/KTLX/KTLX20230429_115546_V06,2023-04-29 11:55:46,2023-04-29 12:00:46
KTLX,s3://unidata-nexrad-level2/2023/04/29/KTLX/KTLX20230429_120248_V06,2023-04-29 12:02:48,2023-04-29 12:07:48
KTLX,s3://unidata-nexrad-level2/2023/04/29/KTLX/KTLX20230429_121104_V06,2023-04-29 12:11:04,2023-04-29 12:16:04
KTLX,s3://unidata-nexrad-level2/2023/04/29/KTLX/KTLX20230429_121807_V06,2023-04-29 12:18:07,2023-04-29 12:23:07
KTLX,s3://unidata-nexrad-level2/2023/04/29/KTLX/KTLX20230429_122508_V06,2023-04-29 12:25:08,2023-04-29 12:30:08
KTLX,s3://unidata-nexrad-level2/2023/04/29/KTLX/KTLX20230429_123210_V06,2023-04-29 12:32:10,2023-04-29 12:37:10
KTLX,s3://unidata-nexrad-level2/2023/04/29/KTLX/KTLX20230429_123912_V06,2023-04-29 12:39:12,2023-04-29 12:44:12
KTLX,s3://unidata-nexrad-level2/2023/04/29/KTLX/KTLX20230429_124613_V06,2023-04-29 12:46:13,2023-04-29 12:51:13
KTLX,s3://unidata-nexrad-level2/2023/04/29/KTLX/KTLX20230429_125315_V06,2023-04-29 12:53:15,2023-04-29 12:58:15
KTLX,s3://unidata-nexrad-level2/2023/04/29/KTLX/KTLX20230429_130017_V06,2023-04-29 13:00:17,2023-04-29 13:05:17
KTLX,s3://unidata-nexrad-level2/2023/04/29/KTLX/KTLX20230429_130719_V06,2023-04-29 13:07:19,2023-04-29 13:12:19
KTLX,s3://unidata-nexrad-level2/2023/04/29/KTLX/KTLX20230429_131421_V06,2023-04-29 13:14:21,2023-04-29 13:19:21
KTLX,s3://unidata-nexrad-level2/2023/04/29/KTLX/KTLX20230429_132107_V06,2023-04-29 13:21:07,2023-04-29 13:26:07
KTLX,s3://unidata-nexrad-level2/2023/04/29/KTLX/KTLX20230429_132750_V06,2023-04-29 13:27:50,2023-04-29 13:32:50
KTLX,s3://unidata-nexrad-level2/2023/04/29/KTLX/KTLX20230429_133452_V06,2023-04-29 13:34:52,2023-04-29 13:39:52
KTLX,s3://unidata-nexrad-level2/2023/04/29/KTLX/KTLX20230429_134155_V06,2023-04-29 13:41:55,2023-04-29 13:46:55
KTLX,s3://unidata-nexrad-level2/2023/04/29/KTLX/KTLX20230429_134850_V06,2023-04-29 13:48:50,2023-04-29 13:53:50
KTLX,s3://unidata-nexrad-level2/2023/04/29/KTLX/KTLX20230429_135552_V06,2023-04-29 13:55:52,2023-04-29 14:00:52
KTLX,s3://unidata-nexrad-level2/2023/04/29/KTLX/KTLX20230429_140254_V06,2023-04-29 14:02:54,2023-04-29 14:07:54
KTLX,s3://unidata-nexrad-level2/2023/04/29/KTLX/KTLX20230429_140956_V06,2023-04-29 14:09:56,2023-04-29 14:14:56
KTLX,s3://unidata-nexrad-level2/2023/04/29/KTLX/KTLX20230429_141648_V06,2023-04-29 14:16:48,2023-04-29 14:21:48
KTLX,s3://unidata-nexrad-level2/2023/04/29/KTLX/KTLX20230429_142349_V06,2023-04-29 14:23:49,2023-04-29 14:28:49
KTLX,s3://unidata-nexrad-level2/2023/04/29/KTLX/KTLX20230429_143051_V06,2023-04-29 14:30:51,2023-04-29 14:35:51
KTLX,s3://unidata-nexrad-level2/2023/04/29/KTLX/KTLX20230429_143738_V06,2023-04-29 14:37:38,2023-04-29 14:42:38
KTLX,s3://unidata-nexrad-level2/2023/04/29/KTLX/KTLX20230429_144440_V06,2023-04-29 14:44:40,2023-04-29 14:49:40
KTLX,s3://unidata-nexrad-level2/2023/04/29/KTLX/KTLX20230429_145130_V06,2023-04-29 14:51:30,2023-04-29 14:56:30
KTLX,s3://unidata-nexrad-level2/2023/04/29/KTLX/KTLX20230429_145818_V06,2023-04-29 14:58:18,2023-04-29 15:03:18
KTLX,s3://unidata-nexrad-level2/2023/04/29/KTLX/KTLX20230429_150514_V06,2023-04-29 15:05:14,2023-04-29 15:10:14
KTLX,s3://unidata-nexrad-level2/2023/04/29/KTLX/KTLX20230429_151205_V06,2023-04-29 15:12:05,2023-04-29 15:17:05
KTLX,s3://unidata-nexrad-level2/2023/04/29/KTLX/KTLX20230429_151901_V06,2023-04-29 15:19:01,2023-04-29 15:24:01
KTLX,s3://unidata-nexrad-level2/2023/04/29/KTLX/KTLX20230429_152553_V06,2023-04-29 15:25:53,2023-04-29 15:30:53
KTLX,s3://unidata-nexrad-level2/2023/04/29/KTLX/KTLX20230429_153249_V06,2023-04-29 15:32:49,2023-04-29 15:37:49
KTLX,s3://unidata-nexrad-level2/2023/04/29/KTLX/KTLX20230429_153951_V06,2023-04-29 15:39:51,2023-04-29 15:44:51
KTLX,s3://unidata-nexrad-level2/2023/04/29/KTLX/KTLX20230429_154642_V06,2023-04-29 15:46:42,2023-04-29 15:51:42
KTLX,s3://unidata-nexrad-level2/2023/04/29/KTLX/KTLX20230429_155332_V06,2023-04-29 15:53:32,2023-04-29 15:58:32
KTLX,s3://unidata-nexrad-level2/2023/04/29/KTLX/KTLX20230429_160028_V06,2023-04-29 16:00:28,2023-04-29 16:05:28
KTLX,s3://unidata-nexrad-level2/2023/04/29/KTLX/KTLX20230429_160712_V06,2023-04-29 16:07:12,2023-04-29 16:12:12
KTLX,s3://unidata-nexrad-level2/2023/04/29/KTLX/KTLX20230429_161414_V06,2023-04-29 16:14:14,2023-04-29 16:19:14
KTLX,s3://unidata-nexrad-level2/2023/04/29/KTLX/KTLX20230429_162105_V06,2023-04-29 16:21:05,2023-04-29 16:26:05
KTLX,s3://unidata-nexrad-level2/2023/04/29/KTLX/KTLX20230429_162748_V06,2023-04-29 16:27:48,2023-04-29 16:32:48
KTLX,s3://unidata-nexrad-level2/2023/04/29/KTLX/KTLX20230429_163444_V06,2023-04-29 16:34:44,2023-04-29 16:39:44
KTLX,s3://unidata-nexrad-level2/2023/04/29/KTLX/KTLX20230429_164146_V06,2023-04-29 16:41:46,2023-04-29 16:46:46
KTLX,s3://unidata-nexrad-level2/2023/04/29/KTLX/KTLX20230429_164841_V06,2023-04-29 16:48:41,2023-04-29 16:53:41
KTLX,s3://unidata-nexrad-level2/2023/04/29/KTLX/KTLX20230429_165544_V06,2023-04-29 16:55:44,2023-04-29 17:00:44
KTLX,s3://unidata-nexrad-level2/2023/04/29/KTLX/KTLX20230429_170247_V06,2023-04-29 17:02:47,2023-04-29 17:07:47
KTLX,s3://unidata-nexrad-level2/2023/04/29/KTLX/KTLX20230429_170950_V06,2023-04-29 17:09:50,2023-04-29 17:14:50
KTLX,s3://unidata-nexrad-level2/2023/04/29/KTLX/KTLX20230429_171652_V06,2023-04-29 17:16:52,2023-04-29 17:21:52
KTLX,s3://unidata-nexrad-level2/2023/04/29/KTLX/KTLX20230429_172354_V06,2023-04-29 17:23:54,2023-04-29 17:28:54
KTLX,s3://unidata-nexrad-level2/2023/04/29/KTLX/KTLX20230429_173056_V06,2023-04-29 17:30:56,2023-04-29 17:35:56
KTLX,s3://unidata-nexrad-level2/2023/04/29/KTLX/KTLX20230429_173759_V06,2023-04-29 17:37:59,2023-04-29 17:42:59
KTLX,s3://unidata-nexrad-level2/2023/04/29/KTLX/KTLX20230429_174501_V06,2023-04-29 17:45:01,2023-04-29 17:50:01
KTLX,s3://unidata-nexrad-level2/2023/04/29/KTLX/KTLX20230429_175204_V06,2023-04-29 17:52:04,2023-04-29 17:57:04
KTLX,s3://unidata-nexrad-level2/2023/04/29/KTLX/KTLX20230429_175900_V06,2023-04-29 17:59:00,2023-04-29 18:04:00
KTLX,s3://unidata-nexrad-level2/2023/04/29/KTLX/KTLX20230429_180556_V06,2023-04-29 18:05:56,2023-04-29 18:10:56
KTLX,s3://unidata-nexrad-level2/2023/04/29/KTLX/KTLX20230429_181259_V06,2023-04-29 18:12:59,2023-04-29 18:17:59
KTLX,s3://unidata-nexrad-level2/2023/04/29/KTLX/KTLX20230429_181945_V06,2023-04-29 18:19:45,2023-04-29 18:24:45
KTLX,s3://unidata-nexrad-level2/2023/04/29/KTLX/KTLX20230429_182647_V06,2023-04-29 18:26:47,2023-04-29 18:31:47
KTLX,s3://unidata-nexrad-level2/2023/04/29/KTLX/KTLX20230429_183343_V06,2023-04-29 18:33:43,2023-04-29 18:38:43
KTLX,s3://unidata-nexrad-level2/2023/04/29/KTLX/KTLX20230429_184039_V06,2023-04-29 18:40:39,2023-04-29 18:45:39
KTLX,s3://unidata-nexrad-level2/2023/04/29/KTLX/KTLX20230429_184741_V06,2023-04-29 18:47:41,2023-04-29 18:52:41
KTLX,s3://unidata-nexrad-level2/2023/04/29/KTLX/KTLX20230429_185444_V06,2023-04-29 18:54:44,2023-04-29 18:59:44
KTLX,s3://unidata-nexrad-level2/2023/04/29/KTLX/KTLX20230429_190135_V06,2023-04-29 19:01:35,2023-04-29 19:06:35
KTLX,s3://unidata-nexrad-level2/2023/04/29/KTLX/KTLX20230429_190837_V06,2023-04-29 19:08:37,2023-04-29 19:13:37
KTLX,s3://unidata-nexrad-level2/2023/04/29/KTLX/KTLX20230429_191539_V06,2023-04-29 19:15:39,2023-04-29 19:20:39
KTLX,s3://unidata-nexrad-level2/2023/04/29/KTLX/KTLX20230429_192240_V06,2023-04-29 19:22:40,2023-04-29 19:27:40
KTLX,s3://unidata-nexrad-level2/2023/04/29/KTLX/KTLX20230429_192942_V06,2023-04-29 19:29:42,2023-04-29 19:34:42
KTLX,s3://unidata-nexrad-level2/2023/04/29/KTLX/KTLX20230429_193639_V06,2023-04-29 19:36:39,2023-04-29 19:41:39
KTLX,s3://unidata-nexrad-level2/2023/04/29/KTLX/KTLX20230429_194334_V06,2023-04-29 19:43:34,2023-04-29 19:48:34
KTLX,s3://unidata-nexrad-level2/2023/04/29/KTLX/KTLX20230429_195032_V06,2023-04-29 19:50:32,2023-04-29 19:55:32
KTLX,s3://unidata-nexrad-level2/2023/04/29/KTLX/KTLX20230429_195730_V06,2023-04-29 19:57:30,2023-04-29 20:02:30
KTLX,s3://unidata-nexrad-level2/2023/04/29/KTLX/KTLX20230429_200427_V06,2023-04-29 20:04:27,2023-04-29 20:09:27
KTLX,s3://unidata-nexrad-level2/2023/04/29/KTLX/KTLX20230429_201234_V06,2023-04-29 20:12:34,2023-04-29 20:17:34
KTLX,s3://unidata-nexrad-level2/2023/04/29/KTLX/KTLX20230429_201936_V06,2023-04-29 20:19:36,2023-04-29 20:24:36
KTLX,s3://unidata-nexrad-level2/2023/04/29/KTLX/KTLX20230429_202638_V06,2023-04-29 20:26:38,2023-04-29 20:31:38
KTLX,s3://unidata-nexrad-level2/2023/04/29/KTLX/KTLX20230429_203326_V06,2023-04-29 20:33:26,2023-04-29 20:38:26
KTLX,s3://unidata-nexrad-level2/2023/04/29/KTLX/KTLX20230429_204021_V06,2023-04-29 20:40:21,2023-04-29 20:45:21
KTLX,s3://unidata-nexrad-level2/2023/04/29/KTLX/KTLX20230429_204717_V06,2023-04-29 20:47:17,2023-04-29 20:52:17
KTLX,s3://unidata-nexrad-level2/2023/04/29/KTLX/KTLX20230429_205419_V06,2023-04-29 20:54:19,2023-04-29 20:59:19
KTLX,s3://unidata-nexrad-level2/2023/04/29/KTLX/KTLX20230429_210121_V06,2023-04-29 21:01:21,2023-04-29 21:06:21
KTLX,s3://unidata-nexrad-level2/2023/04/29/KTLX/KTLX20230429_210824_V06,2023-04-29 21:08:24,2023-04-29 21:13:24
KTLX,s3://unidata-nexrad-level2/2023/04/29/KTLX/KTLX20230429_211519_V06,2023-04-29 21:15:19,2023-04-29 21:20:19
KTLX,s3://unidata-nexrad-level2/2023/04/29/KTLX/KTLX20230429_212216_V06,2023-04-29 21:22:16,2023-04-29 21:27:16
KTLX,s3://unidata-nexrad-level2/2023/04/29/KTLX/KTLX20230429_212918_V06,2023-04-29 21:29:18,2023-04-29 21:34:18
KTLX,s3://unidata-nexrad-level2/2023/04/29/KTLX/KTLX20230429_213615_V06,2023-04-29 21:36:15,2023-04-29 21:41:15
KTLX,s3://unidata-nexrad-level2/2023/04/29/KTLX/KTLX20230429_214306_V06,2023-04-29 21:43:06,2023-04-29 21:48:06
KTLX,s3://unidata-nexrad-level2/2023/04/29/KTLX/KTLX20230429_215002_V06,2023-04-29 21:50:02,2023-04-29 21:55:02
KTLX,s3://unidata-nexrad-level2/2023/04/29/KTLX/KTLX20230429_215658_V06,2023-04-29 21:56:58,2023-04-29 22:01:58
KTLX,s3://unidata-nexrad-level2/2023/04/29/KTLX/KTLX20230429_220401_V06,2023-04-29 22:04:01,2023-04-29 22:09:01
KTLX,s3://unidata-nexrad-level2/2023/04/29/KTLX/KTLX20230429_221102_V06,2023-04-29 22:11:02,2023-04-29 22:16:02
KTLX,s3://unidata-nexrad-level2/2023/04/29/KTLX/KTLX20230429_221804_V06,2023-04-29 22:18:04,2023-04-29 22:23:04
KTLX,s3://unidata-nexrad-level2/2023/04/29/KTLX/KTLX20230429_222507_V06,2023-04-29 22:25:07,2023-04-29 22:30:07
KTLX,s3://unidata-nexrad-level2/2023/04/29/KTLX/KTLX20230429_223209_V06,2023-04-29 22:32:09,2023-04-29 22:37:09
KTLX,s3://unidata-nexrad-level2/2023/04/29/KTLX/KTLX20230429_223850_V06,2023-04-29 22:38:50,2023-04-29 22:43:50
KTLX,s3://unidata-nexrad-level2/2023/04/29/KTLX/KTLX20230429_224551_V06,2023-04-29 22:45:51,2023-04-29 22:50:51
KTLX,s3://unidata-nexrad-level2/2023/04/29/KTLX/KTLX20230429_225234_V06,2023-04-29 22:52:34,2023-04-29 22:57:34
KTLX,s3://unidata-nexrad-level2/2023/04/29/KTLX/KTLX20230429_225917_V06,2023-04-29 22:59:17,2023-04-29 23:04:17
KTLX,s3://unidata-nexrad-level2/2023/04/29/KTLX/KTLX20230429_230559_V06,2023-04-29 23:05:59,2023-04-29 23:10:59
KTLX,s3://unidata-nexrad-level2/2023/04/29/KTLX/KTLX20230429_231246_V06,2023-04-29 23:12:46,2023-04-29 23:17:46
KTLX,s3://unidata-nexrad-level2/2023/04/29/KTLX/KTLX20230429_231929_V06,2023-04-29 23:19:29,2023-04-29 23:24:29
KTLX,s3://unidata-nexrad-level2/2023/04/29/KTLX/KTLX20230429_232616_V06,2023-04-29 23:26:16,2023-04-29 23:31:16
KTLX,s3://unidata-nexrad-level2/2023/04/29/KTLX/KTLX20230429_233319_V06,2023-04-29 23:33:19,2023-04-29 23:38:19
KTLX,s3://unidata-nexrad-level2/2023/04/29/KTLX/KTLX20230429_234020_V06,2023-04-29 23:40:20,2023-04-29 23:45:20
KTLX,s3://unidata-nexrad-level2/2023/04/29/KTLX/KTLX20230429_234722_V06,2023-04-29 23:47:22,2023-04-29 23:52:22
KTLX,s3://unidata-nexrad-level2/2023/04/29/KTLX/KTLX20230429_235404_V06,2023-04-29 23:54:04,2023-04-29 23:59:04
KTLX,s3://unidata-nexrad-level2/2023/04/30/KTLX/KTLX20230430_000046_V06,2023-04-30 00:00:46,2023-04-30 00:05:46
KTLX,s3://unidata-nexrad-level2/2023/04/30/KTLX/KTLX20230430_000728_V06,2023-04-30 00:07:28,2023-04-30 00:12:28
KTLX,s3://unidata-nexrad-level2/2023/04/30/KTLX/KTLX20230430_001410_V06,2023-04-30 00:14:10,2023-04-30 00:19:10
KTLX,s3://unidata-nexrad-level2/2023/04/30/KTLX/KTLX20230430_002057_V06,2023-04-30 00:20:57,2023-04-30 00:25:57
KTLX,s3://unidata-nexrad-level2/2023/04/30/KTLX/KTLX20230430_002739_V06,2023-04-30 00:27:39,2023-04-30 00:32:39
KTLX,s3://unidata-nexrad-level2/2023/04/30/KTLX/KTLX20230430_003422_V06,2023-04-30 00:34:22,2023-04-30 00:39:22
KTLX,s3://unidata-nexrad-level2/2023/04/30/KTLX/KTLX20230430_004123_V06,2023-04-30 00:41:23,2023-04-30 00:46:23
KTLX,s3://unidata-nexrad-level2/2023/04/30/KTLX/KTLX20230430_004826_V06,2023-04-30 00:48:26,2023-04-30 00:53:26
KTLX,s3://unidata-nexrad-level2/2023/04/30/KTLX/KTLX20230430_005508_V06,2023-04-30 00:55:08,2023-04-30 01:00:08
KTLX,s3://unidata-nexrad-level2/2023/04/30/KTLX/KTLX20230430_010159_V06,2023-04-30 01:01:59,2023-04-30 01:06:59
KTLX,s3://unidata-nexrad-level2/2023/04/30/KTLX/KTLX20230430_010855_V06,2023-04-30 01:08:55,2023-04-30 01:13:55
KTLX,s3://unidata-nexrad-level2/2023/04/30/KTLX/KTLX20230430_011545_V06,2023-04-30 01:15:45,2023-04-30 01:20:45
KTLX,s3://unidata-nexrad-level2/2023/04/30/KTLX/KTLX20230430_012236_V06,2023-04-30 01:22:36,2023-04-30 01:27:36
KTLX,s3://unidata-nexrad-level2/2023/04/30/KTLX/KTLX20230430_012938_V06,2023-04-30 01:29:38,2023-04-30 01:34:38
KTLX,s3://unidata-nexrad-level2/2023/04/30/KTLX/KTLX20230430_013634_V06,2023-04-30 01:36:34,2023-04-30 01:41:34
KTLX,s3://unidata-nexrad-level2/2023/04/30/KTLX/KTLX20230430_014336_V06,2023-04-30 01:43:36,2023-04-30 01:48:36
KTLX,s3://unidata-nexrad-level2/2023/04/30/KTLX/KTLX20230430_015038_V06,2023-04-30 01:50:38,2023-04-30 01:55:38
KTLX,s3://unidata-nexrad-level2/2023/04/30/KTLX/KTLX20230430_015740_V06,2023-04-30 01:57:40,2023-04-30 02:02:40
KTLX,s3://unidata-nexrad-level2/2023/04/30/KTLX/KTLX20230430_020441_V06,2023-04-30 02:04:41,2023-04-30 02:09:41
KTLX,s3://unidata-nexrad-level2/2023/04/30/KTLX/KTLX20230430_021141_V06,2023-04-30 02:11:41,2023-04-30 02:16:41
KTLX,s3://unidata-nexrad-level2/2023/04/30/KTLX/KTLX20230430_021844_V06,2023-04-30 02:18:44,2023-04-30 02:23:44
KTLX,s3://unidata-nexrad-level2/2023/04/30/KTLX/KTLX20230430_022545_V06,2023-04-30 02:25:45,2023-04-30 02:30:45
KTLX,s3://unidata-nexrad-level2/2023/04/30/KTLX/KTLX20230430_023247_V06,2023-04-30 02:32:47,2023-04-30 02:37:47
KTLX,s3://unidata-nexrad-level2/2023/04/30/KTLX/KTLX20230430_023948_V06,2023-04-30 02:39:48,2023-04-30 02:44:48
KTLX,s3://unidata-nexrad-level2/2023/04/30/KTLX/KTLX20230430_024650_V06,2023-04-30 02:46:50,2023-04-30 02:51:50
KTLX,s3://unidata-nexrad-level2/2023/04/30/KTLX/KTLX20230430_025351_V06,2023-04-30 02:53:51,2023-04-30 02:58:51
KTLX,s3://unidata-nexrad-level2/2023/04/30/KTLX/KTLX20230430_030052_V06,2023-04-30 03:00:52,2023-04-30 03:05:52
KTLX,s3://unidata-nexrad-level2/2023/04/30/KTLX/KTLX20230430_030752_V06,2023-04-30 03:07:52,2023-04-30 03:12:52
KTLX,s3://unidata-nexrad-level2/2023/04/30/KTLX/KTLX20230430_031453_V06,2023-04-30 03:14:53,2023-04-30 03:19:53
KTLX,s3://unidata-nexrad-level2/2023/04/30/KTLX/KTLX20230430_032155_V06,2023-04-30 03:21:55,2023-04-30 03:26:55
KTLX,s3://unidata-nexrad-level2/2023/04/30/KTLX/KTLX20230430_032857_V06,2023-04-30 03:28:57,2023-04-30 03:33:57
KTLX,s3://unidata-nexrad-level2/2023/04/30/KTLX/KTLX20230430_033557_V06,2023-04-30 03:35:57,2023-04-30 03:40:57
KTLX,s3://unidata-nexrad-level2/2023/04/30/KTLX/KTLX20230430_034258_V06,2023-04-30 03:42:58,2023-04-30 03:47:58
KTLX,s3://unidata-nexrad-level2/2023/04/30/KTLX/KTLX20230430_035000_V06,2023-04-30 03:50:00,2023-04-30 03:55:00
KTLX,s3://unidata-nexrad-level2/2023/04/30/KTLX/KTLX20230430_035702_V06,2023-04-30 03:57:02,2023-04-30 04:02:02
KTLX,s3://unidata-nexrad-level2/2023/04/30/KTLX/KTLX20230430_040402_V06,2023-04-30 04:04:02,2023-04-30 04:09:02
KTLX,s3://unidata-nexrad-level2/2023/04/30/KTLX/KTLX20230430_041104_V06,2023-04-30 04:11:04,2023-04-30 04:16:04
KTLX,s3://unidata-nexrad-level2/2023/04/30/KTLX/KTLX20230430_041915_V06,2023-04-30 04:19:15,2023-04-30 04:24:15
KTLX,s3://unidata-nexrad-level2/2023/04/30/KTLX/KTLX20230430_042617_V06,2023-04-30 04:26:17,2023-04-30 04:31:17
KTLX,s3://unidata-nexrad-level2/2023/04/30/KTLX/KTLX20230430_043319_V06,2023-04-30 04:33:19,2023-04-30 04:38:19
KTLX,s3://unidata-nexrad-level2/2023/04/30/KTLX/KTLX20230430_044019_V06,2023-04-30 04:40:19,2023-04-30 04:45:19
KTLX,s3://unidata-nexrad-level2/2023/04/30/KTLX/KTLX20230430_044721_V06,2023-04-30 04:47:21,2023-04-30 04:52:21
KTLX,s3://unidata-nexrad-level2/2023/04/30/KTLX/KTLX20230430_045423_V06,2023-04-30 04:54:23,2023-04-30 04:59:23
KTLX,s3://unidata-nexrad-level2/2023/04/30/KTLX/KTLX20230430_050124_V06,2023-04-30 05:01:24,2023-04-30 05:06:24
KTLX,s3://unidata-nexrad-level2/2023/04/30/KTLX/KTLX20230430_050824_V06,2023-04-30 05:08:24,2023-04-30 05:13:24
KTLX,s3://unidata-nexrad-level2/2023/04/30/KTLX/KTLX20230430_051525_V06,2023-04-30 05:15:25,2023-04-30 05:20:25
KTLX,s3://unidata-nexrad-level2/2023/04/30/KTLX/KTLX20230430_052226_V06,2023-04-30 05:22:26,2023-04-30 05:27:26
KTLX,s3://unidata-nexrad-level2/2023/04/30/KTLX/KTLX20230430_052927_V06,2023-04-30 05:29:27,2023-04-30 05:34:27
KTLX,s3://unidata-nexrad-level2/2023/04/30/KTLX/KTLX20230430_053628_V06,2023-04-30 05:36:28,2023-04-30 05:41:28
KTLX,s3://unidata-nexrad-level2/2023/04/30/KTLX/KTLX20230430_054329_V06,2023-04-30 05:43:29,2023-04-30 05:48:29
KTLX,s3://unidata-nexrad-level2/2023/04/30/KTLX/KTLX20230430_055031_V06,2023-04-30 05:50:31,2023-04-30 05:55:31
KTLX,s3://unidata-nexrad-level2/2023/04/30/KTLX/KTLX20230430_055733_V06,2023-04-30 05:57:33,2023-04-30 06:02:33
KTLX,s3://unidata-nexrad-level2/2023/04/30/KTLX/KTLX20230430_060434_V06,2023-04-30 06:04:34,2023-04-30 06:09:34
KTLX,s3://unidata-nexrad-level2/2023/04/30/KTLX/KTLX20230430_061133_V06,2023-04-30 06:11:33,2023-04-30 06:14:57
KTLX,s3://unidata-nexrad-level2/2023/04/30/KTLX/KTLX20230430_061457_V06,2023-04-30 06:14:57,2023-04-30 06:18:35
KTLX,s3://unidata-nexrad-level2/2023/04/30/KTLX/KTLX20230430_061835_V06,2023-04-30 06:18:35,2023-04-30 06:23:35
KTLX,s3://unidata-nexrad-level2/2023/04/30/KTLX/KTLX20230430_062530_V06,2023-04-30 06:25:30,2023-04-30 06:30:30
KTLX,s3://unidata-nexrad-level2/2023/04/30/KTLX/KTLX20230430_063231_V06,2023-04-30 06:32:31,2023-04-30 06:37:31
KTLX,s3://unidata-nexrad-level2/2023/04/30/KTLX/KTLX20230430_063932_V06,2023-04-30 06:39:32,2023-04-30 06:44:32
KTLX,s3://unidata-nexrad-level2/2023/04/30/KTLX/KTLX20230430_064633_V06,2023-04-30 06:46:33,2023-04-30 06:51:33
KTLX,s3://unidata-nexrad-level2/2023/04/30/KTLX/KTLX20230430_065334_V06,2023-04-30 06:53:34,2023-04-30 06:58:34
KTLX,s3://unidata-nexrad-level2/2023/04/30/KTLX/KTLX20230430_070036_V06,2023-04-30 07:00:36,2023-04-30 07:05:36
KTLX,s3://unidata-nexrad-level2/2023/04/30/KTLX/KTLX20230430_070737_V06,2023-04-30 07:07:37,2023-04-30 07:12:37
KTLX,s3://unidata-nexrad-level2/2023/04/30/KTLX/KTLX20230430_071439_V06,2023-04-30 07:14:39,2023-04-30 07:19:39
KTLX,s3://unidata-nexrad-level2/2023/04/30/KTLX/KTLX20230430_072140_V06,2023-04-30 07:21:40,2023-04-30 07:26:40
KTLX,s3://unidata-nexrad-level2/2023/04/30/KTLX/KTLX20230430_072841_V06,2023-04-30 07:28:41,2023-04-30 07:33:41
KTLX,s3://unidata-nexrad-level2/2023/04/30/KTLX/KTLX20230430_073542_V06,2023-04-30 07:35:42,2023-04-30 07:40:42
KTLX,s3://unidata-nexrad-level2/2023/04/30/KTLX/KTLX20230430_074243_V06,2023-04-30 07:42:43,2023-04-30 07:47:43
KTLX,s3://unidata-nexrad-level2/2023/04/30/KTLX/KTLX20230430_074945_V06,2023-04-30 07:49:45,2023-04-30 07:54:45
KTLX,s3://unidata-nexrad-level2/2023/04/30/KTLX/KTLX20230430_075645_V06,2023-04-30 07:56:45,2023-04-30 08:01:45
KTLX,s3://unidata-nexrad-level2/2023/04/30/KTLX/KTLX20230430_080347_V06,2023-04-30 08:03:47,2023-04-30 08:08:47
KTLX,s3://unidata-nexrad-level2/2023/04/30/KTLX/KTLX20230430_081048_V06,2023-04-30 08:10:48,2023-04-30 08:15:48
KTLX,s3://unidata-nexrad-level2/2023/04/30/KTLX/KTLX20230430_081749_V06,2023-04-30 08:17:49,2023-04-30 08:22:49
KTLX,s3://unidata-nexrad-level2/2023/04/30/KTLX/KTLX20230430_082450_V06,2023-04-30 08:24:50,2023-04-30 08:29:50
KTLX,s3://unidata-nexrad-level2/2023/04/30/KTLX/KTLX20230430_083151_V06,2023-04-30 08:31:51,2023-04-30 08:36:51
KTLX,s3://unidata-nexrad-level2/2023/04/30/KTLX/KTLX20230430_083852_V06,2023-04-30 08:38:52,2023-04-30 08:43:52
KTLX,s3://unidata-nexrad-level2/2023/04/30/KTLX/KTLX20230430_084554_V06,2023-04-30 08:45:54,2023-04-30 08:50:54
KTLX,s3://unidata-nexrad-level2/2023/04/30/KTLX/KTLX20230430_085255_V06,2023-04-30 08:52:55,2023-04-30 08:57:55
KTLX,s3://unidata-nexrad-level2/2023/04/30/KTLX/KTLX20230430_085958_V06,2023-04-30 08:59:58,2023-04-30 09:04:58
KTLX,s3://unidata-nexrad-level2/2023/04/30/KTLX/KTLX20230430_090659_V06,2023-04-30 09:06:59,2023-04-30 09:11:59
KTLX,s3://unidata-nexrad-level2/2023/04/30/KTLX/KTLX20230430_091400_V06,2023-04-30 09:14:00,2023-04-30 09:19:00
KTLX,s3://unidata-nexrad-level2/2023/04/30/KTLX/KTLX20230430_092101_V06,2023-04-30 09:21:01,2023-04-30 09:26:01
KTLX,s3://unidata-nexrad-level2/2023/04/30/KTLX/KTLX20230430_092802_V06,2023-04-30 09:28:02,2023-04-30 09:33:02
KTLX,s3://unidata-nexrad-level2/2023/04/30/KTLX/KTLX20230430_093503_V06,2023-04-30 09:35:03,2023-04-30 09:40:03
KTLX,s3://unidata-nexrad-level2/2023/04/30/KTLX/KTLX20230430_094204_V06,2023-04-30 09:42:04,2023-04-30 09:47:04
KTLX,s3://unidata-nexrad-level2/2023/04/30/KTLX/KTLX20230430_094906_V06,2023-04-30 09:49:06,2023-04-30 09:54:06
KTLX,s3://unidata-nexrad-level2/2023/04/30/KTLX/KTLX20230430_095606_V06,2023-04-30 09:56:06,2023-04-30 10:01:06
KTLX,s3://unidata-nexrad-level2/2023/04/30/KTLX/KTLX20230430_100307_V06,2023-04-30 10:03:07,2023-04-30 10:08:07
KTLX,s3://unidata-nexrad-level2/2023/04/30/KTLX/KTLX20230430_101008_V06,2023-04-30 10:10:08,2023-04-30 10:15:08
KTLX,s3://unidata-nexrad-level2/2023/04/30/KTLX/KTLX20230430_101709_V06,2023-04-30 10:17:09,2023-04-30 10:22:09
KTLX,s3://unidata-nexrad-level2/2023/04/30/KTLX/KTLX20230430_102411_V06,2023-04-30 10:24:11,2023-04-30 10:29:11
KTLX,s3://unidata-nexrad-level2/2023/04/30/KTLX/KTLX20230430_103111_V06,2023-04-30 10:31:11,2023-04-30 10:36:11
KTLX,s3://unidata-nexrad-level2/2023/04/30/KTLX/KTLX20230430_103812_V06,2023-04-30 10:38:12,2023-04-30 10:43:12
KTLX,s3://unidata-nexrad-level2/2023/04/30/KTLX/KTLX20230430_104514_V06,2023-04-30 10:45:14,2023-04-30 10:50:14
KTLX,s3://unidata-nexrad-level2/2023/04/30/KTLX/KTLX20230430_105215_V06,2023-04-30 10:52:15,2023-04-30 10:57:15
KTLX,s3://unidata-nexrad-level2/2023/04/30/KTLX/KTLX20230430_105916_V06,2023-04-30 10:59:16,2023-04-30 11:04:16
KTLX,s3://unidata-nexrad-level2/2023/04/30/KTLX/KTLX20230430_110617_V06,2023-04-30 11:06:17,2023-04-30 11:11:17
KTLX,s3://unidata-nexrad-level2/2023/04/30/KTLX/KTLX20230430_111318_V06,2023-04-30 11:13:18,2023-04-30 11:18:18
KTLX,s3://unidata-nexrad-level2/2023/04/30/KTLX/KTLX20230430_112019_V06,2023-04-30 11:20:19,2023-04-30 11:25:19
KTLX,s3://unidata-nexrad-level2/2023/04/30/KTLX/KTLX20230430_112719_V06,2023-04-30 11:27:19,2023-04-30 11:32:19
KTLX,s3://unidata-nexrad-level2/2023/04/30/KTLX/KTLX20230430_113421_V06,2023-04-30 11:34:21,2023-04-30 11:39:21
KTLX,s3://unidata-nexrad-level2/2023/04/30/KTLX/KTLX20230430_114123_V06,2023-04-30 11:41:23,2023-04-30 11:46:23
KTLX,s3://unidata-nexrad-level2/2023/04/30/KTLX/KTLX20230430_114825_V06,2023-04-30 11:48:25,2023-04-30 11:53:25
KTLX,s3://unidata-nexrad-level2/2023/04/30/KTLX/KTLX20230430_115527_V06,2023-04-30 11:55:27,2023-04-30 12:00:27
KTLX,s3://unidata-nexrad-level2/2023/04/30/KTLX/KTLX20230430_120228_V06,2023-04-30 12:02:28,2023-04-30 12:07:28
KTLX,s3://unidata-nexrad-level2/2023/04/30/KTLX/KTLX20230430_120929_V06,2023-04-30 12:09:29,2023-04-30 12:14:29
KTLX,s3://unidata-nexrad-level2/2023/04/30/KTLX/KTLX20230430_121630_V06,2023-04-30 12:16:30,2023-04-30 12:21:30
KTLX,s3://unidata-nexrad-level2/2023/04/30/KTLX/KTLX20230430_122445_V06,2023-04-30 12:24:45,2023-04-30 12:29:45
KTLX,s3://unidata-nexrad-level2/2023/04/30/KTLX/KTLX20230430_123146_V06,2023-04-30 12:31:46,2023-04-30 12:36:46
KTLX,s3://unidata-nexrad-level2/2023/04/30/KTLX/KTLX20230430_123847_V06,2023-04-30 12:38:47,2023-04-30 12:43:47
KTLX,s3://unidata-nexrad-level2/2023/04/30/KTLX/KTLX20230430_124548_V06,2023-04-30 12:45:48,2023-04-30 12:50:48
KTLX,s3://unidata-nexrad-level2/2023/04/30/KTLX/KTLX20230430_125250_V06,2023-04-30 12:52:50,2023-04-30 12:57:50
KTLX,s3://unidata-nexrad-level2/2023/04/30/KTLX/KTLX20230430_125951_V06,2023-04-30 12:59:51,2023-04-30 13:04:51
KTLX,s3://unidata-nexrad-level2/2023/04/30/KTLX/KTLX20230430_130652_V06,2023-04-30 13:06:52,2023-04-30 13:11:52
KTLX,s3://unidata-nexrad-level2/2023/04/30/KTLX/KTLX20230430_131353_V06,2023-04-30 13:13:53,2023-04-30 13:18:53
KTLX,s3://unidata-nexrad-level2/2023/04/30/KTLX/KTLX20230430_132053_V06,2023-04-30 13:20:53,2023-04-30 13:25:53
KTLX,s3://unidata-nexrad-level2/2023/04/30/KTLX/KTLX20230430_132754_V06,2023-04-30 13:27:54,2023-04-30 13:32:54
KTLX,s3://unidata-nexrad-level2/2023/04/30/KTLX/KTLX20230430_133445_V06,2023-04-30 13:34:45,2023-04-30 13:39:45
KTLX,s3://unidata-nexrad-level2/2023/04/30/KTLX/KTLX20230430_134146_V06,2023-04-30 13:41:46,2023-04-30 13:46:46
KTLX,s3://unidata-nexrad-level2/2023/04/30/KTLX/KTLX20230430_134828_V06,2023-04-30 13:48:28,2023-04-30 13:53:28
KTLX,s3://unidata-nexrad-level2/2023/04/30/KTLX/KTLX20230430_135509_V06,2023-04-30 13:55:09,2023-04-30 14:00:09
KTLX,s3://unidata-nexrad-level2/2023/04/30/KTLX/KTLX20230430_140151_V06,2023-04-30 14:01:51,2023-04-30 14:06:51
KTLX,s3://unidata-nexrad-level2/2023/04/30/KTLX/KTLX20230430_140842_V06,2023-04-30 14:08:42,2023-04-30 14:13:42
KTLX,s3://unidata-nexrad-level2/2023/04/30/KTLX/KTLX20230430_141543_V06,2023-04-30 14:15:43,2023-04-30 14:20:43
KTLX,s3://unidata-nexrad-level2/2023/04/30/KTLX/KTLX20230430_142244_V06,2023-04-30 14:22:44,2023-04-30 14:27:44
KTLX,s3://unidata-nexrad-level2/2023/04/30/KTLX/KTLX20230430_142944_V06,2023-04-30 14:29:44,2023-04-30 14:34:44
KTLX,s3://unidata-nexrad-level2/2023/04/30/KTLX/KTLX20230430_143645_V06,2023-04-30 14:36:45,2023-04-30 14:41:45
KTLX,s3://unidata-nexrad-level2/2023/04/30/KTLX/KTLX20230430_144341_V06,2023-04-30 14:43:41,2023-04-30 14:48:41
KTLX,s3://unidata-nexrad-level2/2023/04/30/KTLX/KTLX20230430_145023_V06,2023-04-30 14:50:23,2023-04-30 14:55:23
KTLX,s3://unidata-nexrad-level2/2023/04/30/KTLX/KTLX20230430_145705_V06,2023-04-30 14:57:05,2023-04-30 15:02:05
KTLX,s3://unidata-nexrad-level2/2023/04/30/KTLX/KTLX20230430_150347_V06,2023-04-30 15:03:47,2023-04-30 15:08:47
KTLX,s3://unidata-nexrad-level2/2023/04/30/KTLX/KTLX20230430_151029_V06,2023-04-30 15:10:29,2023-04-30 15:15:29
KTLX,s3://unidata-nexrad-level2/2023/04/30/KTLX/KTLX20230430_151716_V06,2023-04-30 15:17:16,2023-04-30 15:22:16
KTLX,s3://unidata-nexrad-level2/2023/04/30/KTLX/KTLX20230430_152358_V06,2023-04-30 15:23:58,2023-04-30 15:28:58
KTLX,s3://unidata-nexrad-level2/2023/04/30/KTLX/KTLX20230430_153039_V06,2023-04-30 15:30:39,2023-04-30 15:35:39
KTLX,s3://unidata-nexrad-level2/2023/04/30/KTLX/KTLX20230430_153721_V06,2023-04-30 15:37:21,2023-04-30 15:42:21
KTLX,s3://unidata-nexrad-level2/2023/04/30/KTLX/KTLX20230430_154403_V06,2023-04-30 15:44:03,2023-04-30 15:49:03
KTLX,s3://unidata-nexrad-level2/2023/04/30/KTLX/KTLX20230430_155045_V06,2023-04-30 15:50:45,2023-04-30 15:55:45
KTLX,s3://unidata-nexrad-level2/2023/04/30/KTLX/KTLX20230430_155726_V06,2023-04-30 15:57:26,2023-04-30 16:02:26
KTLX,s3://unidata-nexrad-level2/2023/04/30/KTLX/KTLX20230430_160408_V06,2023-04-30 16:04:08,2023-04-30 16:09:08
KTLX,s3://unidata-nexrad-level2/2023/04/30/KTLX/KTLX20230430_161050_V06,2023-04-30 16:10:50,2023-04-30 16:15:50
KTLX,s3://unidata-nexrad-level2/2023/04/30/KTLX/KTLX20230430_161732_V06,2023-04-30 16:17:32,2023-04-30 16:22:32
KTLX,s3://unidata-nexrad-level2/2023/04/30/KTLX/KTLX20230430_162414_V06,2023-04-30 16:24:14,2023-04-30 16:29:14
KTLX,s3://unidata-nexrad-level2/2023/04/30/KTLX/KTLX20230430_163056_V06,2023-04-30 16:30:56,2023-04-30 16:35:56
KTLX,s3://unidata-nexrad-level2/2023/04/30/KTLX/KTLX20230430_163738_V06,2023-04-30 16:37:38,2023-04-30 16:42:38
KTLX,s3://unidata-nexrad-level2/2023/04/30/KTLX/KTLX20230430_164439_V06,2023-04-30 16:44:39,2023-04-30 16:49:39
KTLX,s3://unidata-nexrad-level2/2023/04/30/KTLX/KTLX20230430_165140_V06,2023-04-30 16:51:40,2023-04-30 16:56:40
KTLX,s3://unidata-nexrad-level2/2023/04/30/KTLX/KTLX20230430_165841_V06,2023-04-30 16:58:41,2023-04-30 17:03:41
KTLX,s3://unidata-nexrad-level2/2023/04/30/KTLX/KTLX20230430_170528_V06,2023-04-30 17:05:28,2023-04-30 17:10:28
KTLX,s3://unidata-nexrad-level2/2023/04/30/KTLX/KTLX20230430_171211_V06,2023-04-30 17:12:11,2023-04-30 17:17:11
KTLX,s3://unidata-nexrad-level2/2023/04/30/KTLX/KTLX20230430_171853_V06,2023-04-30 17:18:53,2023-04-30 17:23:53
KTLX,s3://unidata-nexrad-level2/2023/04/30/KTLX/KTLX20230430_172535_V06,2023-04-30 17:25:35,2023-04-30 17:30:35
KTLX,s3://unidata-nexrad-level2/2023/04/30/KTLX/KTLX20230430_173218_V06,2023-04-30 17:32:18,2023-04-30 17:37:18
KTLX,s3://unidata-nexrad-level2/2023/04/30/KTLX/KTLX20230430_173920_V06,2023-04-30 17:39:20,2023-04-30 17:44:20
KTLX,s3://unidata-nexrad-level2/2023/04/30/KTLX/KTLX20230430_174622_V06,2023-04-30 17:46:22,2023-04-30 17:51:22
KTLX,s3://unidata-nexrad-level2/2023/04/30/KTLX/KTLX20230430_175322_V06,2023-04-30 17:53:22,2023-04-30 17:58:22
KTLX,s3://unidata-nexrad-level2/2023/04/30/KTLX/KTLX20230430_180024_V06,2023-04-30 18:00:24,2023-04-30 18:05:24
KTLX,s3://unidata-nexrad-level2/2023/04/30/KTLX/KTLX20230430_180707_V06,2023-04-30 18:07:07,2023-04-30 18:12:07
KTLX,s3://unidata-nexrad-level2/2023/04/30/KTLX/KTLX20230430_181350_V06,2023-04-30 18:13:50,2023-04-30 18:18:50
KTLX,s3://unidata-nexrad-level2/2023/04/30/KTLX/KTLX20230430_182032_V06,2023-04-30 18:20:32,2023-04-30 18:25:32
KTLX,s3://unidata-nexrad-level2/2023/04/30/KTLX/KTLX20230430_182714_V06,2023-04-30 18:27:14,2023-04-30 18:32:14
KTLX,s3://unidata-nexrad-level2/2023/04/30/KTLX/KTLX20230430_183357_V06,2023-04-30 18:33:57,2023-04-30 18:38:57
KTLX,s3://unidata-nexrad-level2/2023/04/30/KTLX/KTLX20230430_184039_V06,2023-04-30 18:40:39,2023-04-30 18:45:39
KTLX,s3://unidata-nexrad-level2/2023/04/30/KTLX/KTLX20230430_184740_V06,2023-04-30 18:47:40,2023-04-30 18:52:40
KTLX,s3://unidata-nexrad-level2/2023/04/30/KTLX/KTLX20230430_185442_V06,2023-04-30 18:54:42,2023-04-30 18:59:42
KTLX,s3://unidata-nexrad-level2/2023/04/30/KTLX/KTLX20230430_190143_V06,2023-04-30 19:01:43,2023-04-30 19:06:43
KTLX,s3://unidata-nexrad-level2/2023/04/30/KTLX/KTLX20230430_190845_V06,2023-04-30 19:08:45,2023-04-30 19:13:45
KTLX,s3://unidata-nexrad-level2/2023/04/30/KTLX/KTLX20230430_191547_V06,2023-04-30 19:15:47,2023-04-30 19:20:47
KTLX,s3://unidata-nexrad-level2/2023/04/30/KTLX/KTLX20230430_192248_V06,2023-04-30 19:22:48,2023-04-30 19:27:48
KTLX,s3://unidata-nexrad-level2/2023/04/30/KTLX/KTLX20230430_192949_V06,2023-04-30 19:29:49,2023-04-30 19:34:49
KTLX,s3://unidata-nexrad-level2/2023/04/30/KTLX/KTLX20230430_193631_V06,2023-04-30 19:36:31,2023-04-30 19:41:31
KTLX,s3://unidata-nexrad-level2/2023/04/30/KTLX/KTLX20230430_194314_V06,2023-04-30 19:43:14,2023-04-30 19:48:14
KTLX,s3://unidata-nexrad-level2/2023/04/30/KTLX/KTLX20230430_194955_V06,2023-04-30 19:49:55,2023-04-30 19:54:55
KTLX,s3://unidata-nexrad-level2/2023/04/30/KTLX/KTLX20230430_195637_V06,2023-04-30 19:56:37,2023-04-30 20:01:37
KTLX,s3://unidata-nexrad-level2/2023/04/30/KTLX/KTLX20230430_200320_V06,2023-04-30 20:03:20,2023-04-30 20:08:20
KTLX,s3://unidata-nexrad-level2/2023/04/30/KTLX/KTLX20230430_201007_V06,2023-04-30 20:10:07,2023-04-30 20:15:07
KTLX,s3://unidata-nexrad-level2/2023/04/30/KTLX/KTLX20230430_201650_V06,2023-04-30 20:16:50,2023-04-30 20:21:50
KTLX,s3://unidata-nexrad-level2/2023/04/30/KTLX/KTLX20230430_202447_V06,2023-04-30 20:24:47,2023-04-30 20:29:47
KTLX,s3://unidata-nexrad-level2/2023/04/30/KTLX/KTLX20230430_203129_V06,2023-04-30 20:31:29,2023-04-30 20:36:29
KTLX,s3://unidata-nexrad-level2/2023/04/30/KTLX/KTLX20230430_203816_V06,2023-04-30 20:38:16,2023-04-30 20:43:16
KTLX,s3://unidata-nexrad-level2/2023/04/30/KTLX/KTLX20230430_204458_V06,2023-04-30 20:44:58,2023-04-30 20:49:58
KTLX,s3://unidata-nexrad-level2/2023/04/30/KTLX/KTLX20230430_205141_V06,2023-04-30 20:51:41,2023-04-30 20:56:41
KTLX,s3://unidata-nexrad-level2/2023/04/30/KTLX/KTLX20230430_205822_V06,2023-04-30 20:58:22,2023-04-30 21:03:22
KTLX,s3://unidata-nexrad-level2/2023/04/30/KTLX/KTLX20230430_210504_V06,2023-04-30 21:05:04,2023-04-30 21:10:04
KTLX,s3://unidata-nexrad-level2/2023/04/30/KTLX/KTLX20230430_211146_V06,2023-04-30 21:11:46,2023-04-30 21:16:46
KTLX,s3://unidata-nexrad-level2/2023/04/30/KTLX/KTLX20230430_211828_V06,2023-04-30 21:18:28,2023-04-30 21:23:28
KTLX,s3://unidata-nexrad-level2/2023/04/30/KTLX/KTLX20230430_212508_V06,2023-04-30 21:25:08,2023-04-30 21:30:08
KTLX,s3://unidata-nexrad-level2/2023/04/30/KTLX/KTLX20230430_213150_V06,2023-04-30 21:31:50,2023-04-30 21:36:50
KTLX,s3://unidata-nexrad-level2/2023/04/30/KTLX/KTLX20230430_213833_V06,2023-04-30 21:38:33,2023-04-30 21:43:33
KTLX,s3://unidata-nexrad-level2/2023/04/30/KTLX/KTLX20230430_214514_V06,2023-04-30 21:45:14,2023-04-30 21:50:14
KTLX,s3://unidata-nexrad-level2/2023/04/30/KTLX/KTLX20230430_215157_V06,2023-04-30 21:51:57,2023-04-30 21:56:57
KTLX,s3://unidata-nexrad-level2/2023/04/30/KTLX/KTLX20230430_215838_V06,2023-04-30 21:58:38,2023-04-30 22:03:38
KTLX,s3://unidata-nexrad-level2/2023/04/30/KTLX/KTLX20230430_220520_V06,2023-04-30 22:05:20,2023-04-30 22:10:20
KTLX,s3://unidata-nexrad-level2/2023/04/30/KTLX/KTLX20230430_221207_V06,2023-04-30 22:12:07,2023-04-30 22:17:07
KTLX,s3://unidata-nexrad-level2/2023/04/30/KTLX/KTLX20230430_221849_V06,2023-04-30 22:18:49,2023-04-30 22:23:49
KTLX,s3://unidata-nexrad-level2/2023/04/30/KTLX/KTLX20230430_222532_V06,2023-04-30 22:25:32,2023-04-30 22:30:32
KTLX,s3://unidata-nexrad-level2/2023/04/30/KTLX/KTLX20230430_223215_V06,2023-04-30 22:32:15,2023-04-30 22:37:15
KTLX,s3://unidata-nexrad-level2/2023/04/30/KTLX/KTLX20230430_223901_V06,2023-04-30 22:39:01,2023-04-30 22:44:01
KTLX,s3://unidata-nexrad-level2/2023/04/30/KTLX/KTLX20230430_224551_V06,2023-04-30 22:45:51,2023-04-30 22:50:51
KTLX,s3://unidata-nexrad-level2/2023/04/30/KTLX/KTLX20230430_225241_V06,2023-04-30 22:52:41,2023-04-30 22:57:41
KTLX,s3://unidata-nexrad-level2/2023/04/30/KTLX/KTLX20230430_225923_V06,2023-04-30 22:59:23,2023-04-30 23:04:23
KTLX,s3://unidata-nexrad-level2/2023/04/30/KTLX/KTLX20230430_230625_V06,2023-04-30 23:06:25,2023-04-30 23:11:25
KTLX,s3://unidata-nexrad-level2/2023/04/30/KTLX/KTLX20230430_231315_V06,2023-04-30 23:13:15,2023-04-30 23:18:15
KTLX,s3://unidata-nexrad-level2/2023/04/30/KTLX/KTLX20230430_232015_V06,2023-04-30 23:20:15,2023-04-30 23:25:15
KTLX,s3://unidata-nexrad-level2/2023/04/30/KTLX/KTLX20230430_232705_V06,2023-04-30 23:27:05,2023-04-30 23:32:05
KTLX,s3://unidata-nexrad-level2/2023/04/30/KTLX/KTLX20230430_233352_V06,2023-04-30 23:33:52,2023-04-30 23:38:52
KTLX,s3://unidata-nexrad-level2/2023/04/30/KTLX/KTLX20230430_234039_V06,2023-04-30 23:40:39,2023-04-30 23:45:39
KTLX,s3://unidata-nexrad-level2/2023/04/30/KTLX/KTLX20230430_234741_V06,2023-04-30 23:47:41,2023-04-30 23:52:41
KTLX,s3://unidata-nexrad-level2/2023/04/30/KTLX/KTLX20230430_235441_V06,2023-04-30 23:54:41,2023-04-30 23:59:41
